periode_data,tanggal,terminal,jumlah_bus_datang,jumlah_penumpang_datang,jumlah_bus_berangkat,jumlah_penumpang_berangkat
202401,7,MUARA ANGKE,75,1216,75,1245
202401,8,MUARA ANGKE,75,1207,75,1226
202401,9,MUARA ANGKE,75,1225,75,1244
202401,10,MUARA ANGKE,75,1217,75,1231
202401,11,MUARA ANGKE,75,1230,76,1239
202401,12,MUARA ANGKE,75,1223,75,1236
202401,13,MUARA ANGKE,75,1227,75,1241
202401,14,MUARA ANGKE,75,1201,75,1206
202401,15,MUARA ANGKE,75,1184,75,1193
202401,16,MUARA ANGKE,75,1215,75,1234
202401,17,MUARA ANGKE,75,1224,75,1246
202401,18,MUARA ANGKE,75,1242,75,1254
202401,19,MUARA ANGKE,75,1229,75,1237
202401,20,MUARA ANGKE,75,1226,75,1235
202401,21,MUARA ANGKE,75,1228,75,1232
202401,22,MUARA ANGKE,75,1233,75,1247
202401,23,MUARA ANGKE,75,1246,75,1251
202401,24,MUARA ANGKE,75,1236,75,1251
202401,25,MUARA ANGKE,75,1232,75,1243
202401,26,MUARA ANGKE,75,1247,75,1250
202401,27,MUARA ANGKE,75,1247,75,1253
202401,28,MUARA ANGKE,75,1213,75,1221
202401,29,MUARA ANGKE,75,1191,75,1196
202401,30,MUARA ANGKE,75,1209,75,1221
202401,31,MUARA ANGKE,75,1225,75,1236
202401,1,LEBAK BULUS,114,163,114,222
202401,2,LEBAK BULUS,101,130,101,214
202401,3,LEBAK BULUS,110,172,110,217
202402,7,KAMPUNG MELAYU,410,7055,402,6786
202402,8,KAMPUNG MELAYU,407,7563,407,6375
202402,9,KAMPUNG MELAYU,506,8163,506,5814
202402,10,KAMPUNG MELAYU,449,4438,449,7217
202402,11,KAMPUNG MELAYU,336,2252,336,2271
202402,12,KAMPUNG MELAYU,302,2501,296,2941
202402,13,KAMPUNG MELAYU,441,4902,441,5665
202402,14,KAMPUNG MELAYU,461,5905,461,4704
202402,15,KAMPUNG MELAYU,544,3840,544,6963
202402,16,KAMPUNG MELAYU,440,6126,440,6230
202402,17,KAMPUNG MELAYU,501,5616,501,6748
202402,18,KAMPUNG MELAYU,294,2597,294,2072
202402,19,KAMPUNG MELAYU,262,2163,262,2697
202402,20,KAMPUNG MELAYU,429,5222,429,6434
202402,21,KAMPUNG MELAYU,436,5399,436,8385
202402,22,KAMPUNG MELAYU,454,6999,454,7602
202402,23,KAMPUNG MELAYU,429,6129,429,6236
202402,24,KAMPUNG MELAYU,550,6523,550,7014
202402,25,KAMPUNG MELAYU,325,2779,325,3750
202402,26,KAMPUNG MELAYU,273,3182,273,3400
202402,27,KAMPUNG MELAYU,435,7297,438,6672
202402,28,KAMPUNG MELAYU,419,5624,419,5517
202402,29,KAMPUNG MELAYU,351,4873,353,4921
202402,1,SENEN,256,480,256,524
202402,2,SENEN,256,477,256,528
202402,3,SENEN,257,476,257,513
202402,4,SENEN,202,433,202,464
202402,5,SENEN,201,431,201,467
202402,6,SENEN,258,465,258,519
202402,7,SENEN,260,472,260,530
202402,8,SENEN,256,466,256,525
202402,9,SENEN,253,471,253,534
202402,10,SENEN,254,477,254,528
202402,20,KALIDERES,82,264,72,236
202402,21,KALIDERES,79,242,69,214
202402,22,KALIDERES,84,226,74,243
202402,23,KALIDERES,89,251,79,276
202402,24,KALIDERES,96,235,85,309
202402,25,KALIDERES,91,262,81,287
202402,26,KALIDERES,86,308,76,255
202402,27,KALIDERES,83,274,73,228
202402,28,KALIDERES,78,249,68,202
202402,29,KALIDERES,81,223,71,241
202402,1,TANJUNG PRIOK,70,237,60,234
202402,2,TANJUNG PRIOK,73,248,65,273
202402,3,TANJUNG PRIOK,78,239,68,256
202402,4,TANJUNG PRIOK,72,264,62,235
202402,5,TANJUNG PRIOK,69,248,59,230
202402,6,TANJUNG PRIOK,65,232,55,227
202402,7,TANJUNG PRIOK,82,246,72,876
202402,8,TANJUNG PRIOK,75,236,64,371
202402,9,TANJUNG PRIOK,77,246,65,385
202402,10,TANJUNG PRIOK,80,231,70,362
202402,11,TANJUNG PRIOK,87,531,72,241
202402,12,TANJUNG PRIOK,76,428,66,232
202402,13,TANJUNG PRIOK,72,346,62,231
202402,14,TANJUNG PRIOK,60,229,50,225
202402,15,TANJUNG PRIOK,65,235,55,230
202402,16,TANJUNG PRIOK,97,256,76,415
202402,17,TANJUNG PRIOK,120,290,81,300
202402,18,TANJUNG PRIOK,99,252,65,244
202402,19,TANJUNG PRIOK,72,246,59,228
202402,20,TANJUNG PRIOK,76,256,61,259
202402,21,TANJUNG PRIOK,73,229,61,230
202402,22,TANJUNG PRIOK,75,239,66,248
202402,23,TANJUNG PRIOK,82,274,67,335
202402,24,TANJUNG PRIOK,87,236,72,351
202402,25,TANJUNG PRIOK,81,362,65,234
202402,26,TANJUNG PRIOK,70,248,60,232
202402,27,TANJUNG PRIOK,65,231,55,229
202402,28,TANJUNG PRIOK,68,241,57,220
202402,29,TANJUNG PRIOK,70,249,59,241
202402,1,GROGOL,87,29,87,177
202402,2,GROGOL,94,18,94,192
202402,3,GROGOL,97,21,97,196
202402,4,GROGOL,91,27,91,179
202402,5,GROGOL,94,33,94,183
202402,6,GROGOL,98,26,98,192
202402,7,GROGOL,113,21,113,301
202402,8,GROGOL,101,17,101,241
202402,9,GROGOL,105,22,105,215
202402,10,GROGOL,92,18,92,194
202402,11,GROGOL,95,23,95,186
202402,12,GROGOL,99,17,99,197
202402,13,GROGOL,103,11,103,208
202402,14,GROGOL,63,7,63,128
202402,15,GROGOL,84,13,84,137
202402,16,GROGOL,98,18,98,197
202402,17,GROGOL,94,15,94,188
202402,18,GROGOL,78,21,78,167
202402,19,GROGOL,88,27,88,186
202402,20,GROGOL,82,21,82,167
202402,21,GROGOL,91,24,91,186
202402,22,GROGOL,97,19,97,193
202402,23,GROGOL,104,15,104,214
202402,24,GROGOL,98,11,98,197
202402,25,GROGOL,91,16,91,182
202402,26,GROGOL,95,25,95,176
202402,27,GROGOL,98,21,98,182
202402,28,GROGOL,92,18,92,176
202402,29,GROGOL,97,13,97,187
202402,1,MUARA ANGKE,5,41,5,45
202402,2,MUARA ANGKE,5,46,5,49
202402,3,MUARA ANGKE,5,43,5,50
202402,4,MUARA ANGKE,5,25,5,30
202402,5,MUARA ANGKE,5,27,5,31
202402,6,MUARA ANGKE,5,30,5,32
202402,7,MUARA ANGKE,5,32,5,36
202402,8,MUARA ANGKE,5,37,5,43
202402,9,MUARA ANGKE,5,35,5,45
202402,10,MUARA ANGKE,5,32,5,41
202402,11,MUARA ANGKE,5,29,5,35
202402,12,MUARA ANGKE,5,30,5,36
202402,13,MUARA ANGKE,5,40,5,45
202402,14,MUARA ANGKE,5,27,5,37
202402,15,MUARA ANGKE,5,31,5,39
202402,16,MUARA ANGKE,5,34,5,42
202402,17,MUARA ANGKE,5,36,5,48
202402,18,MUARA ANGKE,5,37,5,50
202402,19,MUARA ANGKE,5,34,5,47
202402,20,MUARA ANGKE,5,36,5,42
202402,21,MUARA ANGKE,5,34,5,43
202402,22,MUARA ANGKE,5,40,5,48
202402,23,MUARA ANGKE,5,38,5,45
202402,24,MUARA ANGKE,5,41,5,51
202402,25,MUARA ANGKE,5,39,5,48
202402,26,MUARA ANGKE,5,41,5,49
202402,27,MUARA ANGKE,5,40,5,47
202402,28,MUARA ANGKE,5,41,5,49
202402,29,MUARA ANGKE,5,32,5,40
202402,1,LEBAK BULUS,40,5,40,213
202402,2,LEBAK BULUS,40,3,40,209
202402,3,LEBAK BULUS,39,5,39,199
202402,4,LEBAK BULUS,40,3,40,213
202402,5,LEBAK BULUS,39,0,39,197
202402,6,LEBAK BULUS,40,0,40,215
202402,7,LEBAK BULUS,41,5,41,219
202402,8,LEBAK BULUS,41,0,41,227
202402,9,LEBAK BULUS,40,0,40,199
202402,10,LEBAK BULUS,41,0,41,251
202402,11,LEBAK BULUS,40,0,40,199
202402,12,LEBAK BULUS,40,0,40,234
202402,13,LEBAK BULUS,39,3,39,211
202402,14,LEBAK BULUS,39,6,39,173
202402,15,LEBAK BULUS,40,3,40,201
202402,16,LEBAK BULUS,40,0,40,211
202402,17,LEBAK BULUS,39,2,39,199
202402,18,LEBAK BULUS,40,5,40,217
202402,19,LEBAK BULUS,39,0,39,197
202402,20,LEBAK BULUS,39,0,39,89
202402,21,LEBAK BULUS,40,0,40,200
202402,22,LEBAK BULUS,40,1,40,198
202402,23,LEBAK BULUS,41,5,41,201
202402,24,LEBAK BULUS,40,3,40,199
202402,25,LEBAK BULUS,40,5,40,213
202402,26,LEBAK BULUS,41,0,41,197
202402,27,LEBAK BULUS,39,0,39,199
202402,28,LEBAK BULUS,39,0,39,201
202402,29,LEBAK BULUS,40,3,40,199
202402,1,PINANGRANTI,99,151,99,161
202402,2,PINANGRANTI,99,157,99,166
202402,3,PINANGRANTI,99,158,99,167
202402,12,SENEN,201,464,201,528
202402,13,SENEN,254,479,254,547
202402,14,SENEN,252,471,252,532
202402,15,SENEN,252,475,252,541
202402,16,SENEN,248,458,248,525
202402,17,SENEN,251,473,251,536
202402,18,SENEN,200,476,200,525
202402,19,SENEN,201,459,201,531
202402,20,SENEN,231,490,231,554
202402,21,SENEN,231,490,231,553
202402,22,SENEN,233,488,233,557
202402,23,SENEN,229,466,229,538
202402,24,SENEN,252,473,252,524
202402,25,SENEN,205,456,205,505
202402,26,SENEN,203,458,203,525
202402,27,SENEN,252,475,252,543
202402,28,SENEN,252,479,252,544
202402,29,SENEN,231,485,231,517
202402,1,MANGGARAI,33,0,33,9897
202402,2,MANGGARAI,32,0,32,10086
202402,3,MANGGARAI,33,0,33,9356
202402,4,MANGGARAI,24,0,24,5120
202402,5,MANGGARAI,24,0,24,3862
202402,6,MANGGARAI,33,0,33,9722
202402,7,MANGGARAI,33,0,33,9697
202402,8,MANGGARAI,33,0,33,10017
202402,9,MANGGARAI,33,0,33,9735
202402,10,MANGGARAI,34,0,34,9343
202402,11,MANGGARAI,24,0,24,4749
202402,12,MANGGARAI,24,0,24,3534
202402,13,MANGGARAI,33,0,33,10072
202402,14,MANGGARAI,33,0,33,10031
202402,15,MANGGARAI,33,0,33,9958
202402,16,MANGGARAI,33,0,33,10240
202402,17,MANGGARAI,33,0,33,9654
202402,18,MANGGARAI,24,0,24,4335
202402,19,MANGGARAI,24,0,24,4060
202402,20,MANGGARAI,33,0,33,10341
202402,21,MANGGARAI,33,0,33,10199
202402,22,MANGGARAI,34,0,34,10244
202402,23,MANGGARAI,32,0,32,9673
202402,24,MANGGARAI,33,0,33,9254
202402,25,MANGGARAI,24,0,24,4993
202402,26,MANGGARAI,24,0,24,3451
202402,27,MANGGARAI,34,0,34,9753
202402,28,MANGGARAI,32,0,32,9079
202402,29,MANGGARAI,32,0,32,8985
202402,1,PULOGADUNG,233,692,233,777
202402,2,PULOGADUNG,235,666,235,764
202402,3,PULOGADUNG,234,707,234,755
202402,4,PULOGADUNG,223,555,223,642
202402,5,PULOGADUNG,217,481,217,519
202402,6,PULOGADUNG,229,657,229,828
202402,7,PULOGADUNG,238,746,238,868
202402,8,PULOGADUNG,232,647,232,722
202402,9,PULOGADUNG,232,700,232,880
202402,10,PULOGADUNG,233,642,233,686
202402,11,PULOGADUNG,210,562,210,622
202402,11,SENEN,201,452,201,514
202402,12,PULOGADUNG,209,589,209,664
202402,13,PULOGADUNG,231,594,231,688
202402,14,PULOGADUNG,234,621,234,713
202402,15,PULOGADUNG,232,662,232,711
202402,16,PULOGADUNG,227,570,227,637
202402,17,PULOGADUNG,230,598,230,639
202402,18,PULOGADUNG,204,672,204,766
202402,19,PULOGADUNG,204,578,204,668
202402,20,PULOGADUNG,230,614,230,649
202402,21,PULOGADUNG,236,644,236,775
202402,22,PULOGADUNG,233,684,233,761
202402,23,PULOGADUNG,230,562,230,605
202402,24,PULOGADUNG,235,649,235,726
202402,25,PULOGADUNG,211,657,211,698
202402,26,PULOGADUNG,207,570,207,662
202402,27,PULOGADUNG,228,672,228,712
202402,28,PULOGADUNG,233,721,233,743
202402,29,PULOGADUNG,228,659,228,621
202402,1,KAMPUNG RAMBUTAN,370,2534,85,301
202402,2,KAMPUNG RAMBUTAN,368,2226,81,396
202402,3,KAMPUNG RAMBUTAN,370,2474,84,413
202402,4,KAMPUNG RAMBUTAN,378,2858,83,515
202402,5,KAMPUNG RAMBUTAN,380,3005,51,452
202402,6,KAMPUNG RAMBUTAN,368,2527,69,343
202402,7,KAMPUNG RAMBUTAN,382,2681,93,1009
202402,8,KAMPUNG RAMBUTAN,372,2991,77,829
202402,9,KAMPUNG RAMBUTAN,375,2754,75,724
202402,10,KAMPUNG RAMBUTAN,344,2509,75,639
202402,11,KAMPUNG RAMBUTAN,392,3317,72,717
202402,12,KAMPUNG RAMBUTAN,375,3021,79,853
202402,13,KAMPUNG RAMBUTAN,358,2477,79,858
202402,14,KAMPUNG RAMBUTAN,331,2301,58,318
202402,15,KAMPUNG RAMBUTAN,328,2310,87,491
202402,16,KAMPUNG RAMBUTAN,372,2978,69,399
202402,17,KAMPUNG RAMBUTAN,366,2775,72,570
202402,18,KAMPUNG RAMBUTAN,376,3126,93,412
202402,19,KAMPUNG RAMBUTAN,377,3080,77,334
202402,20,KAMPUNG RAMBUTAN,378,2697,88,342
202402,21,KAMPUNG RAMBUTAN,374,2878,73,403
202402,22,KAMPUNG RAMBUTAN,374,2622,68,325
202402,23,KAMPUNG RAMBUTAN,376,2653,70,422
202402,24,KAMPUNG RAMBUTAN,374,2736,73,382
202402,25,KAMPUNG RAMBUTAN,372,3047,96,471
202402,26,KAMPUNG RAMBUTAN,378,3061,80,315
202402,27,KAMPUNG RAMBUTAN,372,2959,67,348
202402,28,KAMPUNG RAMBUTAN,369,2656,79,420
202402,29,KAMPUNG RAMBUTAN,373,2769,74,394
202402,1,KALIDERES,80,219,70,262
202402,2,KALIDERES,85,244,75,285
202402,3,KALIDERES,92,258,81,313
202402,4,KALIDERES,88,237,77,296
202402,5,KALIDERES,83,286,73,264
202402,6,KALIDERES,80,251,70,237
202402,7,KALIDERES,98,233,87,649
202402,8,KALIDERES,91,215,80,428
202402,9,KALIDERES,88,242,77,331
202402,10,KALIDERES,85,269,75,282
202402,11,KALIDERES,96,474,72,256
202402,12,KALIDERES,89,328,69,234
202402,13,KALIDERES,92,386,74,219
202402,14,KALIDERES,84,271,76,243
202402,15,KALIDERES,89,243,79,265
202402,16,KALIDERES,94,227,86,288
202402,17,KALIDERES,98,245,87,317
202402,18,KALIDERES,91,259,81,272
202402,19,KALIDERES,86,292,76,251
202401,3,RAWAMANGUN,32,31,32,30
202401,4,LEBAK BULUS,107,200,107,234
202401,5,LEBAK BULUS,104,152,104,213
202401,6,LEBAK BULUS,102,140,102,217
202401,7,LEBAK BULUS,105,188,105,206
202401,8,LEBAK BULUS,114,163,114,222
202401,9,LEBAK BULUS,101,130,101,214
202401,10,LEBAK BULUS,110,186,110,208
202401,11,LEBAK BULUS,106,198,106,234
202401,12,LEBAK BULUS,103,173,103,210
202401,13,LEBAK BULUS,107,143,107,203
202401,14,LEBAK BULUS,105,151,105,211
202401,15,LEBAK BULUS,104,177,104,216
202401,16,LEBAK BULUS,103,158,103,173
202401,17,LEBAK BULUS,110,110,110,200
202401,18,LEBAK BULUS,108,200,108,234
202401,19,LEBAK BULUS,111,167,111,213
202401,20,LEBAK BULUS,103,154,103,215
202401,21,LEBAK BULUS,102,157,102,177
202401,22,LEBAK BULUS,107,151,107,215
202401,23,LEBAK BULUS,108,150,108,208
202401,24,LEBAK BULUS,107,140,107,217
202401,25,LEBAK BULUS,105,210,105,161
202401,26,LEBAK BULUS,105,200,105,175
202401,27,LEBAK BULUS,108,213,108,183
202401,28,LEBAK BULUS,104,200,104,180
202401,29,LEBAK BULUS,107,173,107,202
202401,30,LEBAK BULUS,106,166,106,150
202401,31,LEBAK BULUS,104,189,104,180
202401,1,PINANGRANTI,89,120,89,128
202401,2,PINANGRANTI,99,152,99,157
202401,3,PINANGRANTI,99,159,99,167
202401,4,PINANGRANTI,99,161,99,168
202401,5,PINANGRANTI,99,154,99,163
202401,6,PINANGRANTI,99,162,99,94
202401,7,PINANGRANTI,89,115,89,120
202401,8,PINANGRANTI,89,111,89,114
202401,9,PINANGRANTI,99,147,99,150
202401,10,PINANGRANTI,99,150,99,158
202401,11,PINANGRANTI,99,155,99,164
202401,12,PINANGRANTI,99,158,99,167
202401,13,PINANGRANTI,99,147,99,155
202401,14,PINANGRANTI,89,118,89,122
202401,15,PINANGRANTI,89,109,89,111
202401,16,PINANGRANTI,99,159,99,165
202401,17,PINANGRANTI,99,158,99,172
202401,18,PINANGRANTI,99,161,99,170
202401,19,PINANGRANTI,99,158,99,165
202401,20,PINANGRANTI,99,151,99,164
202401,21,PINANGRANTI,89,128,89,131
202401,22,PINANGRANTI,89,122,89,122
202401,23,PINANGRANTI,99,149,99,152
202401,24,PINANGRANTI,99,152,99,160
202401,25,PINANGRANTI,99,152,99,159
202401,26,PINANGRANTI,99,161,99,169
202401,27,PINANGRANTI,99,164,99,172
202401,28,PINANGRANTI,89,120,89,125
202401,29,PINANGRANTI,89,112,89,118
202401,30,PINANGRANTI,99,147,99,152
202401,31,PINANGRANTI,99,151,99,165
202401,1,RAWAMANGUN,34,32,34,30
202401,2,RAWAMANGUN,33,30,33,29
202401,4,RAWAMANGUN,31,30,31,26
202401,5,RAWAMANGUN,34,35,34,34
202401,6,RAWAMANGUN,34,32,34,32
202401,7,RAWAMANGUN,31,28,31,26
202401,8,RAWAMANGUN,30,28,30,27
202401,9,RAWAMANGUN,34,32,34,31
202401,10,RAWAMANGUN,34,32,34,32
202401,11,RAWAMANGUN,32,28,32,26
202401,12,RAWAMANGUN,34,33,34,32
202401,13,RAWAMANGUN,31,27,31,26
202401,14,RAWAMANGUN,34,32,34,28
202401,15,RAWAMANGUN,31,28,31,23
202401,16,RAWAMANGUN,27,24,28,23
202401,17,RAWAMANGUN,34,39,34,38
202401,18,RAWAMANGUN,34,34,34,32
202401,19,RAWAMANGUN,32,32,32,33
202401,20,RAWAMANGUN,34,32,34,24
202401,21,RAWAMANGUN,34,32,34,31
202401,22,RAWAMANGUN,30,30,30,28
202401,23,RAWAMANGUN,29,28,29,24
202401,24,RAWAMANGUN,29,28,29,22
202401,25,RAWAMANGUN,31,28,31,27
202401,26,RAWAMANGUN,32,30,33,26
202401,27,RAWAMANGUN,33,32,33,27
202401,28,RAWAMANGUN,32,30,32,26
202401,29,RAWAMANGUN,30,26,30,25
202401,30,RAWAMANGUN,30,22,30,24
202401,31,RAWAMANGUN,34,35,34,30
202401,1,RAGUNAN,60,381,60,397
202401,2,RAGUNAN,58,121,58,137
202401,3,RAGUNAN,60,153,60,150
202401,4,RAGUNAN,60,103,60,102
202401,5,RAGUNAN,60,127,60,140
202401,6,RAGUNAN,59,116,59,123
202401,7,RAGUNAN,60,119,60,125
202401,8,RAGUNAN,60,125,60,127
202401,9,RAGUNAN,58,62,58,81
202401,10,RAGUNAN,60,79,60,76
202401,11,RAGUNAN,60,84,60,81
202401,12,RAGUNAN,60,104,70,112
202401,13,RAGUNAN,60,110,60,90
202401,14,RAGUNAN,58,152,64,66
202401,15,RAGUNAN,60,105,60,135
202401,16,RAGUNAN,60,93,60,74
202401,17,RAGUNAN,60,72,60,46
202401,18,RAGUNAN,60,76,60,77
202401,19,RAGUNAN,60,102,60,119
202401,20,RAGUNAN,60,97,60,112
202401,21,RAGUNAN,60,126,60,116
202401,22,RAGUNAN,60,120,60,113
202401,23,RAGUNAN,60,137,60,126
202401,24,RAGUNAN,58,86,58,83
202401,25,RAGUNAN,60,95,60,95
202401,26,RAGUNAN,58,88,58,100
202401,27,RAGUNAN,59,91,58,91
202401,28,RAGUNAN,60,76,60,98
202401,29,RAGUNAN,60,91,60,94
202401,30,RAGUNAN,58,83,58,79
202401,31,RAGUNAN,60,79,60,87
202401,1,BLOK M,222,2867,222,3769
202401,2,BLOK M,264,2954,264,3844
202401,3,BLOK M,267,2850,267,3708
202401,4,BLOK M,266,2898,266,3720
202401,5,BLOK M,268,2738,268,3513
202401,6,BLOK M,270,2650,270,3412
202401,7,BLOK M,224,2792,224,3618
202401,8,BLOK M,224,2952,224,3773
202401,9,BLOK M,271,2872,271,3648
202401,10,BLOK M,271,2857,271,3737
202401,11,BLOK M,273,2799,273,3643
202401,12,BLOK M,276,2778,276,3554
202401,13,BLOK M,275,2607,275,3462
202401,14,BLOK M,216,2731,216,3521
202401,15,BLOK M,219,2748,219,3516
202401,16,BLOK M,272,2810,272,3775
202401,17,BLOK M,283,2975,283,3892
202401,18,BLOK M,283,3039,283,3965
202401,19,BLOK M,283,2864,283,3770
202401,20,BLOK M,283,2787,283,3647
202401,21,BLOK M,216,2704,216,3525
202401,22,BLOK M,216,2595,216,3486
202401,23,BLOK M,271,2888,271,3852
202401,24,BLOK M,285,2797,285,3653
202401,25,BLOK M,283,2824,283,3659
202401,26,BLOK M,286,2884,286,3750
202401,27,BLOK M,285,2987,285,3889
202401,28,BLOK M,212,2729,212,3526
202401,29,BLOK M,218,2788,218,3612
202401,30,BLOK M,282,2932,282,3751
202401,31,BLOK M,283,2978,283,3850
202401,1,CILILITAN,162,6168,162,8688
202401,2,CILILITAN,197,12020,197,14586
202401,3,CILILITAN,198,12292,198,15086
202401,4,CILILITAN,199,12269,199,14846
202401,5,CILILITAN,199,12150,199,14772
202401,6,CILILITAN,198,12412,198,14358
202401,7,CILILITAN,188,9581,188,11597
202401,8,CILILITAN,167,8868,167,11061
202401,9,CILILITAN,199,13414,199,15208
202401,10,CILILITAN,199,13431,199,15260
202401,11,CILILITAN,198,12460,198,14507
202401,12,CILILITAN,198,12894,198,14930
202401,13,CILILITAN,198,12624,198,15428
202401,14,CILILITAN,167,9303,167,11535
202401,15,CILILITAN,166,10903,166,12641
202401,16,CILILITAN,196,12837,196,15276
202401,17,CILILITAN,197,12524,197,15063
202401,18,CILILITAN,202,13353,202,15507
202401,19,CILILITAN,203,13305,203,15057
202401,20,CILILITAN,203,13370,203,14995
202401,21,CILILITAN,168,9075,168,11325
202401,22,CILILITAN,168,8845,168,10674
202401,23,CILILITAN,168,9052,168,11182
202401,24,CILILITAN,202,12520,202,15275
202401,25,CILILITAN,203,12188,203,14955
202401,26,CILILITAN,202,12374,202,14690
202401,27,CILILITAN,203,12761,203,14736
202401,28,CILILITAN,168,8841,168,10690
202401,29,CILILITAN,168,8607,168,10851
202401,30,CILILITAN,203,14444,203,15794
202401,31,CILILITAN,203,12766,203,15147
202401,1,KLENDER,113,321,113,323
202401,2,KLENDER,112,310,112,331
202401,3,KLENDER,113,344,113,318
202401,4,KLENDER,109,329,109,307
202401,5,KLENDER,111,313,111,308
202401,6,KLENDER,113,323,113,315
202401,7,KLENDER,111,319,111,329
202401,8,KLENDER,110,310,110,301
202401,9,KLENDER,108,304,108,295
202401,10,KLENDER,111,306,111,293
202401,11,KLENDER,109,303,109,168
202401,12,KLENDER,110,307,108,300
202401,13,KLENDER,108,295,103,288
202401,14,KLENDER,107,286,100,280
202401,15,KLENDER,103,290,104,286
202401,16,KLENDER,100,286,98,276
202401,17,KLENDER,98,273,96,268
202401,18,KLENDER,101,282,106,278
202401,19,KLENDER,97,264,98,270
202401,20,KLENDER,99,271,105,275
202401,21,KLENDER,102,279,108,289
202401,22,KLENDER,105,294,113,300
202401,23,KLENDER,108,310,115,316
202401,24,KLENDER,141,322,150,320
202401,25,KLENDER,136,317,139,320
202401,26,KLENDER,139,316,142,326
202401,27,KLENDER,137,313,138,319
202401,28,KLENDER,133,300,136,313
202401,29,KLENDER,126,284,128,292
202401,30,KLENDER,135,283,138,293
202401,31,KLENDER,137,288,140,281
202401,1,PASAR MINGGU,81,0,81,166
202401,2,PASAR MINGGU,78,0,78,155
202401,3,PASAR MINGGU,82,0,82,169
202401,4,PASAR MINGGU,86,0,86,169
202401,5,PASAR MINGGU,84,0,84,178
202401,6,PASAR MINGGU,82,0,82,172
202401,7,PASAR MINGGU,88,0,88,190
202401,8,PASAR MINGGU,86,0,86,171
202401,9,PASAR MINGGU,83,0,83,184
202401,10,PASAR MINGGU,81,0,81,180
202401,11,PASAR MINGGU,82,0,82,186
202401,12,PASAR MINGGU,81,0,81,174
202401,13,PASAR MINGGU,81,0,81,179
202401,14,PASAR MINGGU,87,0,87,181
202401,15,PASAR MINGGU,88,0,88,176
202401,16,PASAR MINGGU,85,0,85,176
202401,17,PASAR MINGGU,84,0,84,188
202401,18,PASAR MINGGU,86,0,86,188
202401,19,PASAR MINGGU,88,0,88,199
202401,20,PASAR MINGGU,89,0,89,202
202401,21,PASAR MINGGU,90,0,90,207
202401,22,PASAR MINGGU,90,0,90,205
202401,23,PASAR MINGGU,86,0,86,206
202401,24,PASAR MINGGU,84,0,84,197
202401,25,PASAR MINGGU,83,0,83,187
202401,26,PASAR MINGGU,81,0,81,179
202401,27,PASAR MINGGU,85,0,85,206
202401,28,PASAR MINGGU,88,0,88,187
202401,29,PASAR MINGGU,88,0,88,205
202401,30,PASAR MINGGU,84,0,84,180
202401,31,PASAR MINGGU,81,0,81,180
202401,1,KAMPUNG MELAYU,157,1958,157,2272
202401,2,KAMPUNG MELAYU,297,5191,297,6294
202401,3,KAMPUNG MELAYU,320,6732,320,6391
202401,4,KAMPUNG MELAYU,280,5878,280,6091
202401,5,KAMPUNG MELAYU,298,6770,298,6337
202401,6,KAMPUNG MELAYU,146,1482,146,1866
202401,7,KAMPUNG MELAYU,163,1698,170,1950
202401,8,KAMPUNG MELAYU,199,2573,199,2211
202401,9,KAMPUNG MELAYU,214,3911,214,3116
202401,10,KAMPUNG MELAYU,337,4854,337,4332
202401,11,KAMPUNG MELAYU,418,8293,418,7552
202401,12,KAMPUNG MELAYU,518,6531,518,6117
202401,13,KAMPUNG MELAYU,498,7789,498,7187
202401,14,KAMPUNG MELAYU,413,3074,413,2434
202401,15,KAMPUNG MELAYU,292,3389,292,3301
202401,16,KAMPUNG MELAYU,399,4923,399,5649
202401,17,KAMPUNG MELAYU,469,6731,469,9305
202401,18,KAMPUNG MELAYU,452,8081,451,7513
202401,19,KAMPUNG MELAYU,381,5657,381,5410
202401,20,KAMPUNG MELAYU,495,7087,495,7792
202401,21,KAMPUNG MELAYU,162,1500,162,1466
202401,22,KAMPUNG MELAYU,172,1274,172,1864
202401,23,KAMPUNG MELAYU,143,777,143,1185
202401,24,KAMPUNG MELAYU,504,6363,504,7989
202401,25,KAMPUNG MELAYU,352,6069,352,6111
202401,26,KAMPUNG MELAYU,479,7960,479,6048
202401,27,KAMPUNG MELAYU,501,6229,501,6762
202401,28,KAMPUNG MELAYU,234,3169,237,3166
202401,29,KAMPUNG MELAYU,277,3355,277,3769
202401,30,KAMPUNG MELAYU,421,5606,421,6297
202401,31,KAMPUNG MELAYU,402,5737,411,5006
202401,1,SENEN,181,378,181,417
202401,2,SENEN,232,407,232,450
202401,3,SENEN,231,405,231,464
202401,4,SENEN,230,407,230,465
202401,5,SENEN,228,410,228,489
202401,6,SENEN,231,417,231,479
202401,7,SENEN,182,394,182,459
202401,8,SENEN,180,390,180,463
202401,9,SENEN,233,426,233,498
202401,10,SENEN,234,428,234,487
202401,11,SENEN,229,414,229,471
202401,12,SENEN,232,427,232,487
202401,13,SENEN,232,430,232,485
202401,14,SENEN,180,401,180,453
202401,15,SENEN,182,411,182,480
202401,16,SENEN,232,441,232,499
202401,17,SENEN,233,449,233,499
202401,18,SENEN,233,442,233,483
202401,19,SENEN,234,447,234,506
202401,20,SENEN,234,447,234,501
202401,21,SENEN,183,397,183,458
202401,22,SENEN,182,391,182,457
202401,23,SENEN,181,399,181,481
202401,24,SENEN,231,448,231,495
202401,25,SENEN,232,449,232,510
202401,26,SENEN,235,464,235,526
202401,27,SENEN,231,453,231,483
202401,28,SENEN,184,394,184,456
202401,29,SENEN,181,387,181,440
202401,30,SENEN,232,460,232,504
202401,31,SENEN,231,454,231,496
202401,1,MANGGARAI,24,0,24,2993
202401,2,MANGGARAI,30,0,30,7954
202401,3,MANGGARAI,31,0,31,9087
202401,4,MANGGARAI,33,0,33,8917
202401,5,MANGGARAI,34,0,34,9437
202401,6,MANGGARAI,33,0,33,9163
202401,7,MANGGARAI,24,0,24,4908
202401,8,MANGGARAI,24,0,24,3350
202401,9,MANGGARAI,30,0,30,9439
202401,10,MANGGARAI,30,0,30,9392
202401,11,MANGGARAI,32,0,32,9037
202401,12,MANGGARAI,33,0,33,9277
202401,13,MANGGARAI,33,0,33,9081
202401,14,MANGGARAI,24,0,24,4960
202401,15,MANGGARAI,24,0,24,3482
202401,16,MANGGARAI,32,0,32,9700
202401,17,MANGGARAI,31,0,31,9818
202401,18,MANGGARAI,33,0,33,9430
202401,19,MANGGARAI,34,0,34,9451
202401,20,MANGGARAI,34,0,34,9016
202401,21,MANGGARAI,24,0,24,5033
202401,22,MANGGARAI,24,0,24,3079
202401,23,MANGGARAI,24,0,24,5600
202401,24,MANGGARAI,34,0,34,9903
202401,25,MANGGARAI,32,0,32,9705
202401,26,MANGGARAI,32,0,32,9545
202401,27,MANGGARAI,33,0,33,9370
202401,28,MANGGARAI,24,0,24,4603
202401,29,MANGGARAI,24,0,24,3835
202401,30,MANGGARAI,33,0,33,10046
202401,31,MANGGARAI,33,0,33,9962
202401,1,PULOGADUNG,193,1427,193,1580
202401,2,PULOGADUNG,225,1622,225,1944
202401,3,PULOGADUNG,243,1657,243,1901
202401,4,PULOGADUNG,242,1722,242,1857
202401,5,PULOGADUNG,238,1780,238,1949
202401,6,PULOGADUNG,241,1801,241,2011
202401,7,PULOGADUNG,222,1679,222,1918
202401,8,PULOGADUNG,214,1694,214,1810
202401,9,PULOGADUNG,241,1736,241,1889
202401,10,PULOGADUNG,240,1807,240,1937
202401,11,PULOGADUNG,240,1776,239,1888
202401,12,PULOGADUNG,241,1714,240,1799
202401,13,PULOGADUNG,241,1716,241,1784
202401,14,PULOGADUNG,218,1612,218,1705
202401,15,PULOGADUNG,215,1575,215,1631
202401,16,PULOGADUNG,240,1777,240,1905
202401,17,PULOGADUNG,241,1771,241,1863
202401,18,PULOGADUNG,230,1700,230,1802
202401,19,PULOGADUNG,230,1690,230,1809
202401,20,PULOGADUNG,231,1659,231,1757
202401,21,PULOGADUNG,207,1499,207,1640
202401,22,PULOGADUNG,207,1475,207,1592
202401,23,PULOGADUNG,208,1420,208,1500
202401,24,PULOGADUNG,232,1641,232,1875
202401,25,PULOGADUNG,232,1646,232,1833
202401,26,PULOGADUNG,230,1582,230,1783
202401,27,PULOGADUNG,232,1591,232,1750
202401,28,PULOGADUNG,206,1492,206,1660
202401,29,PULOGADUNG,206,1451,206,1556
202401,30,PULOGADUNG,230,1526,230,1614
202401,31,PULOGADUNG,230,1478,230,1572
202401,1,KAMPUNG RAMBUTAN,504,2094,521,2225
202401,2,KAMPUNG RAMBUTAN,511,2282,527,2539
202401,3,KAMPUNG RAMBUTAN,517,2260,541,2569
202401,4,KAMPUNG RAMBUTAN,519,2299,531,2543
202401,5,KAMPUNG RAMBUTAN,516,2148,525,2273
202401,6,KAMPUNG RAMBUTAN,521,1985,532,2192
202401,7,KAMPUNG RAMBUTAN,514,1825,519,2065
202401,8,KAMPUNG RAMBUTAN,518,2020,531,2262
202401,9,KAMPUNG RAMBUTAN,508,1794,521,2118
202401,10,KAMPUNG RAMBUTAN,501,1741,515,2056
202401,11,KAMPUNG RAMBUTAN,488,1718,508,2045
202401,12,KAMPUNG RAMBUTAN,481,1639,501,1970
202401,13,KAMPUNG RAMBUTAN,495,1832,517,2118
202401,14,KAMPUNG RAMBUTAN,507,2111,536,2249
202401,15,KAMPUNG RAMBUTAN,495,1984,520,2189
202401,16,KAMPUNG RAMBUTAN,514,2164,531,2344
202401,17,KAMPUNG RAMBUTAN,494,2060,518,2253
202401,18,KAMPUNG RAMBUTAN,480,1864,511,2173
202401,19,KAMPUNG RAMBUTAN,467,1731,500,2081
202401,20,KAMPUNG RAMBUTAN,478,1789,506,2123
202401,21,KAMPUNG RAMBUTAN,472,1640,492,1991
202401,22,KAMPUNG RAMBUTAN,449,1596,485,1925
202401,23,KAMPUNG RAMBUTAN,481,1916,507,2148
202401,24,KAMPUNG RAMBUTAN,485,2102,518,2222
202401,25,KAMPUNG RAMBUTAN,462,1859,504,2101
202401,26,KAMPUNG RAMBUTAN,467,1951,519,2165
202401,27,KAMPUNG RAMBUTAN,480,1983,509,2237
202401,28,KAMPUNG RAMBUTAN,437,1874,465,2099
202401,29,KAMPUNG RAMBUTAN,443,1952,473,2187
202401,30,KAMPUNG RAMBUTAN,466,1807,491,2084
202401,31,KAMPUNG RAMBUTAN,457,1736,468,1994
202401,1,KALIDERES,179,4874,169,5001
202401,2,KALIDERES,188,4963,208,5093
202401,3,KALIDERES,188,4963,178,5092
202401,4,KALIDERES,188,4964,178,5098
202401,5,KALIDERES,188,5000,178,5127
202401,6,KALIDERES,188,5030,178,5160
202401,7,KALIDERES,179,4910,169,5046
202401,8,KALIDERES,179,4916,169,5045
202401,9,KALIDERES,188,5004,178,5134
202401,10,KALIDERES,188,5009,178,5143
202401,11,KALIDERES,188,5012,178,5148
202401,12,KALIDERES,188,5039,178,5173
202401,13,KALIDERES,188,5066,178,5202
202401,14,KALIDERES,179,4973,169,5105
202401,15,KALIDERES,179,4992,169,5122
202401,16,KALIDERES,188,5077,178,5219
202401,17,KALIDERES,188,5080,178,5224
202401,18,KALIDERES,188,5084,178,5235
202401,19,KALIDERES,188,5121,178,5266
202401,20,KALIDERES,188,5151,178,5311
202401,21,KALIDERES,179,5070,169,5213
202401,22,KALIDERES,179,5084,169,5215
202401,23,KALIDERES,188,5158,178,5316
202401,24,KALIDERES,188,5164,178,5314
202401,25,KALIDERES,188,5196,178,5340
202401,26,KALIDERES,188,5155,178,5280
202401,27,KALIDERES,188,5186,178,5309
202401,28,KALIDERES,179,5149,169,5266
202401,29,KALIDERES,179,5075,169,5181
202401,30,KALIDERES,188,5181,178,5281
202401,31,KALIDERES,188,5185,178,5291
202401,1,TANJUNG PRIOK,189,471,181,658
202401,2,TANJUNG PRIOK,189,409,181,564
202401,3,TANJUNG PRIOK,189,442,181,607
202401,4,TANJUNG PRIOK,189,455,181,601
202401,5,TANJUNG PRIOK,189,443,181,606
202401,6,TANJUNG PRIOK,189,426,181,600
202401,7,TANJUNG PRIOK,189,458,181,658
202401,8,TANJUNG PRIOK,189,429,181,618
202401,9,TANJUNG PRIOK,189,455,181,667
202401,10,TANJUNG PRIOK,189,454,181,634
202401,11,TANJUNG PRIOK,189,477,181,642
202401,12,TANJUNG PRIOK,189,473,181,653
202401,13,TANJUNG PRIOK,189,469,181,621
202401,14,TANJUNG PRIOK,189,463,181,610
202401,15,TANJUNG PRIOK,189,446,181,624
202401,16,TANJUNG PRIOK,189,461,181,626
202401,17,TANJUNG PRIOK,189,452,181,619
202401,18,TANJUNG PRIOK,189,442,181,624
202401,19,TANJUNG PRIOK,189,494,181,664
202401,20,TANJUNG PRIOK,189,439,181,625
202401,21,TANJUNG PRIOK,189,442,181,616
202401,22,TANJUNG PRIOK,189,489,181,663
202401,23,TANJUNG PRIOK,189,444,181,601
202401,24,TANJUNG PRIOK,189,465,181,614
202401,25,TANJUNG PRIOK,189,461,181,631
202401,26,TANJUNG PRIOK,189,469,181,626
202401,27,TANJUNG PRIOK,189,461,181,632
202401,28,TANJUNG PRIOK,189,490,181,661
202401,29,TANJUNG PRIOK,189,469,181,626
202401,30,TANJUNG PRIOK,189,485,181,635
202401,31,TANJUNG PRIOK,189,460,181,607
202401,1,GROGOL,364,2424,364,2874
202401,2,GROGOL,422,3820,422,4048
202401,3,GROGOL,421,3827,421,3945
202401,4,GROGOL,421,3711,421,3894
202401,5,GROGOL,432,3664,432,4016
202401,6,GROGOL,432,3582,432,4042
202401,7,GROGOL,367,2616,367,3179
202401,8,GROGOL,364,2313,364,2877
202401,9,GROGOL,431,3719,431,3957
202401,10,GROGOL,430,3828,430,4065
202401,11,GROGOL,427,3734,427,4003
202401,12,GROGOL,430,3703,430,4021
202401,13,GROGOL,432,3718,432,4164
202401,14,GROGOL,369,2698,369,3193
202401,15,GROGOL,365,2378,365,2892
202401,16,GROGOL,431,3860,431,4071
202401,17,GROGOL,429,3852,429,4033
202401,18,GROGOL,424,3835,424,4074
202401,19,GROGOL,427,3768,427,4097
202401,20,GROGOL,425,3649,425,4143
202401,21,GROGOL,369,2748,369,3139
202401,22,GROGOL,361,2321,361,2845
202401,23,GROGOL,370,2707,370,2944
202401,24,GROGOL,431,3859,431,4139
202401,25,GROGOL,431,3788,431,4140
202401,26,GROGOL,427,3750,427,4054
202401,27,GROGOL,429,3711,429,4198
202401,28,GROGOL,370,2573,370,3030
202401,29,GROGOL,363,2215,363,2742
202401,30,GROGOL,431,3898,431,4195
202401,31,GROGOL,432,3874,432,4134
202401,1,MUARA ANGKE,75,1197,75,1211
202401,2,MUARA ANGKE,75,1214,75,1240
202401,3,MUARA ANGKE,75,1225,75,1237
202401,4,MUARA ANGKE,75,1250,75,1262
202401,5,MUARA ANGKE,75,1238,75,1256
202401,6,MUARA ANGKE,75,1221,75,1250
202402,4,PINANGRANTI,89,120,89,123
202402,5,PINANGRANTI,89,113,89,120
202402,6,PINANGRANTI,99,153,99,158
202402,7,PINANGRANTI,99,155,99,163
202402,8,PINANGRANTI,99,158,99,165
202402,9,PINANGRANTI,99,160,99,167
202402,10,PINANGRANTI,99,166,99,176
202402,11,PINANGRANTI,89,120,89,124
202402,12,PINANGRANTI,89,111,89,116
202402,13,PINANGRANTI,99,150,99,156
202402,14,PINANGRANTI,99,154,99,156
202402,15,PINANGRANTI,99,160,99,165
202402,16,PINANGRANTI,99,162,99,170
202402,17,PINANGRANTI,99,153,99,160
202402,18,PINANGRANTI,89,123,89,126
202402,19,PINANGRANTI,89,115,89,117
202402,20,PINANGRANTI,99,147,99,152
202402,21,PINANGRANTI,99,151,99,158
202402,22,PINANGRANTI,99,159,99,165
202402,23,PINANGRANTI,99,154,99,166
202402,24,PINANGRANTI,99,148,99,162
202402,25,PINANGRANTI,89,116,89,120
202402,26,PINANGRANTI,89,113,89,115
202402,27,PINANGRANTI,99,153,99,161
202402,28,PINANGRANTI,99,156,99,167
202402,29,PINANGRANTI,99,153,99,168
202402,1,RAWAMANGUN,31,30,31,27
202402,2,RAWAMANGUN,32,32,32,30
202402,3,RAWAMANGUN,31,27,31,25
202402,4,RAWAMANGUN,29,25,29,22
202402,5,RAWAMANGUN,30,26,30,24
202402,6,RAWAMANGUN,34,36,34,38
202402,7,RAWAMANGUN,32,29,32,27
202402,8,RAWAMANGUN,33,32,33,32
202402,9,RAWAMANGUN,34,30,34,29
202402,10,RAWAMANGUN,31,28,31,27
202402,11,RAWAMANGUN,33,31,33,32
202402,12,RAWAMANGUN,31,32,31,30
202402,13,RAWAMANGUN,31,28,31,25
202402,14,RAWAMANGUN,34,34,34,27
202402,15,RAWAMANGUN,33,35,33,31
202402,16,RAWAMANGUN,32,32,32,30
202402,17,RAWAMANGUN,32,31,32,31
202402,18,RAWAMANGUN,31,31,31,27
202402,19,RAWAMANGUN,31,31,31,30
202402,20,RAWAMANGUN,34,38,34,35
202402,21,RAWAMANGUN,34,34,34,33
202402,22,RAWAMANGUN,31,29,31,28
202402,23,RAWAMANGUN,34,31,34,30
202402,24,RAWAMANGUN,30,28,30,23
202402,25,RAWAMANGUN,28,26,28,28
202402,26,RAWAMANGUN,29,26,29,26
202402,27,RAWAMANGUN,30,28,30,25
202402,28,RAWAMANGUN,33,33,33,30
202402,29,RAWAMANGUN,32,29,32,30
202402,1,RAGUNAN,60,115,60,79
202402,2,RAGUNAN,60,112,60,83
202402,3,RAGUNAN,60,117,60,96
202402,4,RAGUNAN,60,115,60,107
202402,5,RAGUNAN,60,123,60,119
202402,6,RAGUNAN,58,68,58,64
202402,7,RAGUNAN,60,88,60,62
202402,8,RAGUNAN,60,101,60,69
202402,9,RAGUNAN,60,90,60,64
202403,21,KLENDER,58,155,58,160
202403,22,KLENDER,58,145,58,150
202403,23,KLENDER,58,154,58,158
202403,24,KLENDER,58,156,58,160
202403,25,KLENDER,58,158,58,162
202403,26,KLENDER,58,155,58,153
202403,27,KLENDER,58,157,58,160
202403,28,KLENDER,58,144,58,147
202403,29,KLENDER,58,146,58,150
202403,30,KLENDER,58,142,58,148
202403,31,KLENDER,58,146,58,152
202403,1,PASAR MINGGU,12,0,12,65
202403,2,PASAR MINGGU,12,0,12,55
202403,3,PASAR MINGGU,12,0,12,54
202403,4,PASAR MINGGU,12,0,12,64
202403,5,PASAR MINGGU,12,0,12,62
202403,6,PASAR MINGGU,12,0,12,60
202403,7,PASAR MINGGU,12,0,12,55
202403,8,PASAR MINGGU,12,0,12,59
202403,9,PASAR MINGGU,12,0,12,68
202403,10,PASAR MINGGU,12,0,12,54
202403,11,PASAR MINGGU,12,0,12,56
202403,12,PASAR MINGGU,12,0,12,55
202403,13,PASAR MINGGU,12,0,12,53
202403,14,PASAR MINGGU,12,0,12,68
202403,15,PASAR MINGGU,12,0,12,70
202403,16,PASAR MINGGU,12,0,12,54
202403,17,PASAR MINGGU,12,0,12,56
202403,18,PASAR MINGGU,12,0,12,69
202403,19,PASAR MINGGU,12,0,12,55
202403,20,PASAR MINGGU,12,0,12,63
202403,21,PASAR MINGGU,12,0,12,64
202403,22,PASAR MINGGU,12,0,12,64
202403,23,PASAR MINGGU,12,0,12,53
202403,24,PASAR MINGGU,12,0,12,72
202403,25,PASAR MINGGU,12,0,12,53
202403,26,PASAR MINGGU,12,0,12,65
202403,27,PASAR MINGGU,12,0,12,74
202403,28,PASAR MINGGU,12,0,12,69
202403,29,PASAR MINGGU,12,0,12,65
202403,30,PASAR MINGGU,12,0,12,59
202403,31,PASAR MINGGU,12,0,12,70
202403,1,KAMPUNG MELAYU,20,1897,20,1328
202403,2,KAMPUNG MELAYU,14,1171,14,953
202403,3,KAMPUNG MELAYU,19,799,19,1201
202403,4,KAMPUNG MELAYU,25,1718,25,1552
202403,5,KAMPUNG MELAYU,24,1242,24,1481
202403,6,KAMPUNG MELAYU,24,1594,24,1303
202403,7,KAMPUNG MELAYU,24,1075,24,1626
202403,8,KAMPUNG MELAYU,22,1542,22,1277
202403,9,KAMPUNG MELAYU,18,681,18,912
202403,10,KAMPUNG MELAYU,15,530,15,622
202403,11,KAMPUNG MELAYU,18,857,18,538
202403,12,KAMPUNG MELAYU,16,849,16,661
202403,13,KAMPUNG MELAYU,18,1258,18,1753
202403,14,KAMPUNG MELAYU,25,1318,25,1714
202403,15,KAMPUNG MELAYU,24,1683,24,2196
202403,16,KAMPUNG MELAYU,14,813,14,601
202403,17,KAMPUNG MELAYU,22,941,22,1023
202403,18,KAMPUNG MELAYU,24,1493,24,1611
202403,19,KAMPUNG MELAYU,25,2180,25,1984
202403,20,KAMPUNG MELAYU,25,1500,25,1829
202403,21,KAMPUNG MELAYU,21,1430,21,1125
202403,22,KAMPUNG MELAYU,25,1800,25,1501
202403,23,KAMPUNG MELAYU,17,507,17,829
202403,24,KAMPUNG MELAYU,18,742,18,651
202403,25,KAMPUNG MELAYU,25,1517,25,1356
202403,26,KAMPUNG MELAYU,25,1292,25,1981
202403,27,KAMPUNG MELAYU,27,1544,27,1829
202403,28,KAMPUNG MELAYU,22,1714,22,2137
202403,29,KAMPUNG MELAYU,20,1501,20,2058
202403,30,KAMPUNG MELAYU,22,632,22,1857
202403,31,KAMPUNG MELAYU,20,916,20,1336
202403,1,SENEN,67,494,67,644
202403,2,SENEN,40,375,40,552
202403,3,SENEN,39,363,39,572
202403,4,SENEN,68,484,68,633
202403,5,SENEN,68,471,68,574
202403,6,SENEN,66,476,66,635
202403,7,SENEN,68,473,68,641
202403,8,SENEN,68,470,68,659
202403,9,SENEN,39,376,39,539
202403,10,SENEN,40,368,40,552
202403,11,SENEN,68,465,68,583
202403,12,SENEN,68,469,68,582
202403,13,SENEN,67,476,67,628
202403,14,SENEN,66,466,66,652
202403,15,SENEN,68,461,68,634
202403,16,SENEN,40,377,40,541
202403,17,SENEN,39,378,39,554
202403,18,SENEN,67,476,67,639
202403,19,SENEN,67,473,67,567
202403,20,SENEN,67,482,67,637
202403,21,SENEN,68,476,68,620
202403,22,SENEN,66,476,66,642
202403,23,SENEN,40,374,40,543
202403,24,SENEN,40,375,40,549
202403,25,SENEN,40,365,40,545
202403,26,SENEN,68,478,68,572
202403,27,SENEN,67,480,67,608
202403,28,SENEN,67,469,67,624
202403,29,SENEN,40,377,40,510
202403,30,SENEN,39,382,39,518
202403,31,SENEN,39,385,39,504
202403,1,MANGGARAI,14,0,14,2172
202403,2,MANGGARAI,11,0,11,1633
202403,3,MANGGARAI,11,0,11,1566
202403,4,MANGGARAI,14,0,14,2132
202403,5,MANGGARAI,14,0,14,2372
202403,6,MANGGARAI,14,0,14,2346
202403,7,MANGGARAI,14,0,14,2523
202403,8,MANGGARAI,14,0,14,2278
202403,9,MANGGARAI,12,0,12,1656
202403,10,MANGGARAI,11,0,11,1526
202403,11,MANGGARAI,12,0,12,1281
202403,12,MANGGARAI,12,0,12,1309
202403,13,MANGGARAI,12,0,12,1910
202403,14,MANGGARAI,15,0,15,2136
202403,15,MANGGARAI,14,0,14,2276
202403,16,MANGGARAI,14,0,14,1267
202403,17,MANGGARAI,14,0,14,1019
202403,18,MANGGARAI,15,0,15,2197
202403,19,MANGGARAI,13,0,13,2212
202403,20,MANGGARAI,14,0,14,2330
202403,21,MANGGARAI,15,0,15,2297
202403,22,MANGGARAI,15,0,15,2097
202403,23,MANGGARAI,12,0,12,1653
202403,24,MANGGARAI,11,0,11,1323
202402,10,RAGUNAN,60,68,60,68
202402,11,RAGUNAN,60,71,60,72
202402,12,RAGUNAN,60,66,60,61
202402,13,RAGUNAN,60,70,60,70
202402,14,RAGUNAN,60,68,60,63
202402,15,RAGUNAN,60,89,60,106
202402,16,RAGUNAN,60,94,60,114
202402,17,RAGUNAN,61,97,60,113
202402,18,RAGUNAN,60,123,60,137
202402,19,RAGUNAN,60,172,60,151
202402,20,RAGUNAN,58,70,58,78
202402,21,RAGUNAN,60,75,60,66
202402,22,RAGUNAN,57,79,57,75
202402,23,RAGUNAN,60,84,60,83
202402,24,RAGUNAN,60,85,60,82
202402,25,RAGUNAN,60,89,60,86
202402,26,RAGUNAN,60,76,60,81
202402,27,RAGUNAN,57,63,57,64
202402,28,RAGUNAN,60,68,60,71
202402,29,RAGUNAN,60,73,60,69
202402,1,BLOK M,276,2762,276,3665
202402,2,BLOK M,279,2873,279,3747
202402,3,BLOK M,277,2695,277,3495
202402,4,BLOK M,227,2582,227,3296
202402,5,BLOK M,241,2640,241,3380
202402,6,BLOK M,278,2600,278,3417
202402,7,BLOK M,277,2777,277,3651
202402,8,BLOK M,280,3007,280,3853
202402,9,BLOK M,280,2886,280,3553
202402,10,BLOK M,276,2894,276,3669
202402,11,BLOK M,199,2669,199,3388
202402,12,BLOK M,199,2521,199,3217
202402,13,BLOK M,278,2946,278,3935
202402,14,BLOK M,278,2888,278,3727
202402,15,BLOK M,280,2793,280,3530
202402,16,BLOK M,280,2602,280,3427
202402,17,BLOK M,278,2909,278,3739
202402,18,BLOK M,207,2756,207,3594
202402,19,BLOK M,207,2641,207,3446
202402,20,BLOK M,267,2874,267,3748
202402,21,BLOK M,274,2836,274,3652
202402,22,BLOK M,284,2901,284,3874
202402,23,BLOK M,284,2699,284,3588
202402,24,BLOK M,283,2849,283,3690
202402,25,BLOK M,209,2581,209,3353
202402,26,BLOK M,209,2595,209,3358
202402,27,BLOK M,281,2889,281,3772
202402,28,BLOK M,281,2877,281,3763
202402,29,BLOK M,281,2837,281,3462
202402,1,CILILITAN,203,13354,203,15376
202402,2,CILILITAN,203,13228,203,15541
202402,3,CILILITAN,202,12411,202,15158
202402,4,CILILITAN,165,9516,165,12204
202402,5,CILILITAN,168,8515,168,11409
202402,6,CILILITAN,199,12613,199,14928
202402,7,CILILITAN,201,13442,201,14912
202402,8,CILILITAN,202,13871,202,15156
202402,9,CILILITAN,201,13661,201,15614
202402,10,CILILITAN,202,12842,202,15287
202402,11,CILILITAN,165,8232,165,10769
202402,12,CILILITAN,162,8027,162,10078
202402,13,CILILITAN,208,13501,208,15488
202402,14,CILILITAN,208,13781,208,16318
202402,15,CILILITAN,161,13101,161,13628
202402,16,CILILITAN,161,12537,161,13720
202402,17,CILILITAN,154,12294,154,12919
202402,18,CILILITAN,144,9310,144,10039
202402,19,CILILITAN,140,8880,140,9804
202402,20,CILILITAN,161,12614,161,13503
202402,21,CILILITAN,161,12307,161,13756
202402,22,CILILITAN,161,12392,161,13734
202402,23,CILILITAN,161,12184,161,13753
202402,24,CILILITAN,151,11497,151,13709
202402,25,CILILITAN,141,8766,141,10301
202402,26,CILILITAN,140,8337,140,9076
202402,27,CILILITAN,158,11907,158,13218
202402,28,CILILITAN,161,12765,161,12822
202402,29,CILILITAN,161,9283,161,10928
202402,1,KLENDER,128,270,132,278
202402,2,KLENDER,123,258,129,273
202402,3,KLENDER,133,272,138,285
202402,4,KLENDER,137,289,135,297
202402,5,KLENDER,138,289,141,298
202402,6,KLENDER,127,288,137,299
202402,7,KLENDER,136,293,139,300
202402,8,KLENDER,126,292,138,299
202402,9,KLENDER,128,269,133,264
202402,10,KLENDER,131,268,136,274
202402,11,KLENDER,139,280,137,269
202402,12,KLENDER,133,274,138,278
202402,13,KLENDER,130,271,137,285
202402,14,KLENDER,138,286,140,291
202402,15,KLENDER,136,276,139,282
202402,16,KLENDER,126,275,136,281
202402,17,KLENDER,128,259,134,265
202402,18,KLENDER,123,261,126,274
202402,19,KLENDER,131,279,134,288
202402,20,KLENDER,133,287,140,301
202402,21,KLENDER,137,297,145,309
202402,22,KLENDER,140,304,139,305
202402,23,KLENDER,134,304,137,305
202402,24,KLENDER,138,296,130,295
202402,25,KLENDER,135,278,136,286
202402,26,KLENDER,139,292,138,298
202402,27,KLENDER,127,272,137,287
202402,28,KLENDER,134,267,138,287
202402,29,KLENDER,133,287,137,299
202402,1,PASAR MINGGU,84,0,84,195
202402,2,PASAR MINGGU,84,0,84,188
202402,3,PASAR MINGGU,85,0,85,210
202402,4,PASAR MINGGU,86,0,86,206
202402,5,PASAR MINGGU,88,0,88,174
202402,6,PASAR MINGGU,80,0,80,169
202402,7,PASAR MINGGU,83,0,83,189
202402,8,PASAR MINGGU,84,0,84,188
202402,9,PASAR MINGGU,83,0,83,185
202402,10,PASAR MINGGU,83,0,83,210
202402,11,PASAR MINGGU,88,0,88,205
202402,12,PASAR MINGGU,86,0,86,213
202402,13,PASAR MINGGU,79,0,79,188
202402,14,PASAR MINGGU,79,0,79,161
202402,15,PASAR MINGGU,83,0,83,165
202402,16,PASAR MINGGU,83,0,83,149
202402,17,PASAR MINGGU,79,0,79,165
202402,18,PASAR MINGGU,85,0,85,174
202402,19,PASAR MINGGU,84,0,84,168
202402,20,PASAR MINGGU,86,0,86,213
202402,21,PASAR MINGGU,79,0,79,159
202402,22,PASAR MINGGU,88,0,88,199
202402,23,PASAR MINGGU,78,0,78,155
202402,24,PASAR MINGGU,82,0,82,172
202402,25,PASAR MINGGU,88,0,88,190
202402,26,PASAR MINGGU,90,0,90,205
202402,27,PASAR MINGGU,85,0,85,176
202402,28,PASAR MINGGU,79,0,79,161
202402,29,PASAR MINGGU,85,0,85,197
202402,1,KAMPUNG MELAYU,377,5456,377,6167
202402,2,KAMPUNG MELAYU,522,5300,519,6061
202402,3,KAMPUNG MELAYU,487,7397,487,7107
202402,4,KAMPUNG MELAYU,248,3416,248,3032
202402,5,KAMPUNG MELAYU,267,3168,267,3372
202402,6,KAMPUNG MELAYU,435,6201,435,6800
202403,1,RAGUNAN,10,22,10,25
202403,2,RAGUNAN,10,28,10,31
202403,3,RAGUNAN,10,29,10,25
202403,4,RAGUNAN,10,25,10,23
202403,5,RAGUNAN,10,37,10,31
202403,6,RAGUNAN,10,35,10,21
202403,7,RAGUNAN,10,31,10,28
202403,8,RAGUNAN,10,43,10,47
202403,9,RAGUNAN,10,74,10,73
202403,10,RAGUNAN,10,29,10,25
202403,11,RAGUNAN,10,51,10,48
202403,12,RAGUNAN,10,82,10,85
202403,13,RAGUNAN,10,27,10,29
202403,14,RAGUNAN,10,32,10,32
202403,15,RAGUNAN,10,48,10,45
202403,16,RAGUNAN,10,46,10,42
202403,17,RAGUNAN,10,42,10,35
202403,18,RAGUNAN,10,49,10,44
202403,19,RAGUNAN,10,24,10,25
202403,20,RAGUNAN,10,45,10,47
202403,21,RAGUNAN,10,42,10,49
202403,22,RAGUNAN,10,42,10,52
202403,23,RAGUNAN,10,48,10,55
202403,24,RAGUNAN,10,52,10,56
202403,25,RAGUNAN,10,36,10,34
202403,26,RAGUNAN,10,27,10,27
202403,27,RAGUNAN,10,23,10,28
202403,28,RAGUNAN,10,45,10,52
202403,29,RAGUNAN,10,51,10,48
202403,30,RAGUNAN,10,82,10,85
202403,31,RAGUNAN,10,71,10,70
202403,1,BLOK M,261,2681,261,3672
202403,2,BLOK M,205,2724,205,3681
202403,3,BLOK M,201,2571,201,3522
202403,4,BLOK M,254,2779,254,3793
202403,5,BLOK M,254,2721,254,3677
202403,6,BLOK M,261,2716,261,3721
202403,7,BLOK M,263,2644,263,3622
202403,8,BLOK M,247,2740,247,3653
202403,9,BLOK M,203,2734,203,3597
202403,10,BLOK M,204,2709,204,3661
202403,11,BLOK M,203,2720,203,3675
202403,12,BLOK M,206,2589,206,3452
202403,13,BLOK M,240,2585,240,3541
202403,14,BLOK M,260,2684,260,3578
202403,15,BLOK M,228,2753,228,3642
202403,16,BLOK M,187,2539,187,3527
202403,17,BLOK M,190,2635,190,3561
202403,18,BLOK M,240,2723,240,3680
202403,19,BLOK M,247,2785,247,3764
202403,20,BLOK M,247,2754,247,3721
202403,21,BLOK M,246,2763,246,3684
202403,22,BLOK M,250,2680,250,3722
202403,23,BLOK M,177,2629,177,3651
202403,24,BLOK M,177,2695,177,3642
202403,25,BLOK M,235,2783,235,3761
202403,26,BLOK M,248,2785,248,3764
202403,27,BLOK M,248,2724,248,3681
202403,28,BLOK M,259,2726,259,3707
202403,29,BLOK M,170,2492,170,3308
202403,30,BLOK M,170,2538,170,3367
202403,31,BLOK M,170,2429,170,3282
202403,1,CILILITAN,37,4469,37,3957
202403,2,CILILITAN,26,3676,26,3198
202403,3,CILILITAN,26,2737,26,2848
202403,4,CILILITAN,37,4123,37,3930
202403,5,CILILITAN,37,4089,37,3912
202403,6,CILILITAN,33,4125,33,3524
202403,7,CILILITAN,37,4589,37,4135
202403,8,CILILITAN,37,4524,37,4077
202403,9,CILILITAN,27,3234,27,2814
202403,10,CILILITAN,26,3185,26,2741
202403,11,CILILITAN,26,2689,26,2186
202403,12,CILILITAN,26,2843,26,2354
202403,13,CILILITAN,37,3978,37,3420
202403,14,CILILITAN,37,4028,37,3573
202403,15,CILILITAN,37,4760,37,3455
202403,16,CILILITAN,25,3817,25,3321
202403,17,CILILITAN,25,3412,25,3937
202403,18,CILILITAN,37,4077,37,3655
202403,19,CILILITAN,37,4014,37,3569
202403,20,CILILITAN,37,3928,37,3412
202403,21,CILILITAN,37,3729,37,3582
202403,22,CILILITAN,37,3814,37,3562
202403,23,CILILITAN,25,3048,25,2802
202403,24,CILILITAN,24,2914,24,2439
202403,25,CILILITAN,37,4304,37,3827
202403,26,CILILITAN,37,3669,37,2653
202403,27,CILILITAN,37,4385,37,3848
202403,28,CILILITAN,37,4267,37,3778
202403,29,CILILITAN,37,4377,37,3853
202403,30,CILILITAN,25,3317,25,2815
202403,31,CILILITAN,25,3412,25,2902
202403,1,KLENDER,58,147,58,150
202403,2,KLENDER,58,138,58,148
202403,3,KLENDER,58,145,58,152
202403,4,KLENDER,58,138,58,147
202403,5,KLENDER,58,140,58,151
202403,6,KLENDER,58,142,58,151
202403,7,KLENDER,58,139,58,146
202403,8,KLENDER,58,140,58,149
202403,9,KLENDER,58,135,58,136
202403,10,KLENDER,58,145,58,152
202403,11,KLENDER,58,151,58,150
202403,12,KLENDER,58,153,58,155
202403,13,KLENDER,58,152,58,154
202403,14,KLENDER,58,150,58,156
202403,15,KLENDER,58,146,58,149
202403,16,KLENDER,58,148,58,150
202403,17,KLENDER,58,152,58,155
202403,18,KLENDER,58,162,58,173
202403,19,KLENDER,58,154,58,158
202403,20,KLENDER,58,147,58,150
202403,25,MANGGARAI,15,0,15,2276
202403,26,MANGGARAI,15,0,15,2192
202403,27,MANGGARAI,15,0,15,2260
202403,28,MANGGARAI,15,0,15,2279
202403,29,MANGGARAI,12,0,12,1322
202403,30,MANGGARAI,12,0,12,1423
202403,31,MANGGARAI,11,0,11,1109
202403,1,PULOGADUNG,99,446,99,462
202403,2,PULOGADUNG,96,433,96,451
202403,3,PULOGADUNG,96,428,96,446
202403,4,PULOGADUNG,99,439,99,451
202403,5,PULOGADUNG,99,422,99,446
202403,6,PULOGADUNG,99,438,99,458
202403,7,PULOGADUNG,99,446,99,479
202403,8,PULOGADUNG,99,473,99,482
202403,9,PULOGADUNG,99,452,99,468
202403,10,PULOGADUNG,99,422,99,469
202403,11,PULOGADUNG,96,438,96,472
202403,12,PULOGADUNG,96,427,96,456
202403,13,PULOGADUNG,99,448,99,479
202403,14,PULOGADUNG,96,425,96,463
202403,15,PULOGADUNG,96,439,96,458
202403,16,PULOGADUNG,96,412,96,427
202403,17,PULOGADUNG,96,406,96,413
202403,18,PULOGADUNG,99,422,99,456
202403,19,PULOGADUNG,99,436,99,447
202403,20,PULOGADUNG,99,452,99,466
202403,21,PULOGADUNG,99,433,99,451
202403,22,PULOGADUNG,99,421,99,436
202403,23,PULOGADUNG,96,392,96,406
202403,24,PULOGADUNG,96,372,96,399
202403,25,PULOGADUNG,99,396,99,425
202403,26,PULOGADUNG,99,406,99,438
202403,27,PULOGADUNG,99,427,99,446
202403,28,PULOGADUNG,99,435,99,458
202403,29,PULOGADUNG,96,453,96,477
202403,30,PULOGADUNG,96,421,96,434
202403,31,PULOGADUNG,96,409,96,416
202403,1,KAMPUNG RAMBUTAN,362,2842,85,447
202403,2,KAMPUNG RAMBUTAN,372,2886,75,434
202403,3,KAMPUNG RAMBUTAN,382,3102,65,391
202403,4,KAMPUNG RAMBUTAN,371,2887,68,418
202403,5,KAMPUNG RAMBUTAN,362,2763,82,445
202403,6,KAMPUNG RAMBUTAN,366,2776,87,531
202403,7,KAMPUNG RAMBUTAN,366,2695,82,375
202403,8,KAMPUNG RAMBUTAN,357,2709,118,986
202403,9,KAMPUNG RAMBUTAN,376,2808,97,888
202403,10,KAMPUNG RAMBUTAN,378,2936,74,744
202403,11,KAMPUNG RAMBUTAN,376,2990,61,342
202403,12,KAMPUNG RAMBUTAN,367,2351,69,343
202403,13,KAMPUNG RAMBUTAN,367,2418,59,268
202403,14,KAMPUNG RAMBUTAN,341,2288,75,290
202403,15,KAMPUNG RAMBUTAN,331,2341,67,318
202403,16,KAMPUNG RAMBUTAN,331,2123,69,319
202403,17,KAMPUNG RAMBUTAN,331,2504,64,229
202403,18,KAMPUNG RAMBUTAN,339,2538,73,274
202403,19,KAMPUNG RAMBUTAN,332,2366,50,227
202403,20,KAMPUNG RAMBUTAN,337,2354,56,234
202403,21,KAMPUNG RAMBUTAN,330,2245,64,274
202403,22,KAMPUNG RAMBUTAN,328,2288,87,436
202403,23,KAMPUNG RAMBUTAN,313,2001,68,259
202403,24,KAMPUNG RAMBUTAN,320,1912,82,422
202403,25,TANJUNG PRIOK,84,243,70,239
202403,26,TANJUNG PRIOK,86,246,71,238
202403,27,TANJUNG PRIOK,88,252,76,248
202403,28,TANJUNG PRIOK,93,232,80,346
202403,29,TANJUNG PRIOK,83,239,72,318
202403,30,TANJUNG PRIOK,101,337,87,643
202403,31,TANJUNG PRIOK,95,412,79,381
202403,1,GROGOL,103,17,103,204
202403,2,GROGOL,106,11,106,211
202403,3,GROGOL,98,14,98,119
202403,4,GROGOL,94,22,94,191
202403,5,GROGOL,88,18,88,176
202403,6,GROGOL,92,21,92,184
202403,7,GROGOL,96,18,96,189
202403,8,GROGOL,108,15,108,221
202403,9,GROGOL,99,18,99,201
202403,10,GROGOL,88,14,88,184
202403,11,GROGOL,82,18,82,171
202403,12,GROGOL,87,22,87,182
202403,13,GROGOL,91,27,91,188
202403,14,GROGOL,102,16,102,196
202403,15,GROGOL,108,19,108,201
202403,16,GROGOL,105,21,105,186
202403,17,GROGOL,92,18,92,172
202403,18,GROGOL,96,26,96,181
202403,19,GROGOL,88,23,88,165
202403,20,GROGOL,85,18,85,158
202403,21,GROGOL,88,15,88,164
202403,22,GROGOL,93,17,93,186
202403,23,GROGOL,95,14,95,193
202403,24,GROGOL,87,22,87,186
202403,25,GROGOL,92,25,92,181
202403,26,GROGOL,86,23,86,173
202403,27,GROGOL,98,19,98,201
202403,28,GROGOL,101,17,101,213
202403,29,GROGOL,98,14,98,202
202403,30,GROGOL,106,11,106,214
202403,31,GROGOL,111,16,111,231
202403,1,MUARA ANGKE,5,41,5,48
202403,2,MUARA ANGKE,5,43,5,51
202403,3,MUARA ANGKE,5,41,5,53
202403,4,MUARA ANGKE,5,46,5,57
202403,5,MUARA ANGKE,5,47,5,59
202403,6,MUARA ANGKE,5,43,5,50
202403,7,MUARA ANGKE,5,45,5,54
202403,8,MUARA ANGKE,5,46,5,52
202403,9,MUARA ANGKE,5,40,5,50
202403,10,MUARA ANGKE,5,38,5,47
202403,11,MUARA ANGKE,5,32,5,43
202403,12,MUARA ANGKE,5,30,5,38
202403,13,MUARA ANGKE,5,31,5,40
202403,14,MUARA ANGKE,5,36,5,50
202403,15,MUARA ANGKE,5,35,5,51
202403,16,MUARA ANGKE,5,30,5,47
202403,17,MUARA ANGKE,5,27,5,38
202403,18,MUARA ANGKE,5,31,5,42
202403,19,MUARA ANGKE,5,36,5,46
202403,20,MUARA ANGKE,5,33,5,41
202403,21,MUARA ANGKE,5,35,5,49
202403,22,MUARA ANGKE,5,33,5,51
202403,23,MUARA ANGKE,5,30,5,48
202403,24,MUARA ANGKE,5,28,5,45
202403,25,MUARA ANGKE,5,34,5,48
202403,26,MUARA ANGKE,5,31,5,42
202403,27,MUARA ANGKE,5,32,5,46
202404,1,RAGUNAN,10,28,10,25
202404,2,RAGUNAN,10,21,10,39
202404,3,RAGUNAN,10,37,10,31
202404,4,RAGUNAN,10,45,10,52
202404,5,RAGUNAN,10,59,10,57
202404,6,RAGUNAN,10,52,10,56
202404,7,RAGUNAN,10,70,10,65
202404,8,RAGUNAN,10,80,10,78
202404,9,RAGUNAN,10,52,10,56
202404,10,RAGUNAN,10,74,10,80
202404,11,RAGUNAN,10,152,10,303
202404,12,RAGUNAN,10,188,10,308
202404,13,RAGUNAN,10,184,10,126
202404,14,RAGUNAN,10,116,10,145
202404,15,RAGUNAN,10,191,10,299
202404,16,RAGUNAN,10,42,10,52
202404,17,RAGUNAN,10,48,10,55
202404,18,RAGUNAN,10,52,10,56
202404,19,RAGUNAN,10,45,10,47
202404,20,RAGUNAN,10,82,10,85
202404,21,RAGUNAN,10,42,10,52
202404,22,RAGUNAN,10,36,10,34
202404,23,RAGUNAN,10,43,10,47
202404,24,RAGUNAN,10,54,10,56
202404,25,RAGUNAN,10,57,10,60
202404,26,RAGUNAN,10,51,10,57
202404,27,RAGUNAN,10,51,10,48
202404,28,RAGUNAN,10,82,10,85
202404,29,RAGUNAN,10,27,10,29
202404,30,RAGUNAN,10,32,10,32
202404,1,BLOK M,237,2695,237,3692
202404,2,BLOK M,238,2722,238,3678
202404,3,BLOK M,237,2684,237,3677
202404,4,BLOK M,240,2722,240,3679
202404,5,BLOK M,244,2755,244,3723
202404,6,BLOK M,176,2685,176,3678
202404,7,BLOK M,173,2675,173,3665
202404,8,BLOK M,156,2795,156,3727
202404,9,BLOK M,156,2849,156,3749
202404,10,BLOK M,140,2777,140,3753
202404,11,BLOK M,140,2725,140,3682
202404,12,BLOK M,163,2767,163,3689
202404,13,BLOK M,161,2746,161,3761
202404,14,BLOK M,163,2837,163,3783
202404,15,BLOK M,163,2847,163,3766
202404,16,BLOK M,220,2620,220,3639
202404,17,BLOK M,228,2786,228,3765
202404,18,BLOK M,219,2610,219,3527
202404,19,BLOK M,216,2680,216,3621
202404,20,BLOK M,188,2620,188,3541
202404,21,BLOK M,187,2674,187,3565
202404,22,BLOK M,222,2633,222,3657
202404,23,BLOK M,223,2648,223,3678
202404,24,BLOK M,223,2717,223,3671
202404,25,BLOK M,223,2725,223,3682
202404,26,BLOK M,247,2720,247,3676
202404,27,BLOK M,177,2626,177,3549
202404,28,BLOK M,183,2706,183,3657
202404,29,BLOK M,246,2756,246,3675
202404,30,BLOK M,247,2555,247,3549
202404,1,CILILITAN,37,4429,37,3973
202404,2,CILILITAN,37,4513,37,4068
202404,3,CILILITAN,37,4621,37,4125
202404,4,CILILITAN,37,4524,37,4058
202404,5,CILILITAN,37,4320,37,3806
202404,6,CILILITAN,25,3845,25,3381
202404,7,CILILITAN,25,3347,25,2849
202404,8,CILILITAN,25,3232,25,2931
202404,9,CILILITAN,25,2524,25,2032
202404,10,CILILITAN,25,2123,25,1517
202404,11,CILILITAN,25,3015,25,2536
202404,12,CILILITAN,25,2030,25,2347
202404,13,CILILITAN,25,2298,25,2678
202404,14,CILILITAN,25,2354,25,2734
202404,15,CILILITAN,25,2970,25,3052
202404,16,CILILITAN,37,3917,37,3665
202404,17,CILILITAN,37,3912,37,3657
202404,18,CILILITAN,37,4236,37,3716
202404,19,CILILITAN,37,4178,37,3697
202404,20,CILILITAN,25,2600,25,3081
202404,21,CILILITAN,25,2234,25,2303
202404,22,CILILITAN,38,4232,38,3886
202404,23,CILILITAN,38,4211,38,3789
202404,24,CILILITAN,38,4438,38,3982
202404,25,CILILITAN,38,4521,38,3844
202404,26,CILILITAN,38,3917,38,4034
202404,27,CILILITAN,38,3324,38,3050
202404,28,CILILITAN,25,2978,25,2673
202404,29,CILILITAN,38,4325,38,3899
202404,30,CILILITAN,38,4412,38,3944
202404,1,KLENDER,133,332,133,264
202404,2,KLENDER,133,261,133,208
202404,3,KLENDER,133,342,133,341
202404,4,KLENDER,133,272,133,223
202404,5,KLENDER,133,478,133,374
202404,6,KLENDER,141,279,144,285
202404,7,KLENDER,139,282,142,287
202404,8,KLENDER,141,282,143,287
202404,9,KLENDER,138,288,140,298
202404,10,KLENDER,142,298,144,304
202404,11,KLENDER,140,305,143,312
202404,12,KLENDER,138,296,140,304
202404,13,KLENDER,135,280,139,285
202404,14,KLENDER,137,278,138,285
202404,15,KLENDER,141,293,144,297
202404,16,KLENDER,133,368,133,316
202404,17,KLENDER,133,411,133,410
202404,18,KLENDER,133,302,133,314
202404,19,KLENDER,141,296,143,301
202404,20,KLENDER,142,295,144,303
202404,21,KLENDER,138,288,140,298
202404,22,KLENDER,140,298,143,304
202404,23,KLENDER,133,296,133,304
202404,24,KLENDER,141,296,143,304
202404,25,KLENDER,133,302,133,314
202404,26,KLENDER,134,292,138,307
202404,27,KLENDER,138,295,141,301
202404,28,KLENDER,139,292,138,288
202404,29,KLENDER,140,305,143,312
202404,30,KLENDER,135,270,137,283
202404,1,PASAR MINGGU,79,0,79,159
202404,2,PASAR MINGGU,89,0,89,200
202404,3,PASAR MINGGU,92,0,92,194
202404,4,PASAR MINGGU,90,0,90,205
202404,5,PASAR MINGGU,88,0,88,174
202404,6,PASAR MINGGU,80,0,80,169
202404,7,PASAR MINGGU,83,0,83,189
202404,8,PASAR MINGGU,84,0,84,188
202403,28,MUARA ANGKE,5,34,5,50
202403,29,MUARA ANGKE,5,32,5,48
202403,30,MUARA ANGKE,5,36,5,52
202403,31,MUARA ANGKE,5,35,5,50
202403,1,LEBAK BULUS,40,0,40,213
202403,2,LEBAK BULUS,40,2,40,227
202403,3,LEBAK BULUS,39,1,39,198
202403,4,LEBAK BULUS,40,3,40,197
202403,5,LEBAK BULUS,40,0,40,201
202403,6,LEBAK BULUS,39,0,39,211
202403,7,LEBAK BULUS,40,2,40,195
202403,8,LEBAK BULUS,43,3,43,221
202403,9,LEBAK BULUS,42,0,42,215
202403,10,LEBAK BULUS,39,0,39,201
202403,11,LEBAK BULUS,39,0,39,197
202403,12,LEBAK BULUS,39,0,39,199
202403,13,LEBAK BULUS,38,0,38,201
202403,14,LEBAK BULUS,39,0,39,199
202403,15,LEBAK BULUS,39,2,39,189
202403,16,LEBAK BULUS,40,0,40,201
202403,17,LEBAK BULUS,39,0,39,199
202403,18,LEBAK BULUS,39,0,39,201
202403,19,LEBAK BULUS,39,1,39,211
202403,20,LEBAK BULUS,40,5,40,201
202403,21,LEBAK BULUS,37,0,37,189
202403,22,LEBAK BULUS,39,0,39,199
202403,23,LEBAK BULUS,36,0,36,197
202403,24,LEBAK BULUS,40,3,40,201
202403,25,LEBAK BULUS,39,0,39,213
202403,26,LEBAK BULUS,38,0,38,175
202403,27,LEBAK BULUS,35,0,35,177
202403,28,LEBAK BULUS,37,0,37,196
202403,29,LEBAK BULUS,39,0,39,201
202403,30,LEBAK BULUS,39,0,39,211
202403,31,LEBAK BULUS,40,0,40,199
202403,1,PINANGRANTI,74,78,74,85
202403,2,PINANGRANTI,64,57,64,59
202403,3,PINANGRANTI,64,52,64,57
202403,4,PINANGRANTI,74,72,74,77
202403,5,PINANGRANTI,74,74,74,75
202403,6,PINANGRANTI,74,79,74,84
202403,7,PINANGRANTI,74,78,74,86
202403,8,PINANGRANTI,74,67,74,69
202403,9,PINANGRANTI,64,57,54,55
202403,10,PINANGRANTI,64,52,64,57
202403,11,PINANGRANTI,64,59,54,55
202403,12,PINANGRANTI,64,67,64,69
202403,13,PINANGRANTI,74,72,74,77
202403,14,PINANGRANTI,74,74,74,75
202403,15,PINANGRANTI,74,72,74,80
202403,16,PINANGRANTI,64,56,64,68
202403,17,PINANGRANTI,64,54,64,63
202403,18,PINANGRANTI,74,72,74,78
202403,19,PINANGRANTI,74,80,74,81
202403,20,PINANGRANTI,74,72,74,77
202403,21,PINANGRANTI,74,86,74,83
202403,22,PINANGRANTI,74,70,74,77
202403,23,PINANGRANTI,64,56,64,59
202403,24,PINANGRANTI,64,52,64,56
202403,25,PINANGRANTI,74,72,74,75
202403,26,PINANGRANTI,74,74,74,77
202403,27,PINANGRANTI,74,72,74,77
202403,28,PINANGRANTI,74,74,74,79
202403,29,PINANGRANTI,64,57,54,55
202403,30,PINANGRANTI,64,52,64,57
202403,31,PINANGRANTI,64,56,54,55
202403,1,RAWAMANGUN,16,15,16,15
202403,2,RAWAMANGUN,15,14,15,12
202403,3,RAWAMANGUN,15,13,15,13
202403,4,RAWAMANGUN,17,16,17,15
202403,5,RAWAMANGUN,17,16,17,15
202403,6,RAWAMANGUN,17,19,17,18
202403,7,RAWAMANGUN,17,19,17,15
202403,8,RAWAMANGUN,16,16,16,15
202403,9,RAWAMANGUN,15,14,15,13
202403,10,RAWAMANGUN,15,13,15,13
202403,11,RAWAMANGUN,15,17,15,13
202403,12,RAWAMANGUN,15,17,15,16
202403,13,RAWAMANGUN,17,20,17,18
202403,14,RAWAMANGUN,17,18,17,18
202403,15,RAWAMANGUN,17,19,17,16
202403,16,RAWAMANGUN,14,12,14,13
202403,17,RAWAMANGUN,15,12,15,11
202403,18,RAWAMANGUN,17,17,17,15
202403,19,RAWAMANGUN,17,22,17,18
202403,20,RAWAMANGUN,17,20,17,19
202403,21,RAWAMANGUN,17,21,17,18
202403,22,RAWAMANGUN,17,19,17,17
202403,23,RAWAMANGUN,15,15,15,14
202403,24,RAWAMANGUN,15,13,15,13
202403,25,RAWAMANGUN,17,18,17,16
202403,26,RAWAMANGUN,17,21,17,18
202403,27,RAWAMANGUN,17,18,17,16
202403,28,RAWAMANGUN,17,20,17,18
202403,29,RAWAMANGUN,15,14,15,13
202403,30,RAWAMANGUN,15,13,15,12
202403,31,RAWAMANGUN,15,15,15,13
202404,9,PASAR MINGGU,83,0,83,185
202404,10,PASAR MINGGU,83,0,83,210
202404,11,PASAR MINGGU,88,0,88,205
202404,12,PASAR MINGGU,86,0,86,213
202404,13,PASAR MINGGU,82,0,662,196
202404,14,PASAR MINGGU,79,0,79,183
202404,15,PASAR MINGGU,85,0,85,159
202404,16,PASAR MINGGU,84,0,84,193
202404,17,PASAR MINGGU,84,0,84,165
202404,18,PASAR MINGGU,85,0,85,182
202404,19,PASAR MINGGU,88,0,88,173
202404,20,PASAR MINGGU,84,0,84,187
202404,21,PASAR MINGGU,87,0,87,181
202404,22,PASAR MINGGU,89,0,89,173
202404,23,PASAR MINGGU,86,0,86,167
202404,24,PASAR MINGGU,84,0,84,194
202404,25,PASAR MINGGU,90,0,90,214
202404,26,PASAR MINGGU,82,0,82,196
202404,27,PASAR MINGGU,79,0,79,183
202404,28,PASAR MINGGU,85,0,85,176
202404,29,PASAR MINGGU,84,0,84,191
202404,30,PASAR MINGGU,89,0,89,200
202404,1,KAMPUNG MELAYU,305,2849,305,3489
202404,2,KAMPUNG MELAYU,280,3453,280,3158
202404,3,KAMPUNG MELAYU,366,3486,366,4613
202404,4,KAMPUNG MELAYU,379,4514,380,3815
202404,5,KAMPUNG MELAYU,324,2811,323,3227
202404,6,KAMPUNG MELAYU,152,2226,155,2104
202404,7,KAMPUNG MELAYU,225,2263,228,2472
202404,8,KAMPUNG MELAYU,234,3222,234,3547
202404,9,KAMPUNG MELAYU,277,2691,277,2110
202404,10,KAMPUNG MELAYU,33,95,34,286
202404,11,KAMPUNG MELAYU,263,1347,263,1362
202404,12,KAMPUNG MELAYU,369,2733,369,2533
202404,13,KAMPUNG MELAYU,295,3051,298,2970
202404,14,KAMPUNG MELAYU,339,2590,345,2989
202404,15,KAMPUNG MELAYU,272,2672,273,2660
202404,16,KAMPUNG MELAYU,269,2847,274,2935
202404,17,KAMPUNG MELAYU,297,3541,297,3171
202404,18,KAMPUNG MELAYU,265,3811,265,3766
202404,19,KAMPUNG MELAYU,238,3800,238,4205
202404,20,KAMPUNG MELAYU,292,2262,292,2122
202404,21,KAMPUNG MELAYU,289,2114,289,2203
202404,22,KAMPUNG MELAYU,288,3307,288,3307
202404,23,KAMPUNG MELAYU,258,3966,259,3347
202404,24,KAMPUNG MELAYU,317,4116,317,3656
202404,25,KAMPUNG MELAYU,302,3726,302,3688
202404,26,KAMPUNG MELAYU,346,3424,346,3123
202404,27,KAMPUNG MELAYU,258,2552,258,2685
202404,28,KAMPUNG MELAYU,278,2026,275,1649
202404,29,KAMPUNG MELAYU,348,3172,349,2881
202404,30,KAMPUNG MELAYU,289,2114,289,2203
202404,1,SENEN,240,1535,240,1771
202404,2,SENEN,240,1541,240,1727
202404,3,SENEN,240,1560,240,1710
202404,4,SENEN,239,1542,239,1735
202404,5,SENEN,191,1199,191,1383
202404,6,SENEN,188,1189,188,1377
202404,7,SENEN,191,1200,191,1391
202404,8,SENEN,242,1503,242,1728
202404,9,SENEN,239,1542,239,1735
202404,10,SENEN,188,1187,188,1389
202404,11,SENEN,191,1195,191,1349
202404,12,SENEN,188,1187,188,1389
202404,13,SENEN,190,1204,190,1362
202404,14,SENEN,192,1230,192,1334
202404,15,SENEN,242,1523,242,1724
202404,16,SENEN,239,1547,239,1736
202404,17,SENEN,238,1555,238,1698
202404,18,SENEN,242,1551,242,1729
202404,19,SENEN,237,1531,237,1772
202404,20,SENEN,191,1318,191,1493
202404,21,SENEN,188,1278,191,1425
202404,22,SENEN,190,1204,190,1362
202404,23,SENEN,239,1538,239,1760
202404,24,SENEN,239,1540,239,1686
202404,25,SENEN,238,1560,238,1729
202404,26,SENEN,237,1563,237,1790
202404,27,SENEN,191,1348,191,1494
202404,28,SENEN,188,1348,188,1446
202404,29,SENEN,242,1542,242,1743
202404,30,SENEN,231,1546,231,1699
202404,1,MANGGARAI,49,3788,49,14505
202404,2,MANGGARAI,48,3556,48,14501
202404,3,MANGGARAI,47,3827,47,13781
202404,4,MANGGARAI,48,3143,48,12820
202404,5,MANGGARAI,48,2861,48,11993
202404,6,MANGGARAI,34,1595,34,7560
202404,7,MANGGARAI,33,1182,33,5476
202404,8,MANGGARAI,33,1313,33,5821
202404,9,MANGGARAI,33,1100,33,4365
202404,10,MANGGARAI,30,1041,30,3670
202403,25,KAMPUNG RAMBUTAN,312,1991,58,286
202403,26,KAMPUNG RAMBUTAN,309,2006,66,303
202403,27,KAMPUNG RAMBUTAN,310,1996,62,292
202403,28,KAMPUNG RAMBUTAN,316,1961,92,468
202403,29,KAMPUNG RAMBUTAN,318,2030,87,415
202403,30,KAMPUNG RAMBUTAN,326,2083,91,561
202403,31,KAMPUNG RAMBUTAN,328,2247,93,692
202403,1,KALIDERES,88,247,76,263
202403,2,KALIDERES,93,258,82,294
202403,3,KALIDERES,86,272,76,266
202403,4,KALIDERES,83,304,73,241
202403,5,KALIDERES,80,276,70,229
202403,6,KALIDERES,76,245,66,208
202403,7,KALIDERES,82,213,72,232
202403,8,KALIDERES,89,248,79,348
202403,9,KALIDERES,97,256,86,383
202403,10,KALIDERES,94,271,83,359
202403,11,KALIDERES,90,294,80,349
202403,12,KALIDERES,97,337,86,275
202403,13,KALIDERES,92,283,82,297
202403,14,KALIDERES,89,251,79,328
202403,15,KALIDERES,94,237,84,356
202403,16,KALIDERES,99,215,87,422
202403,17,KALIDERES,92,249,81,404
202403,18,KALIDERES,88,291,78,383
202403,19,KALIDERES,85,262,75,321
202403,20,KALIDERES,82,244,72,359
202403,21,KALIDERES,87,226,77,395
202403,22,KALIDERES,93,258,93,430
202403,23,KALIDERES,99,235,88,498
202403,24,KALIDERES,95,267,85,446
202403,25,KALIDERES,90,319,80,412
202403,26,KALIDERES,86,273,76,377
202403,27,KALIDERES,89,241,79,424
202403,28,KALIDERES,96,224,85,485
202403,29,KALIDERES,102,258,91,627
202403,30,KALIDERES,115,272,102,891
202403,31,KALIDERES,109,246,98,813
202403,1,TANJUNG PRIOK,72,252,63,253
202403,2,TANJUNG PRIOK,75,267,66,276
202403,3,TANJUNG PRIOK,80,273,70,242
202403,4,TANJUNG PRIOK,70,246,60,235
202403,5,TANJUNG PRIOK,67,237,56,229
202403,6,TANJUNG PRIOK,63,232,53,227
202403,7,TANJUNG PRIOK,72,237,62,241
202403,8,TANJUNG PRIOK,103,581,86,1098
202403,9,TANJUNG PRIOK,85,493,75,736
202403,10,TANJUNG PRIOK,80,285,73,557
202403,11,TANJUNG PRIOK,70,412,60,249
202403,12,TANJUNG PRIOK,73,615,63,232
202403,13,TANJUNG PRIOK,72,605,61,235
202403,14,TANJUNG PRIOK,74,321,64,230
202403,15,TANJUNG PRIOK,78,245,68,263
202403,16,TANJUNG PRIOK,86,236,76,275
202403,17,TANJUNG PRIOK,90,352,75,236
202403,18,TANJUNG PRIOK,76,249,66,231
202403,19,TANJUNG PRIOK,71,237,61,229
202403,20,TANJUNG PRIOK,73,230,63,238
202403,21,TANJUNG PRIOK,75,229,65,249
202403,22,TANJUNG PRIOK,81,233,71,253
202403,23,TANJUNG PRIOK,84,236,74,268
202403,24,TANJUNG PRIOK,90,257,76,242
202405,27,CILILITAN,37,4283,37,4014
202405,28,CILILITAN,37,4172,37,3937
202405,29,CILILITAN,37,4316,37,4098
202405,30,CILILITAN,37,4297,37,3914
202405,31,CILILITAN,37,4347,37,4059
202405,1,KLENDER,133,285,133,292
202405,2,KLENDER,133,273,133,284
202405,3,KLENDER,133,283,133,292
202405,4,KLENDER,133,292,133,302
202405,5,KLENDER,133,291,133,299
202405,6,KLENDER,133,280,133,303
202405,7,KLENDER,133,289,133,301
202405,8,KLENDER,133,281,133,289
202405,9,KLENDER,133,301,133,309
202405,10,KLENDER,133,292,133,301
202405,11,KLENDER,133,284,133,293
202405,12,KLENDER,133,298,133,309
202405,13,KLENDER,133,289,133,300
202405,14,KLENDER,134,288,137,303
202405,15,KLENDER,137,296,140,315
202405,16,KLENDER,133,302,133,310
202405,17,KLENDER,133,302,133,314
202405,18,KLENDER,141,296,143,301
202405,19,KLENDER,142,295,144,303
202405,20,KLENDER,138,288,140,298
202405,21,KLENDER,136,290,136,299
202405,22,KLENDER,133,288,133,295
202405,23,KLENDER,137,294,137,300
202405,24,KLENDER,138,292,138,302
202405,25,KLENDER,133,295,133,301
202405,26,KLENDER,133,300,133,306
202405,27,KLENDER,141,279,144,285
202405,28,KLENDER,139,292,139,301
202405,29,KLENDER,136,300,136,311
202405,30,KLENDER,138,303,142,312
202405,31,KLENDER,134,288,137,303
202405,1,PASAR MINGGU,88,0,88,205
202405,2,PASAR MINGGU,86,0,86,213
202405,3,PASAR MINGGU,82,0,662,196
202405,4,PASAR MINGGU,79,0,79,183
202405,5,PASAR MINGGU,85,0,85,159
202405,6,PASAR MINGGU,84,0,84,193
202405,7,PASAR MINGGU,84,0,84,165
202405,8,PASAR MINGGU,84,0,84,188
202405,9,PASAR MINGGU,83,0,83,185
202405,10,PASAR MINGGU,83,0,83,210
202405,11,PASAR MINGGU,88,0,88,205
202405,12,PASAR MINGGU,86,0,86,213
202405,13,PASAR MINGGU,83,0,83,165
202405,14,PASAR MINGGU,83,0,83,149
202405,15,PASAR MINGGU,92,0,92,194
202405,16,PASAR MINGGU,90,0,90,205
202405,17,PASAR MINGGU,82,0,662,196
202405,18,PASAR MINGGU,79,0,79,183
202405,19,PASAR MINGGU,85,0,85,159
202405,20,PASAR MINGGU,84,0,84,193
202405,21,PASAR MINGGU,84,0,84,165
202405,22,PASAR MINGGU,88,0,88,199
202405,23,PASAR MINGGU,78,0,78,155
202405,24,PASAR MINGGU,84,0,84,186
202405,25,PASAR MINGGU,89,0,89,173
202405,26,PASAR MINGGU,84,0,84,187
202405,27,PASAR MINGGU,88,0,88,202
202405,28,PASAR MINGGU,83,0,83,183
202404,11,MANGGARAI,30,1397,30,4811
202404,12,MANGGARAI,34,1236,34,5452
202404,13,MANGGARAI,34,1625,34,6704
202404,14,MANGGARAI,33,1494,33,6224
202404,15,MANGGARAI,33,1798,33,7873
202404,16,MANGGARAI,46,3013,46,12810
202404,17,MANGGARAI,46,3630,46,13656
202404,18,MANGGARAI,46,3567,46,12905
202404,19,MANGGARAI,46,3535,46,14036
202404,20,MANGGARAI,34,2225,34,8319
202404,21,MANGGARAI,33,1640,33,6892
202404,22,MANGGARAI,48,3998,48,15440
202404,23,MANGGARAI,48,3972,48,15549
202404,24,MANGGARAI,48,4186,48,15554
202404,25,MANGGARAI,48,3801,48,14710
202404,26,MANGGARAI,48,3780,48,14427
202404,27,MANGGARAI,34,2367,34,8833
202404,28,MANGGARAI,33,1765,33,6791
202404,29,MANGGARAI,48,3825,48,15189
202404,30,MANGGARAI,48,4016,48,14961
202404,1,PULOGADUNG,247,1995,254,2063
202404,2,PULOGADUNG,246,2014,255,2111
202404,3,PULOGADUNG,224,1925,224,1986
202404,4,PULOGADUNG,249,1993,249,2060
202404,5,PULOGADUNG,221,1915,221,2015
202404,6,PULOGADUNG,223,1903,223,2019
202404,7,PULOGADUNG,220,1840,220,1976
202404,8,PULOGADUNG,227,1950,227,2071
202404,9,PULOGADUNG,265,2020,265,2109
202404,10,PULOGADUNG,269,2135,269,2203
202404,11,PULOGADUNG,245,2057,245,2103
202404,12,PULOGADUNG,245,1944,245,2014
202404,13,PULOGADUNG,255,2031,255,2098
202404,14,PULOGADUNG,253,2084,253,2156
202404,15,PULOGADUNG,253,2070,253,2156
202404,16,PULOGADUNG,247,1930,247,2060
202404,17,PULOGADUNG,253,2006,253,2102
202404,18,PULOGADUNG,253,2006,253,2102
202404,19,PULOGADUNG,253,2084,253,2156
202404,20,PULOGADUNG,253,2070,253,2156
202404,21,PULOGADUNG,256,2132,256,2217
202404,22,PULOGADUNG,22,367,22,402
202404,23,PULOGADUNG,256,2030,256,2140
202404,24,PULOGADUNG,253,2028,253,2147
202404,25,PULOGADUNG,266,1979,263,2007
202404,26,PULOGADUNG,271,3029,271,3122
202404,27,PULOGADUNG,268,2976,268,3099
202404,28,PULOGADUNG,256,2850,256,3023
202404,29,PULOGADUNG,267,2933,267,3067
202404,30,PULOGADUNG,189,2036,179,2082
202404,1,KAMPUNG RAMBUTAN,338,1925,90,594
202404,2,KAMPUNG RAMBUTAN,340,1882,90,583
202404,3,KAMPUNG RAMBUTAN,336,2023,84,1101
202404,4,KAMPUNG RAMBUTAN,278,1581,110,1555
202404,5,KAMPUNG RAMBUTAN,385,2276,154,2933
202404,6,KAMPUNG RAMBUTAN,404,2365,168,3111
202404,7,KAMPUNG RAMBUTAN,398,2392,163,3225
202404,8,KAMPUNG RAMBUTAN,405,2352,170,4213
202404,9,KAMPUNG RAMBUTAN,349,1971,138,2017
202404,10,KAMPUNG RAMBUTAN,203,1271,90,1713
202404,11,KAMPUNG RAMBUTAN,307,2591,78,1368
202404,12,KAMPUNG RAMBUTAN,349,4684,65,802
202404,13,KAMPUNG RAMBUTAN,416,8296,83,641
202404,14,KAMPUNG RAMBUTAN,480,13554,90,562
202404,15,KAMPUNG RAMBUTAN,536,17036,83,450
202404,16,KAMPUNG RAMBUTAN,474,11887,100,453
202404,17,KAMPUNG RAMBUTAN,435,7619,69,429
202404,18,KAMPUNG RAMBUTAN,404,6281,81,346
202404,19,KAMPUNG RAMBUTAN,411,5639,66,456
202404,20,KAMPUNG RAMBUTAN,418,5616,91,510
202404,21,KAMPUNG RAMBUTAN,450,5963,70,417
202404,22,KAMPUNG RAMBUTAN,442,4675,92,452
202404,23,KAMPUNG RAMBUTAN,413,4146,93,365
202404,24,KAMPUNG RAMBUTAN,426,4180,70,328
202404,25,KAMPUNG RAMBUTAN,440,3885,77,405
202404,26,KAMPUNG RAMBUTAN,413,3666,91,489
202404,27,KAMPUNG RAMBUTAN,406,3791,74,546
202404,28,KAMPUNG RAMBUTAN,401,3539,56,299
202404,29,KAMPUNG RAMBUTAN,401,3684,79,338
202404,30,KAMPUNG RAMBUTAN,395,3499,71,331
202404,1,KALIDERES,116,295,105,879
202404,2,KALIDERES,124,266,112,983
202404,3,KALIDERES,141,248,125,1356
202404,4,KALIDERES,164,223,149,2134
202404,5,KALIDERES,198,264,184,3358
202404,6,KALIDERES,292,237,268,5693
202404,7,KALIDERES,343,322,326,6511
202404,8,KALIDERES,237,376,218,4485
202404,9,KALIDERES,136,239,120,2062
202404,10,KALIDERES,94,116,79,527
202404,11,KALIDERES,102,241,85,639
202404,12,KALIDERES,113,378,91,684
202404,13,KALIDERES,142,669,79,576
202404,14,KALIDERES,189,3025,90,653
202404,15,KALIDERES,256,5068,84,682
202404,16,KALIDERES,205,4123,76,562
202404,17,KALIDERES,167,3037,87,671
202404,18,KALIDERES,131,1238,75,556
202404,19,KALIDERES,119,1024,83,683
202404,20,KALIDERES,164,2219,90,937
202404,21,KALIDERES,143,1856,85,742
202404,22,KALIDERES,112,971,82,694
202404,23,KALIDERES,91,687,78,658
202404,24,KALIDERES,85,632,75,689
202404,25,KALIDERES,90,596,80,723
202404,26,KALIDERES,96,648,86,781
202404,27,KALIDERES,88,673,87,707
202404,28,KALIDERES,83,673,73,675
202404,29,KALIDERES,80,695,70,626
202404,30,KALIDERES,86,651,76,609
202404,1,TANJUNG PRIOK,96,314,87,452
202404,2,TANJUNG PRIOK,103,226,90,627
202404,3,TANJUNG PRIOK,89,444,76,716
202404,4,TANJUNG PRIOK,98,520,83,848
202404,5,TANJUNG PRIOK,137,626,115,1411
202404,6,TANJUNG PRIOK,150,753,131,1665
202404,7,TANJUNG PRIOK,131,707,119,1454
202404,8,TANJUNG PRIOK,145,561,119,1527
202404,9,TANJUNG PRIOK,76,439,67,687
202404,10,TANJUNG PRIOK,52,54,29,64
202404,11,TANJUNG PRIOK,67,120,50,143
202404,12,TANJUNG PRIOK,82,423,68,205
202404,13,TANJUNG PRIOK,123,1386,107,348
202404,14,TANJUNG PRIOK,136,1472,99,352
202404,15,TANJUNG PRIOK,117,991,91,320
202404,16,TANJUNG PRIOK,98,1029,81,447
202404,17,TANJUNG PRIOK,74,673,67,564
202404,18,TANJUNG PRIOK,59,419,48,296
202404,19,TANJUNG PRIOK,70,472,57,239
202404,20,TANJUNG PRIOK,65,352,53,230
202404,21,TANJUNG PRIOK,71,438,61,247
202404,22,TANJUNG PRIOK,73,462,60,233
202404,23,TANJUNG PRIOK,75,512,64,241
202404,24,TANJUNG PRIOK,80,434,70,312
202404,25,TANJUNG PRIOK,82,471,73,384
202404,26,TANJUNG PRIOK,85,413,75,391
202404,27,TANJUNG PRIOK,90,328,77,412
202404,28,TANJUNG PRIOK,87,439,72,289
202404,29,TANJUNG PRIOK,70,347,60,238
202404,30,TANJUNG PRIOK,76,328,64,451
202404,1,GROGOL,101,22,101,206
202404,2,GROGOL,107,26,107,211
202404,3,GROGOL,109,19,109,228
202404,4,GROGOL,133,15,133,333
202404,5,GROGOL,188,12,188,374
202404,6,GROGOL,223,0,223,736
202404,7,GROGOL,153,0,153,577
202404,8,GROGOL,142,0,142,481
202404,9,GROGOL,118,0,118,359
202404,10,GROGOL,66,0,66,209
202404,11,GROGOL,68,0,68,182
202404,12,GROGOL,65,9,65,159
202404,13,GROGOL,71,18,71,192
202404,14,GROGOL,93,55,93,193
202404,15,GROGOL,125,75,125,203
202404,16,GROGOL,129,82,129,191
202404,17,GROGOL,102,96,102,150
202404,18,GROGOL,83,63,83,129
202404,19,GROGOL,93,48,93,118
202404,20,GROGOL,95,58,95,121
202404,21,GROGOL,88,41,88,106
202404,22,GROGOL,91,35,91,101
202404,23,GROGOL,87,24,87,96
202404,24,GROGOL,92,22,92,102
202404,25,GROGOL,97,28,97,113
202404,26,GROGOL,102,32,102,122
202404,27,GROGOL,98,37,98,115
202404,28,GROGOL,94,43,94,103
202404,29,GROGOL,101,48,101,96
202404,30,GROGOL,97,54,97,86
202404,1,MUARA ANGKE,5,46,5,53
202404,2,MUARA ANGKE,5,43,5,52
202404,3,MUARA ANGKE,5,23,5,216
202404,4,MUARA ANGKE,6,6,6,225
202404,5,MUARA ANGKE,7,33,6,232
202404,6,MUARA ANGKE,7,0,7,224
202404,7,MUARA ANGKE,7,11,5,192
202404,8,MUARA ANGKE,4,12,4,145
202404,9,MUARA ANGKE,3,3,3,28
202404,10,MUARA ANGKE,1,5,1,6
202404,11,MUARA ANGKE,3,26,3,46
202404,12,MUARA ANGKE,4,14,4,26
202404,13,MUARA ANGKE,2,45,2,10
202404,14,MUARA ANGKE,4,79,4,55
202404,15,MUARA ANGKE,5,49,5,49
202404,16,MUARA ANGKE,6,217,6,37
202404,17,MUARA ANGKE,3,63,3,27
202404,18,MUARA ANGKE,5,58,5,91
202404,19,MUARA ANGKE,5,55,5,76
202404,20,MUARA ANGKE,5,46,5,57
202404,21,MUARA ANGKE,5,51,5,62
202404,22,MUARA ANGKE,5,49,5,63
202404,23,MUARA ANGKE,5,45,5,51
202404,24,MUARA ANGKE,5,48,5,57
202404,25,MUARA ANGKE,5,52,5,64
202404,26,MUARA ANGKE,5,50,5,69
202404,27,MUARA ANGKE,5,48,5,63
202404,28,MUARA ANGKE,5,42,5,60
202404,29,MUARA ANGKE,5,43,5,62
202404,30,MUARA ANGKE,5,49,5,65
202404,1,LEBAK BULUS,37,0,37,123
202404,2,LEBAK BULUS,39,5,39,201
202404,3,LEBAK BULUS,43,0,43,256
202404,4,LEBAK BULUS,48,0,48,461
202404,5,LEBAK BULUS,60,0,60,763
202404,6,LEBAK BULUS,69,0,69,1717
202404,7,LEBAK BULUS,60,0,60,1152
202404,8,LEBAK BULUS,48,0,48,744
202404,9,LEBAK BULUS,42,0,42,770
202404,10,LEBAK BULUS,25,0,25,216
202404,11,LEBAK BULUS,20,0,20,109
202404,12,LEBAK BULUS,28,5,28,205
202404,13,LEBAK BULUS,37,136,37,313
202404,14,LEBAK BULUS,35,534,35,347
202404,15,LEBAK BULUS,47,646,47,278
202404,16,LEBAK BULUS,36,113,36,95
202404,17,LEBAK BULUS,29,193,29,63
202404,18,LEBAK BULUS,31,55,31,172
202404,19,LEBAK BULUS,37,73,37,193
202404,20,LEBAK BULUS,38,0,38,186
202404,21,LEBAK BULUS,40,0,40,216
202404,22,LEBAK BULUS,38,0,38,199
202404,23,LEBAK BULUS,37,0,37,187
202404,24,LEBAK BULUS,39,10,39,159
202404,25,LEBAK BULUS,39,0,39,167
202404,26,LEBAK BULUS,40,7,40,119
202404,27,LEBAK BULUS,39,0,39,123
202404,28,LEBAK BULUS,39,0,39,134
202404,29,LEBAK BULUS,38,0,38,115
202404,30,LEBAK BULUS,39,0,39,167
202404,1,PINANGRANTI,15,64,15,65
202404,2,PINANGRANTI,15,66,15,71
202404,3,PINANGRANTI,15,63,15,71
202404,4,PINANGRANTI,15,66,15,70
202404,5,PINANGRANTI,15,54,15,57
202404,6,PINANGRANTI,15,52,15,51
202404,7,PINANGRANTI,15,54,15,51
202404,8,PINANGRANTI,15,52,15,53
202404,9,PINANGRANTI,15,54,15,55
202404,10,PINANGRANTI,15,45,15,50
202404,11,PINANGRANTI,15,64,15,63
202404,12,PINANGRANTI,15,65,15,63
202404,13,PINANGRANTI,15,45,15,50
202404,14,PINANGRANTI,15,51,15,50
202404,15,PINANGRANTI,15,64,15,65
202404,16,PINANGRANTI,15,58,15,60
202404,17,PINANGRANTI,15,69,15,71
202404,18,PINANGRANTI,15,66,15,65
202404,19,PINANGRANTI,15,65,15,64
202404,20,PINANGRANTI,15,47,15,54
202404,21,PINANGRANTI,15,51,15,50
202404,22,PINANGRANTI,15,52,15,55
202404,23,PINANGRANTI,15,66,15,71
202404,24,PINANGRANTI,15,63,15,71
202404,25,PINANGRANTI,15,72,15,74
202404,26,PINANGRANTI,15,68,15,70
202404,27,PINANGRANTI,15,54,15,57
202404,28,PINANGRANTI,15,54,15,58
202404,29,PINANGRANTI,15,68,15,70
202404,30,PINANGRANTI,15,66,15,71
202404,1,RAWAMANGUN,34,42,34,38
202404,2,RAWAMANGUN,34,39,34,34
202404,3,RAWAMANGUN,34,34,34,31
202404,4,RAWAMANGUN,34,39,34,36
202404,5,RAWAMANGUN,30,26,30,24
202404,6,RAWAMANGUN,30,23,30,22
202404,7,RAWAMANGUN,30,27,30,25
202404,8,RAWAMANGUN,30,28,30,25
202404,9,RAWAMANGUN,30,24,30,20
202404,10,RAWAMANGUN,30,26,30,23
202404,11,RAWAMANGUN,30,25,30,25
202404,12,RAWAMANGUN,30,25,30,27
202404,13,RAWAMANGUN,30,26,30,23
202404,14,RAWAMANGUN,30,30,30,25
202404,15,RAWAMANGUN,30,31,30,30
202404,16,RAWAMANGUN,34,37,34,31
202404,17,RAWAMANGUN,34,39,34,36
202404,18,RAWAMANGUN,34,39,34,37
202404,19,RAWAMANGUN,34,39,34,37
202404,20,RAWAMANGUN,30,27,30,24
202404,21,RAWAMANGUN,30,29,30,24
202404,22,RAWAMANGUN,34,34,34,31
202404,23,RAWAMANGUN,34,33,34,31
202404,24,RAWAMANGUN,34,36,34,34
202404,25,RAWAMANGUN,34,36,34,34
202404,26,RAWAMANGUN,30,29,30,24
202404,27,RAWAMANGUN,30,27,30,25
202404,28,RAWAMANGUN,30,26,30,27
202404,29,RAWAMANGUN,34,34,34,31
202404,30,RAWAMANGUN,34,39,34,34
202405,1,RAGUNAN,60,157,60,152
202405,2,RAGUNAN,60,214,60,210
202405,3,RAGUNAN,60,97,60,81
202405,4,RAGUNAN,60,129,60,131
202405,5,RAGUNAN,60,148,60,143
202405,6,RAGUNAN,60,152,60,149
202405,7,RAGUNAN,60,94,60,110
202405,8,RAGUNAN,62,95,62,95
202405,9,RAGUNAN,60,106,60,103
202405,10,RAGUNAN,60,118,60,132
202405,11,RAGUNAN,60,183,60,171
202405,12,RAGUNAN,60,220,60,216
202405,13,RAGUNAN,60,148,60,143
202405,14,RAGUNAN,60,152,60,149
202405,15,RAGUNAN,60,118,60,88
202405,16,RAGUNAN,60,116,60,127
202405,17,RAGUNAN,60,111,60,115
202405,18,RAGUNAN,60,156,60,146
202405,19,RAGUNAN,60,151,60,153
202405,20,RAGUNAN,60,116,60,120
202405,21,RAGUNAN,60,144,60,156
202405,22,RAGUNAN,60,133,60,136
202405,23,RAGUNAN,60,90,60,84
202405,24,RAGUNAN,60,117,60,125
202405,25,RAGUNAN,60,134,60,145
202405,26,RAGUNAN,60,129,60,137
202405,27,RAGUNAN,60,136,60,141
202405,28,RAGUNAN,60,129,60,159
202405,29,RAGUNAN,60,136,60,152
202405,30,RAGUNAN,60,142,60,152
202405,31,RAGUNAN,60,117,60,125
202405,1,BLOK M,241,4297,241,4747
202405,2,BLOK M,299,5144,299,5370
202405,3,BLOK M,340,5186,340,5409
202405,4,BLOK M,239,4424,239,4860
202405,5,BLOK M,235,4305,235,4788
202405,6,BLOK M,324,4907,324,5231
202405,7,BLOK M,323,5090,323,5339
202405,8,BLOK M,337,5122,337,5278
202405,9,BLOK M,243,4597,243,4919
202405,10,BLOK M,242,4654,242,5011
202405,11,BLOK M,238,4387,238,4838
202405,12,BLOK M,235,4471,235,4859
202405,13,BLOK M,325,4963,325,5255
202405,14,BLOK M,313,5214,313,5413
202405,15,BLOK M,327,3110,327,3990
202405,16,BLOK M,331,5124,331,5383
202405,17,BLOK M,341,5226,341,5443
202405,18,BLOK M,237,4454,237,4899
202405,19,BLOK M,256,4383,256,4832
202405,20,BLOK M,325,5124,325,5352
202405,21,BLOK M,327,5180,327,5366
202405,22,BLOK M,328,4944,328,5249
202405,23,BLOK M,257,4264,257,4715
202405,24,BLOK M,252,4531,252,4871
202405,25,BLOK M,248,4344,248,4790
202405,26,BLOK M,245,4424,245,4864
202405,27,BLOK M,299,5015,299,5233
202405,28,BLOK M,302,5130,302,5367
202405,29,BLOK M,312,5113,312,5338
202405,30,BLOK M,302,5298,302,5447
202405,31,BLOK M,309,5167,309,5388
202405,1,CILILITAN,25,2987,25,2745
202405,2,CILILITAN,38,4225,38,4006
202405,3,CILILITAN,38,4198,38,3972
202405,4,CILILITAN,28,3512,28,3216
202405,5,CILILITAN,28,2931,28,2613
202405,6,CILILITAN,38,4395,38,4044
202405,7,CILILITAN,38,4376,38,4040
202405,8,CILILITAN,38,4227,38,4877
202405,9,CILILITAN,30,3534,30,3294
202405,10,CILILITAN,30,3534,30,3294
202405,11,CILILITAN,30,3278,30,2973
202405,12,CILILITAN,27,3027,27,2734
202405,13,CILILITAN,38,4283,38,3947
202405,14,CILILITAN,38,4165,38,3921
202405,15,CILILITAN,38,4186,38,3879
202405,16,CILILITAN,38,4123,38,3855
202405,17,CILILITAN,38,4294,38,3928
202405,18,CILILITAN,27,3287,27,3065
202405,19,CILILITAN,25,2906,25,2661
202405,20,CILILITAN,38,4050,38,3781
202405,21,CILILITAN,38,4125,38,3715
202405,22,CILILITAN,27,2714,27,2476
202405,23,CILILITAN,37,4294,37,3997
202405,24,CILILITAN,30,3315,30,3072
202405,25,CILILITAN,28,3018,28,2772
202405,26,CILILITAN,27,2936,27,2966
202405,25,LEBAK BULUS,169,1624,169,2609
202405,26,LEBAK BULUS,169,1662,169,2670
202405,27,LEBAK BULUS,169,1559,169,2646
202405,28,LEBAK BULUS,169,1940,169,2436
202405,29,LEBAK BULUS,169,1659,169,2419
202405,30,LEBAK BULUS,169,1725,169,2424
202405,31,LEBAK BULUS,170,1509,170,2733
202405,1,PINANGRANTI,99,158,99,150
202405,2,PINANGRANTI,99,158,99,167
202405,3,PINANGRANTI,99,159,99,168
202405,4,PINANGRANTI,89,119,89,125
202405,5,PINANGRANTI,89,111,89,108
202405,6,PINANGRANTI,89,115,89,113
202405,7,PINANGRANTI,89,117,89,118
202405,8,PINANGRANTI,99,149,99,156
202405,9,PINANGRANTI,99,144,99,139
202405,10,PINANGRANTI,99,154,99,164
202405,11,PINANGRANTI,89,113,89,133
202405,12,PINANGRANTI,89,108,89,123
202405,13,PINANGRANTI,99,153,99,158
202405,14,PINANGRANTI,99,148,99,154
202405,15,PINANGRANTI,99,158,99,167
202405,16,PINANGRANTI,99,159,99,168
202405,17,PINANGRANTI,89,133,89,131
202405,18,PINANGRANTI,89,128,89,128
202405,19,PINANGRANTI,89,106,89,111
202405,20,PINANGRANTI,89,113,89,111
202405,21,PINANGRANTI,90,138,89,134
202405,22,PINANGRANTI,99,126,99,136
202405,23,PINANGRANTI,99,156,99,153
202405,24,PINANGRANTI,99,148,99,148
202405,25,PINANGRANTI,89,106,89,111
202405,26,PINANGRANTI,89,113,89,111
202405,27,PINANGRANTI,99,157,99,162
202405,28,PINANGRANTI,99,151,99,157
202405,29,PINANGRANTI,99,151,99,158
202405,30,PINANGRANTI,99,138,99,144
202405,31,PINANGRANTI,99,154,99,160
202405,1,RAWAMANGUN,34,40,34,38
202405,2,RAWAMANGUN,34,39,34,37
202405,3,RAWAMANGUN,34,36,34,34
202405,4,RAWAMANGUN,30,29,30,24
202405,5,RAWAMANGUN,30,27,30,25
202405,6,RAWAMANGUN,34,34,34,31
202405,7,RAWAMANGUN,34,39,34,36
202405,8,RAWAMANGUN,34,39,34,36
202405,9,RAWAMANGUN,34,39,34,33
202405,10,RAWAMANGUN,33,33,33,31
202405,11,RAWAMANGUN,30,26,30,23
202405,12,RAWAMANGUN,30,26,30,25
202405,13,RAWAMANGUN,34,33,34,33
202405,14,RAWAMANGUN,34,38,34,32
202405,15,RAWAMANGUN,34,33,34,33
202405,16,RAWAMANGUN,32,30,32,30
202405,17,RAWAMANGUN,34,36,34,34
202405,18,RAWAMANGUN,30,29,30,24
202405,19,RAWAMANGUN,30,27,30,25
202405,20,RAWAMANGUN,34,34,34,31
202405,21,RAWAMANGUN,34,37,34,36
202405,22,RAWAMANGUN,34,39,34,36
202405,23,RAWAMANGUN,34,39,34,37
202405,24,RAWAMANGUN,34,39,34,37
202405,25,RAWAMANGUN,30,27,30,24
202405,26,RAWAMANGUN,30,29,30,24
202405,27,RAWAMANGUN,34,34,34,31
202405,28,RAWAMANGUN,34,33,34,32
202405,29,RAWAMANGUN,34,36,34,34
202405,30,RAWAMANGUN,34,37,34,33
202405,31,RAWAMANGUN,34,33,34,33
202406,1,RAGUNAN,60,183,60,171
202406,2,RAGUNAN,60,220,60,216
202406,3,RAGUNAN,60,148,60,143
202406,4,RAGUNAN,60,96,60,94
202406,5,RAGUNAN,60,132,60,138
202406,6,RAGUNAN,60,151,60,146
202406,7,RAGUNAN,60,134,60,145
202406,8,RAGUNAN,66,110,66,120
202406,9,RAGUNAN,61,128,61,111
202406,10,RAGUNAN,65,163,65,166
202406,11,RAGUNAN,60,157,60,152
202406,12,RAGUNAN,60,214,60,210
202406,13,RAGUNAN,60,97,60,81
202406,14,RAGUNAN,60,129,60,131
202406,15,RAGUNAN,60,148,60,143
202406,16,RAGUNAN,60,152,60,149
202406,17,RAGUNAN,60,149,60,131
202406,18,RAGUNAN,60,133,60,136
202406,19,RAGUNAN,60,90,60,84
202406,20,RAGUNAN,60,137,60,131
202406,21,RAGUNAN,60,131,60,143
202406,22,RAGUNAN,60,121,60,137
202406,23,RAGUNAN,60,145,60,155
202406,24,RAGUNAN,60,141,60,160
202406,25,RAGUNAN,60,140,60,172
202406,26,RAGUNAN,60,131,60,167
202406,27,RAGUNAN,60,131,60,169
202406,28,RAGUNAN,60,146,60,142
202406,29,RAGUNAN,60,144,60,157
202406,30,RAGUNAN,60,139,60,145
202406,1,BLOK M,248,4302,248,4772
202406,2,BLOK M,242,4268,242,4754
202406,3,BLOK M,333,5038,333,5284
202406,4,BLOK M,339,5043,339,5316
202406,5,BLOK M,337,5205,337,5395
202406,6,BLOK M,341,5316,341,5534
202406,7,BLOK M,339,5226,339,5464
202406,8,BLOK M,257,4454,257,4724
202406,9,BLOK M,253,4317,253,4676
202406,10,BLOK M,337,5008,337,5266
202406,11,BLOK M,337,5108,337,5352
202406,12,BLOK M,339,5135,339,5317
202406,13,BLOK M,338,5029,338,5286
202406,14,BLOK M,330,5301,330,5448
202406,15,BLOK M,249,4307,249,4543
202406,16,BLOK M,248,3843,248,4351
202406,17,BLOK M,232,3582,232,4165
202406,18,BLOK M,263,4338,263,4696
202406,19,BLOK M,296,5093,296,5230
202406,20,BLOK M,316,5145,316,5315
202406,21,BLOK M,317,5166,317,5327
202406,22,BLOK M,277,4328,277,4759
202406,23,BLOK M,264,4048,264,4593
202406,24,BLOK M,311,5125,311,5341
202406,25,BLOK M,335,5189,335,5371
202406,26,BLOK M,337,5058,337,5277
202406,27,BLOK M,335,5091,335,5298
202406,28,BLOK M,339,5164,339,5417
202406,29,BLOK M,272,4529,272,4893
202406,30,BLOK M,273,4557,273,4877
202406,1,CILILITAN,27,3217,27,3011
202406,2,CILILITAN,26,3065,26,2710
202406,3,CILILITAN,38,4375,38,4014
202406,4,CILILITAN,38,4438,38,4113
202406,5,CILILITAN,38,4517,38,4207
202406,6,CILILITAN,38,4579,38,4228
202406,7,CILILITAN,38,4325,38,4081
202406,8,CILILITAN,27,3319,27,3161
202406,9,CILILITAN,26,3047,26,2769
202406,10,CILILITAN,38,4176,38,3870
202406,11,CILILITAN,38,4349,38,4004
202406,12,CILILITAN,38,3985,38,3636
202406,13,CILILITAN,38,4369,38,4011
202406,14,CILILITAN,38,4235,38,3962
202406,15,CILILITAN,27,3199,27,2881
202406,16,CILILITAN,26,2456,26,2273
202406,17,CILILITAN,23,2192,23,1706
202406,18,CILILITAN,31,3537,31,3305
202406,19,CILILITAN,38,4167,38,3842
202406,20,CILILITAN,38,4289,38,3920
202406,21,CILILITAN,38,4176,38,3863
202406,22,CILILITAN,36,4543,36,3939
202406,23,CILILITAN,28,3678,28,3353
202406,24,CILILITAN,38,4212,38,3876
202406,25,CILILITAN,38,4298,338,3967
202406,26,CILILITAN,38,4238,38,3921
202406,27,CILILITAN,38,4392,38,3967
202406,28,CILILITAN,38,4451,38,4007
202406,29,CILILITAN,29,2567,29,3251
202406,30,CILILITAN,27,3382,27,3014
202406,1,KLENDER,131,278,137,291
202406,2,KLENDER,135,270,137,283
202406,3,KLENDER,139,269,138,273
202406,4,KLENDER,136,286,139,292
202406,5,KLENDER,138,288,141,298
202406,6,KLENDER,137,289,142,297
202406,7,KLENDER,134,283,136,292
202406,8,KLENDER,136,286,138,295
202406,9,KLENDER,139,290,141,301
202406,10,KLENDER,137,294,139,305
202406,11,KLENDER,135,287,140,300
202406,12,KLENDER,138,291,140,307
202406,13,KLENDER,137,286,139,296
202406,14,KLENDER,133,300,135,305
202406,15,KLENDER,139,295,142,310
202406,16,KLENDER,141,309,143,319
202406,17,KLENDER,143,316,145,327
202406,18,KLENDER,140,312,144,323
202406,19,KLENDER,136,299,138,308
202406,20,KLENDER,138,292,140,298
202406,21,KLENDER,137,280,139,291
202406,22,KLENDER,140,295,142,302
202406,23,KLENDER,138,291,139,298
202406,24,KLENDER,137,288,141,295
202406,25,KLENDER,139,299,142,303
202406,26,KLENDER,136,295,141,302
202406,27,KLENDER,138,295,143,303
202406,28,KLENDER,137,292,140,300
202406,29,KLENDER,139,296,142,307
202406,30,KLENDER,143,298,145,307
202406,1,PASAR MINGGU,89,0,89,173
202405,29,PASAR MINGGU,81,0,81,184
202405,30,PASAR MINGGU,92,0,92,194
202405,31,PASAR MINGGU,90,0,90,205
202405,1,KAMPUNG MELAYU,182,2479,182,2983
202405,2,KAMPUNG MELAYU,337,3595,335,3590
202405,3,KAMPUNG MELAYU,244,3639,240,3350
202405,4,KAMPUNG MELAYU,193,1855,201,2380
202405,5,KAMPUNG MELAYU,213,2514,214,2573
202405,6,KAMPUNG MELAYU,291,3548,291,4208
202405,7,KAMPUNG MELAYU,263,4303,263,3987
202405,8,KAMPUNG MELAYU,253,3498,253,3427
202405,9,KAMPUNG MELAYU,203,2129,203,2145
202405,10,KAMPUNG MELAYU,211,2668,233,2283
202405,11,KAMPUNG MELAYU,252,2645,252,2422
202405,12,KAMPUNG MELAYU,225,2697,225,1708
202405,13,KAMPUNG MELAYU,291,3570,291,4186
202405,14,KAMPUNG MELAYU,248,4664,248,4292
202405,15,KAMPUNG MELAYU,286,3552,286,4409
202405,16,KAMPUNG MELAYU,259,3572,259,3473
202405,17,KAMPUNG MELAYU,254,4197,254,3318
202405,18,KAMPUNG MELAYU,226,2421,226,1955
202405,19,KAMPUNG MELAYU,234,2560,233,2674
202405,20,KAMPUNG MELAYU,292,3429,292,3642
202405,21,KAMPUNG MELAYU,281,4121,281,4234
202405,22,KAMPUNG MELAYU,310,3449,310,4199
202405,23,KAMPUNG MELAYU,285,2238,282,2047
202405,24,KAMPUNG MELAYU,254,1939,254,2048
202405,25,KAMPUNG MELAYU,222,2763,222,2354
202405,26,KAMPUNG MELAYU,293,2231,293,2027
202405,27,KAMPUNG MELAYU,246,3574,246,4382
202405,28,KAMPUNG MELAYU,354,3874,354,3391
202405,29,KAMPUNG MELAYU,330,3737,330,3564
202405,30,KAMPUNG MELAYU,280,3049,280,3808
202405,31,KAMPUNG MELAYU,233,3439,233,3908
202405,1,SENEN,239,1560,239,1700
202405,2,SENEN,239,1554,239,1721
202405,3,SENEN,238,1570,238,1796
202405,4,SENEN,191,1336,191,1486
202405,5,SENEN,188,1345,188,1532
202405,6,SENEN,242,1516,242,1762
202405,7,SENEN,236,1526,236,1803
202405,8,SENEN,239,1556,239,1692
202405,9,SENEN,239,1546,239,1727
202405,10,SENEN,238,1574,238,1800
202405,11,SENEN,191,1347,191,1490
202405,12,SENEN,188,1344,188,1549
202405,13,SENEN,242,1503,242,1728
202405,14,SENEN,191,1195,191,1349
202405,15,SENEN,238,1545,238,1702
202405,16,SENEN,241,1559,241,1731
202405,17,SENEN,237,1571,237,1794
202405,18,SENEN,191,1311,191,1551
202405,19,SENEN,188,1324,188,1535
202405,20,SENEN,242,1516,242,1735
202405,21,SENEN,242,1523,242,1724
202405,22,SENEN,238,1555,238,1698
202405,23,SENEN,242,1551,242,1729
202405,24,SENEN,237,1531,237,1772
202405,25,SENEN,191,1318,191,1493
202405,26,SENEN,188,1278,191,1425
202405,27,SENEN,231,1546,231,1699
202405,28,SENEN,240,1560,240,1710
202405,29,SENEN,239,1542,239,1735
202405,30,SENEN,240,1558,240,1727
202405,31,SENEN,240,1563,237,1790
202405,1,MANGGARAI,34,1806,34,7041
202405,2,MANGGARAI,47,3952,47,15329
202405,3,MANGGARAI,48,3806,48,14063
202405,4,MANGGARAI,34,2354,34,8435
202405,5,MANGGARAI,33,1761,33,7073
202405,6,MANGGARAI,48,3962,48,15532
202405,7,MANGGARAI,48,3941,48,15503
202405,8,MANGGARAI,48,4135,48,16076
202405,9,MANGGARAI,34,1776,34,7504
202405,10,MANGGARAI,34,2122,34,8996
202405,11,MANGGARAI,34,2310,34,8762
202405,12,MANGGARAI,33,1773,33,7292
202405,13,MANGGARAI,49,3883,49,15277
202405,14,MANGGARAI,47,4158,47,15751
202405,15,MANGGARAI,48,4064,48,15692
202405,16,MANGGARAI,48,3898,48,15544
202405,17,MANGGARAI,49,3840,49,15062
202405,18,MANGGARAI,34,2489,34,9221
202405,19,MANGGARAI,33,1797,33,7718
202405,20,MANGGARAI,48,3938,48,15426
202405,21,MANGGARAI,49,3903,49,15412
202405,22,MANGGARAI,45,4081,45,15442
202405,23,MANGGARAI,33,1808,33,6992
202405,24,MANGGARAI,33,2182,33,8873
202405,25,MANGGARAI,33,2067,33,7900
202405,26,MANGGARAI,33,1657,33,7399
202405,27,MANGGARAI,45,3833,45,15215
202405,28,MANGGARAI,45,3912,45,15500
202405,29,MANGGARAI,45,3937,45,15290
202405,30,MANGGARAI,44,3796,44,15467
202405,31,MANGGARAI,47,3707,47,15019
202405,1,PULOGADUNG,264,2065,264,2120
202405,2,PULOGADUNG,264,2031,264,2118
202405,3,PULOGADUNG,245,1924,245,1980
202405,4,PULOGADUNG,265,2020,265,2109
202405,5,PULOGADUNG,269,2135,269,2203
202405,6,PULOGADUNG,245,2057,245,2103
202405,7,PULOGADUNG,253,2006,253,2102
202405,8,PULOGADUNG,253,2006,253,2102
202405,9,PULOGADUNG,253,2057,253,2131
202405,10,PULOGADUNG,228,2087,228,2159
202405,11,PULOGADUNG,215,1947,215,2027
202405,12,PULOGADUNG,215,1876,215,1956
202405,13,PULOGADUNG,256,2132,256,2217
202405,14,PULOGADUNG,242,1947,242,2027
202405,15,PULOGADUNG,269,2135,269,2203
202405,16,PULOGADUNG,253,1876,253,2036
202405,17,PULOGADUNG,255,1855,255,1970
202405,18,PULOGADUNG,255,1936,255,2101
202405,19,PULOGADUNG,253,1966,253,2080
202405,20,PULOGADUNG,256,2030,256,2140
202405,21,PULOGADUNG,252,1977,252,2071
202405,22,PULOGADUNG,252,2026,252,2120
202405,23,PULOGADUNG,215,1849,215,1939
202405,24,PULOGADUNG,216,1774,216,1879
202405,25,PULOGADUNG,267,1928,267,2051
202405,26,PULOGADUNG,247,1930,247,2060
202405,27,PULOGADUNG,253,2006,253,2102
202405,28,PULOGADUNG,257,2121,257,2204
202405,29,PULOGADUNG,255,2038,255,2145
202405,30,PULOGADUNG,253,2028,253,2147
202405,31,PULOGADUNG,266,1979,263,2007
202405,1,KAMPUNG RAMBUTAN,221,560,232,606
202405,2,KAMPUNG RAMBUTAN,224,557,237,606
202405,3,KAMPUNG RAMBUTAN,227,575,231,606
202405,4,KAMPUNG RAMBUTAN,231,578,236,641
202405,5,KAMPUNG RAMBUTAN,229,564,235,616
202405,6,KAMPUNG RAMBUTAN,216,532,229,574
202405,7,KAMPUNG RAMBUTAN,218,539,226,567
202405,8,KAMPUNG RAMBUTAN,227,557,231,606
202405,9,KAMPUNG RAMBUTAN,224,546,232,584
202405,10,KAMPUNG RAMBUTAN,221,508,226,534
202405,11,KAMPUNG RAMBUTAN,215,483,223,519
202405,12,KAMPUNG RAMBUTAN,218,512,227,563
202405,13,KAMPUNG RAMBUTAN,216,542,224,585
202405,14,KAMPUNG RAMBUTAN,218,559,227,586
202405,15,KAMPUNG RAMBUTAN,216,554,224,589
202405,16,KAMPUNG RAMBUTAN,208,504,217,538
202405,17,KAMPUNG RAMBUTAN,211,528,216,567
202405,18,KAMPUNG RAMBUTAN,209,487,211,526
202405,19,KAMPUNG RAMBUTAN,214,487,217,572
202405,20,KAMPUNG RAMBUTAN,216,524,226,605
202405,21,KAMPUNG RAMBUTAN,211,493,222,554
202405,22,KAMPUNG RAMBUTAN,217,533,227,610
202405,23,KAMPUNG RAMBUTAN,220,566,226,639
202405,24,KAMPUNG RAMBUTAN,216,532,224,612
202405,25,KAMPUNG RAMBUTAN,220,562,227,635
202405,26,KAMPUNG RAMBUTAN,222,564,230,648
202405,27,KAMPUNG RAMBUTAN,219,535,226,615
202405,28,KAMPUNG RAMBUTAN,221,558,229,659
202405,29,KAMPUNG RAMBUTAN,218,532,226,626
202405,30,KAMPUNG RAMBUTAN,212,517,222,604
202405,31,KAMPUNG RAMBUTAN,211,491,218,589
202405,1,KALIDERES,179,6944,169,7043
202405,2,KALIDERES,179,6982,169,7082
202405,3,KALIDERES,179,7021,169,7111
202405,4,KALIDERES,170,6827,160,6918
202405,5,KALIDERES,170,6839,160,6933
202405,6,KALIDERES,179,6963,169,7042
202405,7,KALIDERES,179,6971,169,7064
202405,8,KALIDERES,179,6983,169,7066
202405,9,KALIDERES,179,7018,169,7122
202405,10,KALIDERES,179,6877,169,5996
202405,11,KALIDERES,170,6884,160,6998
202405,12,KALIDERES,170,6777,160,6904
202405,13,KALIDERES,179,6919,169,7030
202405,14,KALIDERES,179,6935,169,7032
202405,15,KALIDERES,179,6934,169,7049
202405,16,KALIDERES,179,6980,169,7091
202405,17,KALIDERES,179,7018,169,7131
202405,18,KALIDERES,170,6826,160,6933
202405,19,KALIDERES,170,6830,160,6938
202405,20,KALIDERES,179,6949,169,7064
202405,21,KALIDERES,179,6966,169,7063
202405,22,KALIDERES,179,6978,169,7082
202405,23,KALIDERES,179,6817,169,6934
202405,24,KALIDERES,179,6832,169,6942
202405,25,KALIDERES,170,6832,160,6942
202405,26,KALIDERES,170,6868,160,6986
202405,27,KALIDERES,179,6993,169,7098
202405,28,KALIDERES,179,6993,169,7108
202405,29,KALIDERES,179,7007,169,7108
202405,30,KALIDERES,179,7047,169,7148
202405,31,KALIDERES,179,7084,169,7184
202405,1,TANJUNG PRIOK,258,2538,257,2473
202405,2,TANJUNG PRIOK,258,2437,257,2373
202405,3,TANJUNG PRIOK,258,2552,257,2509
202405,4,TANJUNG PRIOK,258,2216,257,2315
202405,5,TANJUNG PRIOK,258,2071,257,2175
202405,6,TANJUNG PRIOK,258,2243,257,2336
202405,7,TANJUNG PRIOK,258,2387,257,2481
202405,8,TANJUNG PRIOK,258,2717,257,2681
202405,9,TANJUNG PRIOK,258,2818,257,2809
202405,10,TANJUNG PRIOK,258,2358,257,2282
202405,11,TANJUNG PRIOK,258,2106,257,2021
202405,12,TANJUNG PRIOK,258,1893,257,1762
202405,13,TANJUNG PRIOK,258,2089,257,1980
202405,14,TANJUNG PRIOK,258,2313,258,2110
202405,15,TANJUNG PRIOK,258,2545,258,2260
202405,16,TANJUNG PRIOK,258,2758,258,2451
202405,17,TANJUNG PRIOK,258,2923,258,2637
202405,18,TANJUNG PRIOK,258,2786,258,2503
202405,19,TANJUNG PRIOK,258,2393,258,2181
202405,20,TANJUNG PRIOK,258,2644,258,2368
202405,21,TANJUNG PRIOK,258,2782,258,2499
202405,22,TANJUNG PRIOK,258,3027,258,2730
202405,23,TANJUNG PRIOK,258,2703,258,2513
202405,24,TANJUNG PRIOK,258,2449,258,2271
202405,25,TANJUNG PRIOK,258,2202,258,1959
202405,26,TANJUNG PRIOK,258,2068,258,1843
202405,27,TANJUNG PRIOK,258,2231,258,2063
202405,28,TANJUNG PRIOK,258,2453,258,2212
202405,29,TANJUNG PRIOK,258,2618,258,2359
202405,30,TANJUNG PRIOK,258,2757,258,2533
202405,31,TANJUNG PRIOK,258,3056,258,2732
202405,1,GROGOL,420,2575,420,2517
202405,2,GROGOL,422,2553,422,2465
202405,3,GROGOL,427,2624,427,2594
202405,4,GROGOL,364,2048,364,2053
202405,5,GROGOL,361,1534,361,1625
202405,6,GROGOL,427,2693,427,2729
202405,7,GROGOL,424,2702,424,2758
202405,8,GROGOL,428,2658,428,2981
202405,9,GROGOL,364,1838,364,2178
202405,10,GROGOL,362,1715,362,2002
202405,11,GROGOL,362,1623,362,1903
202405,12,GROGOL,361,1574,361,1816
202405,13,GROGOL,427,2736,427,2856
202405,14,GROGOL,422,2620,422,2752
202405,15,GROGOL,420,2497,420,2635
202405,16,GROGOL,425,2572,425,2677
202405,17,GROGOL,426,2660,426,2814
202405,18,GROGOL,365,1724,365,1877
202405,19,GROGOL,360,1361,360,1527
202405,20,GROGOL,425,2794,425,2884
202405,21,GROGOL,422,2684,422,2767
202405,22,GROGOL,427,2783,427,2858
202405,23,GROGOL,367,1988,367,2050
202405,24,GROGOL,365,1807,365,1712
202405,25,GROGOL,363,1684,363,1604
202405,26,GROGOL,361,1566,361,1469
202405,27,GROGOL,426,2753,426,2807
202405,28,GROGOL,422,2611,422,2749
202405,29,GROGOL,418,2533,418,2658
202405,30,GROGOL,424,2596,424,2807
202405,31,GROGOL,428,2572,428,2930
202405,1,MUARA ANGKE,75,1197,75,1214
202405,2,MUARA ANGKE,75,1193,75,1216
202405,3,MUARA ANGKE,75,1198,75,1226
202405,4,MUARA ANGKE,75,1184,75,1216
202405,5,MUARA ANGKE,75,1198,75,1236
202405,6,MUARA ANGKE,75,1202,75,1233
202405,7,MUARA ANGKE,75,1197,75,1219
202405,8,MUARA ANGKE,75,1218,75,1247
202405,9,MUARA ANGKE,75,1223,75,1262
202405,10,MUARA ANGKE,75,1205,75,1247
202405,11,MUARA ANGKE,75,1233,75,1280
202405,12,MUARA ANGKE,75,1231,75,1285
202405,13,MUARA ANGKE,75,1223,75,1275
202405,14,MUARA ANGKE,75,1222,75,1259
202405,15,MUARA ANGKE,75,1205,75,1246
202405,16,MUARA ANGKE,75,1215,75,1266
202405,17,MUARA ANGKE,75,1225,75,1273
202405,18,MUARA ANGKE,75,1215,75,1249
202405,19,MUARA ANGKE,75,1215,75,1249
202405,20,MUARA ANGKE,75,1209,75,1242
202405,21,MUARA ANGKE,75,1212,75,1253
202405,22,MUARA ANGKE,75,1240,75,1281
202405,23,MUARA ANGKE,75,1229,75,1259
202405,24,MUARA ANGKE,75,1214,75,1238
202405,25,MUARA ANGKE,75,1210,75,1244
202405,26,MUARA ANGKE,75,1229,75,1261
202405,27,MUARA ANGKE,75,1213,75,1251
202405,28,MUARA ANGKE,75,1209,75,1243
202405,29,MUARA ANGKE,75,1205,75,1237
202405,30,MUARA ANGKE,75,1200,75,1224
202405,31,MUARA ANGKE,75,1218,75,1237
202405,1,LEBAK BULUS,170,1804,170,1706
202405,2,LEBAK BULUS,170,1936,170,1568
202405,3,LEBAK BULUS,168,1984,168,538
202405,4,LEBAK BULUS,166,1807,166,1680
202405,5,LEBAK BULUS,170,1880,170,2039
202405,6,LEBAK BULUS,170,2003,170,1954
202405,7,LEBAK BULUS,170,1551,170,1895
202405,8,LEBAK BULUS,168,1471,168,2505
202405,9,LEBAK BULUS,168,1481,168,2763
202405,10,LEBAK BULUS,168,1501,168,2560
202405,11,LEBAK BULUS,167,1476,167,2764
202405,12,LEBAK BULUS,168,1515,168,2557
202405,13,LEBAK BULUS,167,1491,167,2441
202405,14,LEBAK BULUS,168,1456,168,2508
202405,15,LEBAK BULUS,169,1512,169,2466
202405,16,LEBAK BULUS,169,1514,169,2565
202405,17,LEBAK BULUS,168,1580,168,2531
202405,18,LEBAK BULUS,168,1592,168,2475
202405,19,LEBAK BULUS,169,1515,169,2508
202405,20,LEBAK BULUS,169,1455,169,2521
202405,21,LEBAK BULUS,161,1455,161,2308
202405,22,LEBAK BULUS,169,1596,169,2950
202405,23,LEBAK BULUS,168,1595,168,2578
202405,24,LEBAK BULUS,169,1417,169,2492
202406,6,KALIDERES,179,7065,169,7171
202406,7,KALIDERES,179,7104,169,7197
202406,8,KALIDERES,170,6895,160,7011
202406,9,KALIDERES,170,6916,160,7024
202406,10,KALIDERES,179,7017,169,7133
202406,11,KALIDERES,179,7025,169,7133
202406,12,KALIDERES,179,7024,169,7140
202406,13,KALIDERES,179,7071,169,7182
202406,14,KALIDERES,179,7098,169,7210
202406,15,KALIDERES,170,6833,160,6939
202406,16,KALIDERES,170,6834,160,6944
202406,17,KALIDERES,179,6870,169,6987
202406,18,KALIDERES,179,6979,169,7093
202406,19,KALIDERES,179,6986,169,7093
202406,20,KALIDERES,179,6985,169,7101
202406,21,KALIDERES,179,7051,169,7162
202406,22,KALIDERES,170,6826,160,6944
202406,23,KALIDERES,170,6840,160,6944
202406,24,KALIDERES,179,6973,169,7072
202406,25,KALIDERES,179,6970,169,7078
202406,26,KALIDERES,179,7007,169,7105
202406,27,KALIDERES,179,6978,169,7047
202406,28,KALIDERES,179,7023,169,7118
202406,29,KALIDERES,179,6778,179,6896
202406,30,KALIDERES,179,6865,179,6894
202406,1,TANJUNG PRIOK,256,2358,256,2125
202406,2,TANJUNG PRIOK,256,2066,256,1834
202406,3,TANJUNG PRIOK,256,2288,256,2072
202406,4,TANJUNG PRIOK,256,2515,256,2263
202406,5,TANJUNG PRIOK,256,2687,256,2454
202406,6,TANJUNG PRIOK,256,2896,256,2621
202406,7,TANJUNG PRIOK,256,3049,256,2775
202406,8,TANJUNG PRIOK,256,2775,256,2605
202406,9,TANJUNG PRIOK,256,2476,256,2273
202406,10,TANJUNG PRIOK,256,2634,256,2457
202406,11,TANJUNG PRIOK,256,2697,256,2581
202406,12,TANJUNG PRIOK,256,2965,256,2774
202406,13,TANJUNG PRIOK,256,3116,256,2961
202406,14,TANJUNG PRIOK,256,3434,256,3132
202406,15,TANJUNG PRIOK,256,2319,256,2034
202406,16,TANJUNG PRIOK,256,2084,256,1800
202406,17,TANJUNG PRIOK,256,1903,256,1617
202406,18,TANJUNG PRIOK,256,1794,256,1536
202406,19,TANJUNG PRIOK,256,1916,256,1673
202406,20,TANJUNG PRIOK,256,2119,256,1866
202406,21,TANJUNG PRIOK,256,2309,256,2013
202406,22,TANJUNG PRIOK,256,3017,256,2762
202406,23,TANJUNG PRIOK,256,2245,256,1984
202406,24,TANJUNG PRIOK,256,2436,256,2146
202406,25,TANJUNG PRIOK,256,2590,256,2349
202406,26,TANJUNG PRIOK,256,2706,256,2489
202406,27,TANJUNG PRIOK,256,2884,256,2628
202406,28,TANJUNG PRIOK,256,2965,256,2620
202406,29,TANJUNG PRIOK,256,2973,256,2646
202406,30,TANJUNG PRIOK,256,2705,256,2395
202406,1,GROGOL,363,1765,363,2212
202406,2,GROGOL,360,1606,360,1926
202406,3,GROGOL,427,2748,427,2871
202406,4,GROGOL,424,2664,424,2753
202406,5,GROGOL,422,2553,422,2678
202406,6,GROGOL,425,2634,425,2738
202406,11,RAWAMANGUN,30,28,30,26
202406,12,RAWAMANGUN,34,40,34,37
202406,13,RAWAMANGUN,34,39,34,37
202406,14,RAWAMANGUN,34,36,34,34
202406,15,RAWAMANGUN,30,29,30,24
202406,16,RAWAMANGUN,30,27,30,25
202406,17,RAWAMANGUN,30,34,30,31
202406,18,RAWAMANGUN,30,38,30,36
202406,19,RAWAMANGUN,34,39,34,37
202406,20,RAWAMANGUN,30,27,30,24
202406,21,RAWAMANGUN,30,29,30,24
202406,22,RAWAMANGUN,34,34,34,31
202406,23,RAWAMANGUN,34,33,34,31
202406,24,RAWAMANGUN,34,36,34,34
202406,25,RAWAMANGUN,34,36,34,34
202406,26,RAWAMANGUN,30,29,30,24
202406,27,RAWAMANGUN,30,27,30,25
202406,28,RAWAMANGUN,30,26,30,27
202406,29,RAWAMANGUN,34,34,34,31
202406,30,RAWAMANGUN,34,39,34,34
202407,1,RAGUNAN,60,183,60,171
202407,2,RAGUNAN,60,220,60,216
202407,3,RAGUNAN,60,148,60,143
202407,4,RAGUNAN,69,388,69,401
202407,5,RAGUNAN,69,324,69,352
202407,6,RAGUNAN,64,430,64,402
202407,7,RAGUNAN,62,410,62,417
202407,8,RAGUNAN,69,410,69,417
202407,9,RAGUNAN,74,554,74,588
202407,10,RAGUNAN,74,610,74,643
202407,11,RAGUNAN,74,640,74,635
202407,12,RAGUNAN,79,749,79,762
202407,13,RAGUNAN,72,742,72,727
202407,14,RAGUNAN,70,683,70,695
202407,15,RAGUNAN,77,603,77,675
202407,16,RAGUNAN,72,669,72,725
202407,17,RAGUNAN,77,674,77,734
202407,18,RAGUNAN,77,631,77,688
202407,19,RAGUNAN,76,564,76,725
202407,20,RAGUNAN,71,610,71,708
202407,21,RAGUNAN,69,511,69,689
202407,22,RAGUNAN,77,632,77,703
202407,23,RAGUNAN,74,601,74,607
202407,24,RAGUNAN,76,596,76,624
202407,25,RAGUNAN,77,581,77,620
202407,26,RAGUNAN,77,605,77,675
202407,27,RAGUNAN,71,561,71,631
202407,28,RAGUNAN,75,636,75,641
202407,29,RAGUNAN,75,609,75,627
202407,30,RAGUNAN,77,637,77,672
202407,31,RAGUNAN,77,681,77,662
202407,1,BLOK M,335,5162,335,5385
202407,2,BLOK M,333,5076,333,5275
202407,3,BLOK M,334,5078,334,5281
202407,4,BLOK M,334,5034,334,5298
202407,5,BLOK M,330,5221,330,5415
202407,6,BLOK M,255,4367,255,4778
202407,7,BLOK M,250,4389,250,4841
202407,8,BLOK M,324,5321,324,5433
202407,9,BLOK M,329,5354,329,5463
202407,10,BLOK M,329,5235,329,5406
202407,11,BLOK M,329,5394,329,5507
202407,12,BLOK M,333,5362,333,5441
202407,13,BLOK M,239,4603,239,4942
202407,14,BLOK M,233,4268,233,4693
202406,7,GROGOL,428,2716,428,2825
202406,8,GROGOL,365,2062,365,2169
202406,9,GROGOL,363,1819,363,1835
202406,10,GROGOL,428,2770,428,2890
202406,11,GROGOL,425,2713,425,2816
202406,12,GROGOL,422,2647,422,2744
202406,13,GROGOL,425,2612,425,2704
202406,14,GROGOL,426,2669,426,2754
202406,15,GROGOL,363,1817,363,1976
202406,16,GROGOL,360,1655,360,1683
202406,17,GROGOL,358,1495,358,1404
202406,18,GROGOL,365,1652,365,1622
202406,19,GROGOL,428,2714,428,2851
202406,20,GROGOL,425,2640,425,2767
202406,21,GROGOL,428,2875,428,2940
202406,22,GROGOL,364,1690,364,1752
202406,23,GROGOL,361,1517,361,1610
202406,24,GROGOL,427,2764,427,2917
202406,25,GROGOL,422,2672,422,2786
202406,26,GROGOL,422,2593,422,2711
202406,27,GROGOL,425,2746,425,2847
202406,28,GROGOL,424,2729,424,2937
202406,29,GROGOL,365,1744,365,1748
202406,30,GROGOL,361,1627,361,1626
202406,1,MUARA ANGKE,75,1232,75,1269
202406,2,MUARA ANGKE,75,1221,75,1260
202406,3,MUARA ANGKE,75,1214,75,1247
202406,4,MUARA ANGKE,75,1209,75,1238
202406,5,MUARA ANGKE,75,1221,75,1255
202406,6,MUARA ANGKE,75,1217,75,1236
202406,7,MUARA ANGKE,75,1225,75,1250
202406,8,MUARA ANGKE,75,1224,75,1237
202406,9,MUARA ANGKE,75,1206,75,1240
202406,10,MUARA ANGKE,75,1199,75,1227
202406,11,MUARA ANGKE,75,1209,75,1231
202406,12,MUARA ANGKE,75,1193,75,1213
202406,13,MUARA ANGKE,75,1208,75,1235
202406,14,MUARA ANGKE,75,1234,75,1189
202406,15,MUARA ANGKE,75,1207,75,1168
202406,16,MUARA ANGKE,75,1176,75,1184
202406,17,MUARA ANGKE,75,1145,75,1151
202406,18,MUARA ANGKE,75,1135,75,1204
202406,19,MUARA ANGKE,75,1175,75,1227
202406,20,MUARA ANGKE,75,1196,75,1243
202406,21,MUARA ANGKE,75,1206,75,1236
202406,22,MUARA ANGKE,75,1200,75,1227
202406,23,MUARA ANGKE,75,1192,75,1207
202406,24,MUARA ANGKE,75,1205,75,1227
202406,25,MUARA ANGKE,75,1194,75,1219
202406,26,MUARA ANGKE,75,1210,75,1238
202406,27,MUARA ANGKE,75,1206,75,1215
202406,28,MUARA ANGKE,75,1211,75,1256
202406,29,MUARA ANGKE,75,1196,75,1250
202406,30,MUARA ANGKE,75,1218,75,1255
202406,1,LEBAK BULUS,170,1513,170,2525
202406,2,LEBAK BULUS,170,1671,170,2465
202406,3,LEBAK BULUS,170,1482,170,2422
202406,4,LEBAK BULUS,170,1604,170,2314
202406,5,LEBAK BULUS,170,1491,170,1952
202406,6,LEBAK BULUS,168,1880,168,2408
202406,7,LEBAK BULUS,169,2027,169,2556
202406,8,LEBAK BULUS,169,1420,169,2673
202406,9,LEBAK BULUS,170,1421,170,2497
202406,10,LEBAK BULUS,178,1254,178,2351
202406,11,LEBAK BULUS,178,1366,178,2334
202406,12,LEBAK BULUS,178,1498,178,2557
202406,13,LEBAK BULUS,176,1560,176,2684
202406,14,LEBAK BULUS,170,1548,170,2485
202406,15,LEBAK BULUS,170,1638,170,2488
202406,16,LEBAK BULUS,170,1618,170,2797
202406,17,LEBAK BULUS,170,1610,170,2716
202406,18,LEBAK BULUS,170,1535,170,2590
202406,19,LEBAK BULUS,170,2417,170,1543
202406,20,LEBAK BULUS,170,2401,170,1598
202406,21,LEBAK BULUS,170,1553,170,1664
202406,22,LEBAK BULUS,170,1512,170,1822
202406,23,LEBAK BULUS,170,1526,170,1991
202406,24,LEBAK BULUS,170,1642,170,1892
202406,25,LEBAK BULUS,170,1520,170,1935
202406,26,LEBAK BULUS,170,1572,170,1928
202406,27,LEBAK BULUS,170,1564,170,1922
202406,28,LEBAK BULUS,170,1557,170,3476
202406,29,LEBAK BULUS,170,1678,170,3812
202406,30,LEBAK BULUS,170,1587,170,3685
202406,1,PINANGRANTI,89,118,89,116
202406,2,PINANGRANTI,99,132,99,134
202406,3,PINANGRANTI,99,158,99,150
202406,4,PINANGRANTI,99,166,99,167
202406,5,PINANGRANTI,99,164,99,163
202406,6,PINANGRANTI,99,163,99,162
202406,7,PINANGRANTI,99,162,99,158
202406,8,PINANGRANTI,99,163,99,161
202406,9,PINANGRANTI,89,122,89,121
202406,10,PINANGRANTI,89,114,89,121
202406,11,PINANGRANTI,99,148,99,153
202406,12,PINANGRANTI,99,162,99,165
202406,13,PINANGRANTI,99,150,99,153
202406,14,PINANGRANTI,99,165,99,161
202406,15,PINANGRANTI,99,143,99,147
202406,16,PINANGRANTI,89,127,89,129
202406,17,PINANGRANTI,89,115,89,119
202406,18,PINANGRANTI,89,132,89,134
202406,19,PINANGRANTI,99,165,99,161
202406,20,PINANGRANTI,89,106,89,118
202406,21,PINANGRANTI,89,118,89,116
202406,22,PINANGRANTI,99,132,99,134
202406,23,PINANGRANTI,99,158,99,150
202406,24,PINANGRANTI,99,158,99,167
202406,25,PINANGRANTI,99,152,99,159
202406,26,PINANGRANTI,89,135,89,136
202406,27,PINANGRANTI,89,115,89,119
202406,28,PINANGRANTI,89,113,89,120
202406,29,PINANGRANTI,99,160,99,159
202406,30,PINANGRANTI,99,158,99,150
202406,1,RAWAMANGUN,30,29,30,24
202406,2,RAWAMANGUN,30,27,30,25
202406,3,RAWAMANGUN,34,34,34,31
202406,4,RAWAMANGUN,34,34,34,36
202406,5,RAWAMANGUN,34,39,34,36
202406,6,RAWAMANGUN,34,39,34,36
202406,7,RAWAMANGUN,34,39,34,33
202406,8,RAWAMANGUN,33,33,33,31
202406,9,RAWAMANGUN,30,26,30,23
202406,10,RAWAMANGUN,30,26,30,25
202406,2,PASAR MINGGU,86,0,86,167
202406,3,PASAR MINGGU,84,0,84,194
202406,4,PASAR MINGGU,88,0,88,190
202406,5,PASAR MINGGU,90,0,90,205
202406,6,PASAR MINGGU,84,0,84,195
202406,7,PASAR MINGGU,83,0,83,183
202406,8,PASAR MINGGU,81,0,81,184
202406,9,PASAR MINGGU,85,0,85,206
202406,10,PASAR MINGGU,89,0,89,200
202406,11,PASAR MINGGU,88,0,88,205
202406,12,PASAR MINGGU,86,0,86,213
202406,13,PASAR MINGGU,82,0,62,196
202406,14,PASAR MINGGU,79,0,79,183
202406,15,PASAR MINGGU,85,0,85,159
202406,16,PASAR MINGGU,84,0,84,193
202406,17,PASAR MINGGU,84,0,84,165
202406,18,PASAR MINGGU,84,0,84,188
202406,19,PASAR MINGGU,84,0,84,165
202406,20,PASAR MINGGU,85,0,85,182
202406,21,PASAR MINGGU,88,0,88,199
202406,22,PASAR MINGGU,88,0,88,201
202406,23,PASAR MINGGU,78,0,78,158
202406,24,PASAR MINGGU,84,0,84,186
202406,25,PASAR MINGGU,89,0,89,173
202406,26,PASAR MINGGU,84,0,84,187
202406,27,PASAR MINGGU,86,0,86,195
202406,28,PASAR MINGGU,84,0,84,191
202406,29,PASAR MINGGU,85,0,85,194
202406,30,PASAR MINGGU,84,0,84,187
202406,1,KAMPUNG MELAYU,162,2164,162,2735
202406,2,KAMPUNG MELAYU,226,2217,226,2134
202406,3,KAMPUNG MELAYU,376,3885,376,3128
202406,4,KAMPUNG MELAYU,350,3758,350,3798
202406,5,KAMPUNG MELAYU,275,3718,275,3490
202406,6,KAMPUNG MELAYU,323,2939,326,2834
202406,7,KAMPUNG MELAYU,240,4559,243,3589
202406,8,KAMPUNG MELAYU,169,2233,169,2536
202406,9,KAMPUNG MELAYU,264,2739,264,2410
202406,10,KAMPUNG MELAYU,323,2952,340,3353
202406,11,KAMPUNG MELAYU,324,2676,324,3743
202406,12,KAMPUNG MELAYU,389,3863,389,3217
202406,13,KAMPUNG MELAYU,349,3896,349,2980
202406,14,KAMPUNG MELAYU,309,3509,314,3089
202406,15,KAMPUNG MELAYU,253,2067,253,2196
202406,16,KAMPUNG MELAYU,299,2186,298,2086
202406,17,KAMPUNG MELAYU,165,1990,173,2028
202406,18,KAMPUNG MELAYU,206,2456,210,2176
202406,19,KAMPUNG MELAYU,294,3616,302,3674
202406,20,KAMPUNG MELAYU,281,4343,270,3746
202406,21,KAMPUNG MELAYU,298,4135,289,3973
202406,22,KAMPUNG MELAYU,248,2298,247,2134
202406,23,KAMPUNG MELAYU,182,1974,183,2093
202406,24,KAMPUNG MELAYU,314,3515,314,3790
202406,25,KAMPUNG MELAYU,351,3722,351,4115
202406,26,KAMPUNG MELAYU,278,3307,275,2922
202406,27,KAMPUNG MELAYU,266,3321,266,3297
202406,28,KAMPUNG MELAYU,342,3000,339,2396
202406,29,KAMPUNG MELAYU,291,2305,291,2062
202406,30,KAMPUNG MELAYU,232,2020,232,1656
202406,1,SENEN,188,1278,191,1425
202406,2,SENEN,190,1204,190,1362
202406,3,SENEN,239,1538,239,1760
202406,4,SENEN,240,1556,240,1782
202406,5,SENEN,240,1547,240,1784
202406,6,SENEN,241,1562,241,1757
202406,7,SENEN,238,1570,238,1789
202406,8,SENEN,190,1290,190,1461
202406,9,SENEN,189,1303,190,1371
202406,10,SENEN,239,1660,239,1771
202406,11,SENEN,240,1568,240,1683
202406,12,SENEN,239,1555,240,1772
202406,13,SENEN,241,1564,241,1761
202406,14,SENEN,237,1572,237,1784
202406,15,SENEN,190,1263,190,1455
202406,16,SENEN,189,1304,189,1396
202406,17,SENEN,239,1647,239,1770
202406,18,SENEN,240,1568,240,1673
202406,19,SENEN,239,1558,239,1760
202406,20,SENEN,241,1563,241,1770
202406,21,SENEN,237,1577,237,1785
202406,22,SENEN,190,1269,190,1461
202406,23,SENEN,189,1307,189,1431
202406,24,SENEN,239,1564,239,1773
202406,25,SENEN,240,1574,240,1670
202406,26,SENEN,239,1563,239,1776
202406,27,SENEN,241,1579,241,1780
202406,28,SENEN,237,1584,237,1794
202406,29,SENEN,190,1279,190,1489
202406,30,SENEN,189,1310,189,1446
202406,1,MANGGARAI,34,2238,34,8593
202406,2,MANGGARAI,34,1530,34,6841
202406,3,MANGGARAI,45,3713,45,15758
202406,4,MANGGARAI,45,3899,45,13648
202406,5,MANGGARAI,48,3864,48,14173
202406,6,MANGGARAI,47,9919,47,15737
202406,7,MANGGARAI,48,3831,48,14979
202406,8,MANGGARAI,33,2250,33,8896
202406,9,MANGGARAI,33,1788,33,5988
202406,10,MANGGARAI,46,3940,46,15412
202406,11,MANGGARAI,47,3823,47,15136
202406,12,MANGGARAI,47,3745,47,15402
202406,13,MANGGARAI,45,3715,45,14917
202406,14,MANGGARAI,46,3622,46,14397
202406,15,MANGGARAI,33,2190,33,8383
202406,16,MANGGARAI,33,1517,33,5914
202406,17,MANGGARAI,26,1068,26,4264
202406,18,MANGGARAI,34,2070,34,8697
202406,19,MANGGARAI,46,3604,46,15395
202406,20,MANGGARAI,47,3548,47,14756
202406,21,MANGGARAI,47,3492,47,14284
202406,22,MANGGARAI,36,3492,36,9533
202406,23,MANGGARAI,33,2024,33,7846
202406,24,MANGGARAI,41,3484,41,13923
202406,25,MANGGARAI,48,3535,48,14420
202406,26,MANGGARAI,48,3361,48,15082
202406,27,MANGGARAI,48,3470,48,14208
202406,28,MANGGARAI,48,2401,48,12721
202406,29,MANGGARAI,34,2401,34,8914
202406,30,MANGGARAI,33,2166,33,8333
202406,1,PULOGADUNG,265,2020,265,2109
202406,2,PULOGADUNG,269,2135,269,2203
202406,3,PULOGADUNG,245,2057,245,2103
202406,4,PULOGADUNG,249,1993,249,2060
202406,5,PULOGADUNG,252,1986,252,2079
202406,6,PULOGADUNG,253,1949,253,2063
202406,7,PULOGADUNG,254,2002,254,2144
202406,8,PULOGADUNG,253,2079,253,2178
202406,9,PULOGADUNG,223,1983,223,2079
202406,10,PULOGADUNG,220,1892,220,2010
202406,11,PULOGADUNG,245,2057,245,2103
202406,12,PULOGADUNG,245,1944,245,2014
202406,13,PULOGADUNG,255,2031,255,2098
202406,14,PULOGADUNG,253,2084,253,2156
202406,15,PULOGADUNG,253,2070,253,2156
202406,16,PULOGADUNG,247,1930,247,2060
202406,17,PULOGADUNG,253,2006,253,2102
202406,18,PULOGADUNG,253,2006,253,2102
202406,19,PULOGADUNG,253,2084,253,2156
202406,20,PULOGADUNG,256,2030,256,2140
202406,21,PULOGADUNG,252,1977,252,2071
202406,22,PULOGADUNG,252,2026,252,2120
202406,23,PULOGADUNG,215,1849,215,1939
202406,24,PULOGADUNG,216,1774,216,1879
202406,25,PULOGADUNG,267,1928,267,2051
202406,26,PULOGADUNG,247,1930,247,2060
202406,27,PULOGADUNG,240,2518,240,2633
202406,28,PULOGADUNG,234,2455,234,2595
202406,29,PULOGADUNG,235,2933,267,3067
202406,30,PULOGADUNG,189,2036,179,2082
202406,1,KAMPUNG RAMBUTAN,213,493,227,574
202406,2,KAMPUNG RAMBUTAN,216,523,231,594
202406,3,KAMPUNG RAMBUTAN,219,546,227,632
202406,4,KAMPUNG RAMBUTAN,210,524,225,606
202406,5,KAMPUNG RAMBUTAN,216,560,227,629
202406,6,KAMPUNG RAMBUTAN,213,591,224,635
202406,7,KAMPUNG RAMBUTAN,211,575,221,631
202406,8,KAMPUNG RAMBUTAN,215,596,222,652
202406,9,KAMPUNG RAMBUTAN,217,625,230,707
202406,10,KAMPUNG RAMBUTAN,210,601,225,677
202406,11,KAMPUNG RAMBUTAN,212,573,221,653
202406,12,KAMPUNG RAMBUTAN,213,591,223,661
202406,13,KAMPUNG RAMBUTAN,216,608,227,663
202406,14,KAMPUNG RAMBUTAN,218,589,230,650
202406,15,KAMPUNG RAMBUTAN,216,560,227,606
202406,16,KAMPUNG RAMBUTAN,217,567,229,633
202406,17,KAMPUNG RAMBUTAN,212,476,216,496
202406,18,KAMPUNG RAMBUTAN,217,498,222,550
202406,19,KAMPUNG RAMBUTAN,216,531,227,587
202406,20,KAMPUNG RAMBUTAN,224,554,232,630
202406,21,KAMPUNG RAMBUTAN,220,532,226,599
202406,22,KAMPUNG RAMBUTAN,216,502,224,574
202406,23,KAMPUNG RAMBUTAN,219,530,227,597
202406,24,KAMPUNG RAMBUTAN,221,550,228,631
202406,25,KAMPUNG RAMBUTAN,218,523,225,594
202406,26,KAMPUNG RAMBUTAN,216,483,221,566
202406,27,KAMPUNG RAMBUTAN,217,521,227,594
202406,28,KAMPUNG RAMBUTAN,222,555,231,627
202406,29,KAMPUNG RAMBUTAN,218,534,226,602
202406,30,KAMPUNG RAMBUTAN,221,565,229,642
202406,1,KALIDERES,170,6885,160,6991
202406,2,KALIDERES,170,6891,160,7004
202406,3,KALIDERES,179,7008,169,7113
202406,4,KALIDERES,179,7016,169,7111
202406,5,KALIDERES,179,7017,169,7116
202407,16,MANGGARAI,46,3617,46,15532
202407,17,MANGGARAI,47,3670,47,15068
202407,18,MANGGARAI,47,3633,47,15078
202407,19,MANGGARAI,44,4119,44,14336
202407,20,MANGGARAI,33,2289,33,8950
202407,21,MANGGARAI,32,1743,32,7292
202407,22,MANGGARAI,48,3645,48,15474
202407,23,MANGGARAI,47,3531,47,15516
202407,24,MANGGARAI,46,3557,46,14661
202407,25,MANGGARAI,46,3589,46,15213
202407,26,MANGGARAI,46,3475,46,14807
202407,27,MANGGARAI,33,2263,33,9123
202407,28,MANGGARAI,32,1793,32,7269
202407,29,MANGGARAI,48,3793,48,15700
202407,30,MANGGARAI,47,3740,47,14275
202407,31,MANGGARAI,46,3661,46,15592
202407,1,PULOGADUNG,246,1997,246,2083
202407,2,PULOGADUNG,254,2034,254,2119
202407,3,PULOGADUNG,251,1961,251,2060
202407,4,PULOGADUNG,245,2002,245,2095
202407,5,PULOGADUNG,267,2060,267,2135
202407,6,PULOGADUNG,256,2022,256,2057
202407,7,PULOGADUNG,250,2022,250,2129
202407,8,PULOGADUNG,254,2086,254,2152
202407,9,PULOGADUNG,270,1971,270,2052
202407,10,PULOGADUNG,255,1993,255,2111
202407,11,PULOGADUNG,260,1967,260,2067
202407,12,PULOGADUNG,259,2005,257,2082
202407,13,PULOGADUNG,252,1995,252,2082
202407,14,PULOGADUNG,250,2050,250,2147
202407,15,PULOGADUNG,242,1934,242,2029
202407,16,PULOGADUNG,235,2933,267,3067
202407,17,PULOGADUNG,248,2002,248,2073
202407,18,PULOGADUNG,285,3011,409,3082
202407,19,PULOGADUNG,265,1983,265,2082
202407,20,PULOGADUNG,271,2063,271,2153
202407,21,PULOGADUNG,256,2060,256,2121
202407,22,PULOGADUNG,241,1963,241,2038
202407,23,PULOGADUNG,243,2511,243,2597
202407,24,PULOGADUNG,252,1977,252,2071
202407,25,PULOGADUNG,253,2012,253,2084
202407,26,PULOGADUNG,256,1915,256,2010
202407,27,PULOGADUNG,246,1947,246,2068
202407,28,PULOGADUNG,309,2465,309,2597
202407,29,PULOGADUNG,310,2478,310,2608
202407,30,PULOGADUNG,261,2070,261,2123
202407,31,PULOGADUNG,248,1982,246,2035
202407,1,KAMPUNG RAMBUTAN,221,569,229,647
202407,2,KAMPUNG RAMBUTAN,224,583,231,678
202407,3,KAMPUNG RAMBUTAN,221,550,227,624
202407,4,KAMPUNG RAMBUTAN,218,521,225,589
202407,5,KAMPUNG RAMBUTAN,219,536,227,597
202407,6,KAMPUNG RAMBUTAN,216,528,224,586
202407,7,KAMPUNG RAMBUTAN,217,548,226,600
202407,8,KAMPUNG RAMBUTAN,212,530,224,588
202407,9,KAMPUNG RAMBUTAN,208,509,216,560
202407,10,KAMPUNG RAMBUTAN,211,489,217,541
202407,11,KAMPUNG RAMBUTAN,213,519,221,574
202407,12,KAMPUNG RAMBUTAN,216,532,222,601
202407,13,KAMPUNG RAMBUTAN,217,548,224,623
202407,14,KAMPUNG RAMBUTAN,213,571,221,648
202407,15,KAMPUNG RAMBUTAN,211,589,222,664
202407,16,KAMPUNG RAMBUTAN,208,550,216,620
202407,17,KAMPUNG RAMBUTAN,211,538,217,603
202407,18,KAMPUNG RAMBUTAN,208,563,216,620
202407,19,KAMPUNG RAMBUTAN,272,870,278,1933
202407,20,KAMPUNG RAMBUTAN,257,845,263,1445
202407,21,KAMPUNG RAMBUTAN,260,852,266,1452
202407,22,KAMPUNG RAMBUTAN,287,894,291,1596
202407,23,KAMPUNG RAMBUTAN,284,900,289,1656
202407,24,KAMPUNG RAMBUTAN,279,931,283,1749
202407,25,KAMPUNG RAMBUTAN,285,915,284,1729
202407,26,KAMPUNG RAMBUTAN,282,890,282,1777
202407,27,KAMPUNG RAMBUTAN,235,807,237,1346
202407,28,KAMPUNG RAMBUTAN,233,779,235,1353
202407,29,KAMPUNG RAMBUTAN,270,864,275,1479
202407,30,KAMPUNG RAMBUTAN,272,898,277,1622
202407,31,KAMPUNG RAMBUTAN,269,910,272,1642
202407,1,KALIDERES,179,6907,179,7043
202407,2,KALIDERES,179,6910,179,7055
202407,3,KALIDERES,179,6915,179,7060
202407,4,KALIDERES,179,6971,179,7092
202407,5,KALIDERES,179,7001,179,7129
202407,6,KALIDERES,179,6934,179,7056
202407,7,KALIDERES,179,6743,179,6873
202407,8,KALIDERES,179,6882,179,7008
202407,9,KALIDERES,179,6890,179,7022
202407,10,KALIDERES,179,6900,179,7039
202407,11,KALIDERES,179,6948,179,7084
202407,12,KALIDERES,179,6988,179,7120
202407,13,KALIDERES,179,6756,179,6895
202407,14,KALIDERES,179,6772,179,6908
202407,15,KALIDERES,179,6899,179,7028
202407,16,KALIDERES,179,6900,179,7036
202407,17,KALIDERES,179,6909,179,7035
202407,18,KALIDERES,179,6951,179,7080
202407,19,KALIDERES,179,6987,179,7121
202407,20,KALIDERES,179,6797,179,6936
202407,21,KALIDERES,179,6810,179,6941
202407,22,KALIDERES,179,6921,179,7050
202407,23,KALIDERES,179,6923,179,7057
202407,24,KALIDERES,179,6943,179,7056
202407,25,KALIDERES,179,6976,179,7103
202407,26,KALIDERES,179,7013,179,7141
202407,27,KALIDERES,179,6973,179,7104
202407,28,KALIDERES,179,6816,179,6926
202407,29,KALIDERES,179,6934,179,7052
202407,30,KALIDERES,179,6933,179,7052
202407,31,KALIDERES,179,6944,179,7081
202407,1,TANJUNG PRIOK,256,2846,256,2544
202407,2,TANJUNG PRIOK,256,2727,256,2542
202407,3,TANJUNG PRIOK,256,2888,256,2707
202407,4,TANJUNG PRIOK,256,3040,256,2841
202407,5,TANJUNG PRIOK,256,3270,256,3000
202407,6,TANJUNG PRIOK,256,3121,256,2841
202407,7,TANJUNG PRIOK,256,2840,256,2567
202407,8,TANJUNG PRIOK,256,3011,256,2735
202407,9,TANJUNG PRIOK,256,3212,256,2866
202407,10,TANJUNG PRIOK,256,3338,256,3047
202407,11,TANJUNG PRIOK,256,3495,256,3205
202407,12,TANJUNG PRIOK,256,3608,256,3350
202407,13,TANJUNG PRIOK,256,3388,256,3073
202407,14,TANJUNG PRIOK,256,2978,256,2878
202407,15,TANJUNG PRIOK,256,3172,256,2963
202407,16,TANJUNG PRIOK,256,3292,256,3075
202407,17,TANJUNG PRIOK,256,3403,256,3255
202407,18,TANJUNG PRIOK,256,3209,256,3019
202407,19,TANJUNG PRIOK,256,3337,256,3177
202407,20,TANJUNG PRIOK,256,3033,256,2902
202407,21,TANJUNG PRIOK,256,2824,256,2698
202407,22,TANJUNG PRIOK,256,2913,256,2785
202407,23,TANJUNG PRIOK,256,3105,256,2958
202407,24,TANJUNG PRIOK,256,3295,256,3097
202407,25,TANJUNG PRIOK,256,3404,256,3258
202407,26,TANJUNG PRIOK,256,3613,256,3409
202407,27,TANJUNG PRIOK,256,3361,256,3108
202407,28,TANJUNG PRIOK,256,3102,256,2913
202407,29,TANJUNG PRIOK,256,3299,256,3207
202407,30,TANJUNG PRIOK,256,3489,256,3359
202407,31,TANJUNG PRIOK,256,3655,256,3502
202407,1,GROGOL,428,2759,428,2953
202407,2,GROGOL,425,2682,425,2843
202407,3,GROGOL,420,2581,420,2742
202407,4,GROGOL,425,2688,425,2879
202407,5,GROGOL,428,2645,428,2985
202407,6,GROGOL,363,1650,363,1654
202407,7,GROGOL,359,1510,359,1503
202407,8,GROGOL,428,2794,428,2981
202407,9,GROGOL,422,2761,482,2890
202407,10,GROGOL,425,2865,425,3080
202407,11,GROGOL,426,2884,426,3125
202407,12,GROGOL,424,2837,424,3138
202407,13,GROGOL,405,1571,405,2029
202407,14,GROGOL,363,1463,363,1805
202407,15,GROGOL,426,2709,426,3020
202407,16,GROGOL,422,2597,422,2876
202407,17,GROGOL,422,2613,422,2953
202407,18,GROGOL,424,2795,424,3054
202407,19,GROGOL,428,2794,428,3117
202407,20,GROGOL,425,2328,425,2466
202407,21,GROGOL,365,1497,365,1637
202407,22,GROGOL,425,2813,425,3205
202407,23,GROGOL,414,2688,422,3079
202407,24,GROGOL,423,2701,423,3149
202407,25,GROGOL,425,2769,425,3299
202407,26,GROGOL,425,2749,425,3335
202407,27,GROGOL,365,1474,365,1592
202407,28,GROGOL,365,1374,365,1493
202407,29,GROGOL,426,2743,426,3214
202407,30,GROGOL,377,2444,377,3009
202407,31,GROGOL,422,2506,422,3046
202407,1,MUARA ANGKE,75,1203,75,1235
202407,2,MUARA ANGKE,75,1201,75,1253
202407,3,MUARA ANGKE,75,1216,75,1271
202407,4,MUARA ANGKE,75,1215,75,1270
202407,5,MUARA ANGKE,75,1212,75,1250
202407,6,MUARA ANGKE,75,1195,75,1232
202407,7,MUARA ANGKE,75,1199,75,1224
202407,8,MUARA ANGKE,75,1216,75,1241
202407,9,MUARA ANGKE,75,1190,75,1224
202407,10,MUARA ANGKE,75,1176,75,1212
202407,11,MUARA ANGKE,75,1192,75,1234
202407,12,MUARA ANGKE,75,1222,75,1250
202407,13,MUARA ANGKE,75,1204,75,1245
202407,14,MUARA ANGKE,75,1183,75,1213
202407,15,MUARA ANGKE,75,1197,75,1220
202407,16,MUARA ANGKE,75,1194,75,1220
202407,17,MUARA ANGKE,75,1202,75,1226
202407,18,MUARA ANGKE,75,1213,75,1237
202407,19,MUARA ANGKE,75,1225,75,1256
202407,20,MUARA ANGKE,75,1212,75,1236
202407,21,MUARA ANGKE,75,1198,75,1219
202407,22,MUARA ANGKE,75,1217,75,1198
202407,23,MUARA ANGKE,75,1206,75,1198
202407,24,MUARA ANGKE,75,1202,75,1215
202407,25,MUARA ANGKE,75,1216,75,1242
202407,26,MUARA ANGKE,75,1210,75,1253
202407,27,MUARA ANGKE,75,1204,75,1230
202407,28,MUARA ANGKE,75,1189,75,1221
202407,29,MUARA ANGKE,75,1200,75,1226
202407,30,MUARA ANGKE,75,1148,75,1164
202407,31,MUARA ANGKE,75,1180,75,1211
202407,1,LEBAK BULUS,170,1563,170,3924
202407,2,LEBAK BULUS,170,1539,170,3924
202407,3,LEBAK BULUS,170,1608,170,3869
202407,4,LEBAK BULUS,170,1754,170,4102
202407,5,LEBAK BULUS,170,1877,170,3586
202407,6,LEBAK BULUS,170,1597,170,3777
202407,7,LEBAK BULUS,170,1617,170,3127
202407,8,LEBAK BULUS,170,1597,170,3237
202407,9,LEBAK BULUS,170,1597,170,3197
202407,10,LEBAK BULUS,170,1799,170,3806
202407,11,LEBAK BULUS,170,1952,170,3691
202407,12,LEBAK BULUS,170,2069,170,3633
202407,13,LEBAK BULUS,170,1915,170,3715
202407,14,LEBAK BULUS,170,2057,170,3928
202407,15,LEBAK BULUS,170,2182,170,3520
202407,16,LEBAK BULUS,170,1952,170,3570
202407,17,LEBAK BULUS,170,2172,170,3953
202407,18,LEBAK BULUS,170,2135,170,3642
202407,19,LEBAK BULUS,170,1805,170,3618
202407,20,LEBAK BULUS,170,1539,170,3587
202407,21,LEBAK BULUS,170,1584,170,3740
202407,22,LEBAK BULUS,170,1520,170,3581
202407,23,LEBAK BULUS,170,1572,170,4175
202407,24,LEBAK BULUS,170,1549,170,4358
202407,25,LEBAK BULUS,170,1612,170,4436
202407,26,LEBAK BULUS,170,1609,170,4048
202407,27,LEBAK BULUS,170,1470,170,2873
202407,28,LEBAK BULUS,170,1608,170,2907
202407,29,LEBAK BULUS,170,1588,170,2807
202407,30,LEBAK BULUS,170,1555,170,2878
202407,31,LEBAK BULUS,167,1543,167,2850
202407,1,PINANGRANTI,99,166,99,167
202407,2,PINANGRANTI,99,164,99,163
202407,3,PINANGRANTI,99,163,99,162
202407,4,PINANGRANTI,99,144,99,150
202407,5,PINANGRANTI,99,163,99,161
202407,6,PINANGRANTI,89,122,89,121
202407,7,PINANGRANTI,89,114,89,121
202407,8,PINANGRANTI,99,148,99,153
202407,9,PINANGRANTI,99,155,99,170
202407,10,PINANGRANTI,99,160,99,181
202407,11,PINANGRANTI,99,157,99,171
202407,12,PINANGRANTI,99,167,99,180
202407,13,PINANGRANTI,89,115,89,123
202407,14,PINANGRANTI,89,114,89,117
202407,15,PINANGRANTI,89,136,89,132
202407,16,PINANGRANTI,99,155,99,171
202407,17,PINANGRANTI,99,160,99,177
202407,18,PINANGRANTI,99,167,99,185
202407,19,PINANGRANTI,99,165,99,175
202407,20,PINANGRANTI,89,111,89,129
202407,21,PINANGRANTI,89,112,89,124
202407,22,PINANGRANTI,99,161,99,175
202407,23,PINANGRANTI,99,148,99,172
202407,24,PINANGRANTI,99,155,99,165
202407,25,PINANGRANTI,99,167,99,180
202407,26,PINANGRANTI,99,152,99,159
202407,27,PINANGRANTI,89,135,89,136
202407,28,PINANGRANTI,89,115,89,119
202407,29,PINANGRANTI,99,132,99,134
202407,30,PINANGRANTI,99,150,99,152
202407,31,PINANGRANTI,99,166,99,167
202407,1,RAWAMANGUN,34,40,34,37
202407,2,RAWAMANGUN,34,39,34,37
202407,3,RAWAMANGUN,34,36,34,34
202407,4,RAWAMANGUN,34,36,34,35
202407,5,RAWAMANGUN,34,39,34,37
202407,6,RAWAMANGUN,30,27,30,24
202407,7,RAWAMANGUN,30,29,30,24
202407,8,RAWAMANGUN,34,34,34,31
202407,9,RAWAMANGUN,34,34,34,31
202407,10,RAWAMANGUN,34,33,34,31
202407,11,RAWAMANGUN,34,33,34,34
202407,12,RAWAMANGUN,34,36,34,34
202407,13,RAWAMANGUN,30,29,30,30
202407,14,RAWAMANGUN,30,31,30,35
202407,15,RAWAMANGUN,34,36,34,39
202407,16,RAWAMANGUN,34,35,34,35
202407,17,RAWAMANGUN,34,36,34,36
202407,18,RAWAMANGUN,34,39,34,41
202407,19,RAWAMANGUN,34,36,34,41
202407,20,RAWAMANGUN,30,23,30,26
202407,21,RAWAMANGUN,30,24,30,26
202407,22,RAWAMANGUN,34,34,34,43
202407,23,RAWAMANGUN,34,34,34,42
202407,24,RAWAMANGUN,34,34,34,39
202407,25,RAWAMANGUN,34,36,34,43
202407,26,RAWAMANGUN,34,38,34,42
202407,27,RAWAMANGUN,30,23,30,26
202407,28,RAWAMANGUN,30,24,30,26
202407,29,RAWAMANGUN,34,36,34,43
202407,30,RAWAMANGUN,34,37,34,44
202407,31,RAWAMANGUN,34,34,34,41
202408,1,RAGUNAN,77,647,77,642
202408,2,RAGUNAN,76,615,76,651
202408,3,RAGUNAN,72,640,72,646
202408,4,RAGUNAN,70,618,70,636
202408,5,RAGUNAN,77,642,77,665
202408,6,RAGUNAN,77,653,77,645
202408,7,RAGUNAN,79,625,79,648
202408,8,RAGUNAN,77,662,77,644
202408,9,RAGUNAN,77,632,77,641
202408,10,RAGUNAN,71,583,71,630
202408,11,RAGUNAN,66,631,66,601
202408,12,RAGUNAN,77,657,77,669
202408,13,RAGUNAN,77,633,77,644
202407,15,BLOK M,338,5390,338,5455
202407,16,BLOK M,345,5357,345,5530
202407,17,BLOK M,343,5472,343,5574
202407,18,BLOK M,336,5547,336,5622
202407,19,BLOK M,338,5458,338,5583
202407,20,BLOK M,241,4665,241,4960
202407,21,BLOK M,237,4544,237,4943
202407,22,BLOK M,340,5289,340,5514
202407,23,BLOK M,340,5245,340,5457
202407,24,BLOK M,341,5459,341,5573
202407,25,BLOK M,335,5395,335,5510
202407,26,BLOK M,342,5553,342,5605
202407,27,BLOK M,254,4722,254,5062
202407,28,BLOK M,252,4513,252,4928
202407,29,BLOK M,330,5301,330,5448
202407,30,BLOK M,334,5410,334,5506
202407,31,BLOK M,331,5339,331,5469
202407,1,CILILITAN,39,4316,39,3982
202407,2,CILILITAN,39,4412,39,4046
202407,3,CILILITAN,39,4465,39,4097
202407,4,CILILITAN,39,4516,39,4084
202407,5,CILILITAN,39,4312,39,4006
202407,6,CILILITAN,29,2796,29,3094
202407,7,CILILITAN,27,3216,27,3104
202407,8,CILILITAN,39,4412,39,4077
202407,9,CILILITAN,39,4372,39,3964
202407,10,CILILITAN,39,4467,39,4117
202407,11,CILILITAN,39,4458,39,4029
202407,12,CILILITAN,39,4253,39,3887
202407,13,CILILITAN,28,3789,28,3446
202407,14,CILILITAN,28,3156,28,2730
202407,15,CILILITAN,39,3916,39,3571
202407,16,CILILITAN,39,3978,39,3650
202407,17,CILILITAN,39,4155,39,3737
202407,18,CILILITAN,39,4172,39,3748
202407,19,CILILITAN,39,4573,39,3873
202407,20,CILILITAN,28,3865,28,3005
202407,21,CILILITAN,28,3851,28,2990
202407,22,CILILITAN,39,4417,39,4108
202407,23,CILILITAN,39,4227,39,3775
202407,24,CILILITAN,39,4235,39,3715
202407,25,CILILITAN,39,4178,39,3633
202407,26,CILILITAN,39,4321,39,3819
202407,27,CILILITAN,28,3452,28,3080
202407,28,CILILITAN,28,3297,28,2813
202407,29,CILILITAN,39,4016,39,3656
202407,30,CILILITAN,39,4106,39,3725
202407,31,CILILITAN,39,4231,39,3912
202407,1,KLENDER,138,293,140,299
202407,2,KLENDER,136,292,139,311
202407,3,KLENDER,140,312,144,323
202407,4,KLENDER,137,299,139,310
202407,5,KLENDER,135,295,140,305
202407,6,KLENDER,139,307,142,314
202407,7,KLENDER,136,302,139,310
202407,8,KLENDER,138,290,143,306
202407,9,KLENDER,135,296,139,306
202407,10,KLENDER,139,300,141,308
202407,11,KLENDER,137,292,140,300
202407,12,KLENDER,137,296,140,315
202407,13,KLENDER,133,302,133,310
202407,14,KLENDER,133,302,133,314
202407,15,KLENDER,139,300,143,334
202407,16,KLENDER,136,312,139,334
202407,17,KLENDER,139,315,142,325
202407,18,KLENDER,135,304,138,318
202407,19,KLENDER,138,305,141,318
202407,20,KLENDER,140,310,142,322
202407,21,KLENDER,137,313,139,322
202407,22,KLENDER,137,299,139,310
202407,23,KLENDER,139,297,141,306
202407,24,KLENDER,136,314,138,328
202407,25,KLENDER,134,311,137,319
202407,26,KLENDER,133,300,135,305
202407,27,KLENDER,139,295,142,310
202407,28,KLENDER,141,309,143,319
202407,29,KLENDER,143,316,145,327
202407,30,KLENDER,137,176,142,190
202407,31,KLENDER,138,290,140,309
202407,1,PASAR MINGGU,79,0,79,183
202407,2,PASAR MINGGU,85,0,85,159
202407,3,PASAR MINGGU,84,0,84,193
202407,4,PASAR MINGGU,88,0,88,199
202407,5,PASAR MINGGU,83,0,83,183
202407,6,PASAR MINGGU,81,0,81,184
202407,7,PASAR MINGGU,85,0,85,206
202407,8,PASAR MINGGU,89,0,89,200
202407,9,PASAR MINGGU,91,0,91,199
202407,10,PASAR MINGGU,93,0,93,200
202407,11,PASAR MINGGU,84,0,84,175
202407,12,PASAR MINGGU,88,0,88,201
202407,13,PASAR MINGGU,86,0,86,169
202407,14,PASAR MINGGU,84,0,84,178
202407,15,PASAR MINGGU,84,0,84,197
202407,16,PASAR MINGGU,88,0,88,190
202407,17,PASAR MINGGU,90,0,90,205
202407,18,PASAR MINGGU,89,0,89,201
202407,19,PASAR MINGGU,83,0,83,183
202407,20,PASAR MINGGU,81,0,81,184
202407,21,PASAR MINGGU,85,0,85,194
202407,22,PASAR MINGGU,89,0,89,200
202407,23,PASAR MINGGU,84,0,84,169
202407,24,PASAR MINGGU,85,0,85,192
202407,25,PASAR MINGGU,88,0,88,201
202407,26,PASAR MINGGU,82,0,662,196
202407,27,PASAR MINGGU,79,0,79,183
202407,28,PASAR MINGGU,85,0,85,159
202407,29,PASAR MINGGU,84,0,84,193
202407,30,PASAR MINGGU,84,0,84,165
202407,31,PASAR MINGGU,86,0,86,195
202407,1,KAMPUNG MELAYU,306,3744,301,4068
202407,2,KAMPUNG MELAYU,349,3738,351,3117
202407,3,KAMPUNG MELAYU,354,3698,354,3193
202407,4,KAMPUNG MELAYU,409,3186,409,3922
202407,5,KAMPUNG MELAYU,235,3529,236,3215
202407,6,KAMPUNG MELAYU,368,2527,372,1901
202407,7,KAMPUNG MELAYU,309,2208,309,2369
202407,8,KAMPUNG MELAYU,218,3490,224,3095
202407,9,KAMPUNG MELAYU,341,3790,341,4434
202407,10,KAMPUNG MELAYU,390,3533,390,3560
202407,11,KAMPUNG MELAYU,400,3027,399,4023
202407,12,KAMPUNG MELAYU,360,4288,360,3761
202407,13,KAMPUNG MELAYU,367,2250,368,2283
202407,14,KAMPUNG MELAYU,261,2847,261,2633
202407,15,KAMPUNG MELAYU,302,3338,311,3814
202407,16,KAMPUNG MELAYU,272,3425,276,3495
202407,17,KAMPUNG MELAYU,312,3425,312,4374
202407,18,KAMPUNG MELAYU,325,2761,324,3836
202407,19,KAMPUNG MELAYU,260,3680,263,3589
202407,20,KAMPUNG MELAYU,257,2435,255,2603
202407,21,KAMPUNG MELAYU,248,2333,269,2566
202407,22,KAMPUNG MELAYU,312,3679,312,3757
202407,23,KAMPUNG MELAYU,336,3134,335,3716
202407,24,KAMPUNG MELAYU,382,3885,379,4225
202407,25,KAMPUNG MELAYU,293,3934,294,4538
202407,26,KAMPUNG MELAYU,299,3919,321,3493
202407,27,KAMPUNG MELAYU,251,2647,249,2369
202407,28,KAMPUNG MELAYU,296,2841,295,2493
202407,29,KAMPUNG MELAYU,318,3792,318,3967
202407,30,KAMPUNG MELAYU,187,2503,242,2732
202407,31,KAMPUNG MELAYU,344,4586,344,3865
202407,1,SENEN,239,1566,239,1786
202407,2,SENEN,240,1578,240,1691
202407,3,SENEN,239,1568,239,1768
202407,4,SENEN,241,1564,241,1761
202407,5,SENEN,238,1581,238,1795
202407,6,SENEN,190,1294,190,1445
202407,7,SENEN,189,1317,189,1483
202407,8,SENEN,239,1578,239,1767
202407,9,SENEN,240,1583,240,1749
202407,10,SENEN,239,1589,239,1750
202407,11,SENEN,241,1577,240,1794
202407,12,SENEN,238,1564,238,1787
202407,13,SENEN,190,1284,191,1452
202407,14,SENEN,189,1295,189,1450
202407,15,SENEN,239,1575,239,1773
202407,16,SENEN,241,1563,241,1770
202407,17,SENEN,239,1582,239,1760
202407,18,SENEN,241,1559,241,1776
202407,19,SENEN,239,1577,239,1796
202407,20,SENEN,190,1278,190,1429
202407,21,SENEN,189,1277,189,1434
202407,22,SENEN,238,1564,238,1787
202407,23,SENEN,242,1587,242,1780
202407,24,SENEN,239,1590,239,1757
202407,25,SENEN,242,1564,242,1772
202407,26,SENEN,237,1563,237,1777
202407,27,SENEN,190,1286,190,1417
202407,28,SENEN,189,1299,189,1437
202407,29,SENEN,238,1584,238,1787
202407,30,SENEN,242,1585,242,1782
202407,31,SENEN,239,1576,239,1767
202407,1,MANGGARAI,49,3525,49,15398
202407,2,MANGGARAI,47,3527,47,14876
202407,3,MANGGARAI,47,3660,47,15154
202407,4,MANGGARAI,47,3631,47,14746
202407,5,MANGGARAI,47,3640,47,13731
202407,6,MANGGARAI,34,1463,34,7999
202407,7,MANGGARAI,33,1804,33,7670
202407,8,MANGGARAI,47,3702,47,15470
202407,9,MANGGARAI,47,3929,47,16083
202407,10,MANGGARAI,47,3928,47,16186
202407,11,MANGGARAI,48,3713,48,15633
202407,12,MANGGARAI,47,3584,47,14925
202407,13,MANGGARAI,33,2286,33,9670
202407,14,MANGGARAI,33,1781,33,7513
202407,15,MANGGARAI,48,3857,48,15206
202408,15,SENEN,241,1578,241,1769
202408,16,SENEN,237,1592,237,1781
202408,17,SENEN,190,1290,190,1634
202408,18,SENEN,217,1344,217,1733
202408,19,SENEN,241,1579,241,1768
202408,20,SENEN,241,1570,241,1788
202408,21,SENEN,241,1602,241,1764
202408,22,SENEN,241,1555,241,1778
202408,23,SENEN,238,1599,238,1781
202408,24,SENEN,190,1288,190,1640
202408,25,SENEN,217,1347,217,1742
202408,26,SENEN,239,1576,239,1767
202408,27,SENEN,241,1579,241,1780
202408,28,SENEN,242,1564,242,1772
202408,29,SENEN,239,1584,239,1774
202408,30,SENEN,238,1585,238,1783
202408,31,SENEN,190,1293,190,1633
202408,1,MANGGARAI,47,3667,47,15584
202408,2,MANGGARAI,47,3751,47,14876
202408,3,MANGGARAI,34,2480,34,9430
202408,4,MANGGARAI,33,1876,33,7716
202408,5,MANGGARAI,48,2085,48,14194
202408,6,MANGGARAI,47,4157,47,16099
202408,7,MANGGARAI,47,3954,47,16113
202408,8,MANGGARAI,48,3989,48,16231
202408,9,MANGGARAI,48,3690,48,15495
202408,10,MANGGARAI,34,2673,34,9608
202408,11,MANGGARAI,32,1929,32,7546
202408,12,MANGGARAI,48,4092,48,15495
202408,13,MANGGARAI,49,289,49,7254
202408,14,MANGGARAI,49,3397,49,14363
202408,15,MANGGARAI,49,3600,49,14954
202408,16,MANGGARAI,49,3651,49,14.502
202408,17,MANGGARAI,36,2410,36,7.767
202408,18,MANGGARAI,33,1939,33,7468
202408,19,MANGGARAI,49,3995,49,15460
202408,20,MANGGARAI,49,3849,49,17157
202408,21,MANGGARAI,49,3982,49,15217
202408,22,MANGGARAI,49,3625,49,15029
202408,23,MANGGARAI,49,3901,49,14315
202408,24,MANGGARAI,34,2437,34,8531
202408,25,MANGGARAI,34,2498,34,7912
202408,26,MANGGARAI,49,3839,49,15526
202408,27,MANGGARAI,49,3787,49,15861
202408,28,MANGGARAI,49,3843,49,15806
202408,29,MANGGARAI,48,3726,48,15432
202408,30,MANGGARAI,49,3912,49,14759
202408,31,MANGGARAI,34,2347,34,8942
202408,1,PULOGADUNG,260,1977,260,2059
202408,2,PULOGADUNG,252,2026,252,2120
202408,3,PULOGADUNG,215,1849,215,1939
202408,4,PULOGADUNG,216,1774,216,1879
202408,5,PULOGADUNG,256,2030,256,2140
202408,6,PULOGADUNG,256,2022,256,2057
202408,7,PULOGADUNG,253,2006,253,2102
202408,8,PULOGADUNG,235,2480,235,2600
202408,9,PULOGADUNG,242,1957,242,2052
202408,10,PULOGADUNG,247,2018,245,2113
202408,11,PULOGADUNG,266,2046,266,2111
202408,12,PULOGADUNG,250,2078,250,2132
202408,13,PULOGADUNG,251,1929,251,2054
202408,14,PULOGADUNG,266,2062,266,2152
202408,15,PULOGADUNG,264,2072,264,2136
202408,16,PULOGADUNG,250,1981,250,2069
202408,17,PULOGADUNG,255,2015,255,2116
202408,18,PULOGADUNG,253,1978,253,2079
202408,19,PULOGADUNG,249,1960,249,2052
202408,20,PULOGADUNG,247,1966,247,2060
202408,21,PULOGADUNG,255,2038,255,2151
202408,22,PULOGADUNG,248,1991,248,2057
202408,23,PULOGADUNG,232,2022,232,2117
202408,24,PULOGADUNG,225,1965,225,2055
202408,25,PULOGADUNG,279,2818,356,2971
202408,26,PULOGADUNG,254,2034,254,2119
202408,27,PULOGADUNG,269,2057,269,2144
202408,28,PULOGADUNG,237,2436,237,2593
202408,29,PULOGADUNG,253,2012,253,2084
202408,30,PULOGADUNG,260,1966,260,2079
202408,31,PULOGADUNG,184,2021,184,2117
202408,1,KAMPUNG RAMBUTAN,348,2934,56,311
202408,2,KAMPUNG RAMBUTAN,349,2687,77,405
202408,3,KAMPUNG RAMBUTAN,349,2708,73,397
202408,4,KAMPUNG RAMBUTAN,352,3003,74,401
202408,5,KAMPUNG RAMBUTAN,361,2859,65,335
202408,6,KAMPUNG RAMBUTAN,353,2705,76,427
202408,7,KAMPUNG RAMBUTAN,345,2730,86,412
202408,8,KAMPUNG RAMBUTAN,350,2801,61,413
202408,9,KAMPUNG RAMBUTAN,352,2832,58,451
202408,10,KAMPUNG RAMBUTAN,348,2867,67,428
202408,11,KAMPUNG RAMBUTAN,357,2814,67,458
202408,12,KAMPUNG RAMBUTAN,353,2829,92,492
202408,13,KAMPUNG RAMBUTAN,351,2556,82,417
202408,14,KAMPUNG RAMBUTAN,352,2749,77,456
202408,15,KAMPUNG RAMBUTAN,352,2672,79,621
202408,16,KAMPUNG RAMBUTAN,359,2781,68,615
202408,17,KAMPUNG RAMBUTAN,356,2720,71,427
202408,18,KAMPUNG RAMBUTAN,373,2881,75,438
202408,19,KAMPUNG RAMBUTAN,373,3217,66,317
202408,20,KAMPUNG RAMBUTAN,355,2768,70,350
202408,21,KAMPUNG RAMBUTAN,360,2686,82,370
202408,22,KAMPUNG RAMBUTAN,353,2642,73,430
202408,23,KAMPUNG RAMBUTAN,351,2638,99,606
202408,24,KAMPUNG RAMBUTAN,352,2738,47,382
202408,25,KAMPUNG RAMBUTAN,367,3018,58,412
202408,26,KAMPUNG RAMBUTAN,360,3035,63,294
202408,27,KAMPUNG RAMBUTAN,342,2857,75,331
202408,28,KAMPUNG RAMBUTAN,345,2804,96,424
202408,29,KAMPUNG RAMBUTAN,338,2771,61,378
202408,30,KAMPUNG RAMBUTAN,341,2691,73,500
202408,31,KAMPUNG RAMBUTAN,343,2761,47,437
202408,1,KALIDERES,84,620,73,635
202408,2,KALIDERES,90,601,79,689
202408,3,KALIDERES,96,632,85,737
202408,4,KALIDERES,92,658,81,692
202408,5,KALIDERES,86,694,76,658
202408,6,KALIDERES,82,667,72,626
202408,7,KALIDERES,77,633,67,604
202408,8,KALIDERES,81,609,71,631
202408,9,KALIDERES,88,624,76,685
202408,10,KALIDERES,95,642,84,739
202408,11,KALIDERES,91,658,80,692
202408,12,KALIDERES,86,705,76,663
202408,13,KALIDERES,82,661,72,637
202408,14,KALIDERES,78,636,68,602
202408,15,KALIDERES,83,617,73,640
202408,16,KALIDERES,90,649,79,721
202408,17,KALIDERES,93,664,82,758
202408,18,KALIDERES,87,683,76,704
202408,19,KALIDERES,83,712,73,675
202408,20,KALIDERES,80,678,70,643
202408,21,KALIDERES,77,655,67,616
202408,22,KALIDERES,73,626,63,632
202408,23,KALIDERES,78,641,68,667
202408,24,KALIDERES,84,665,73,690
202408,25,KALIDERES,91,649,80,725
202408,26,KALIDERES,91,649,80,725
202408,27,KALIDERES,82,673,72,638
202408,28,KALIDERES,79,644,69,609
202408,29,KALIDERES,84,618,74,641
202408,30,KALIDERES,90,632,79,687
202408,31,KALIDERES,96,657,85,732
202408,1,TANJUNG PRIOK,81,315,70,348
202408,2,TANJUNG PRIOK,85,364,73,491
202408,3,TANJUNG PRIOK,91,247,80,532
202408,4,TANJUNG PRIOK,95,438,82,381
202408,5,TANJUNG PRIOK,78,416,66,303
202408,6,TANJUNG PRIOK,70,325,60,248
202408,7,TANJUNG PRIOK,68,273,57,234
202408,8,TANJUNG PRIOK,74,262,63,351
202408,9,TANJUNG PRIOK,80,236,70,428
202408,10,TANJUNG PRIOK,83,214,72,472
202408,11,TANJUNG PRIOK,90,483,78,328
202408,12,TANJUNG PRIOK,82,426,70,313
202408,13,TANJUNG PRIOK,72,347,60,254
202408,14,TANJUNG PRIOK,70,276,58,241
202408,15,TANJUNG PRIOK,75,228,65,317
202408,16,TANJUNG PRIOK,88,249,76,637
202408,17,TANJUNG PRIOK,90,274,80,518
202408,18,TANJUNG PRIOK,97,525,83,413
202408,19,TANJUNG PRIOK,76,497,73,301
202408,20,TANJUNG PRIOK,73,423,61,256
202408,21,TANJUNG PRIOK,63,314,51,237
202408,22,TANJUNG PRIOK,78,258,67,361
202408,23,TANJUNG PRIOK,86,231,75,385
202408,24,TANJUNG PRIOK,88,262,78,471
202408,25,TANJUNG PRIOK,93,634,80,363
202408,26,TANJUNG PRIOK,81,417,69,285
202408,27,TANJUNG PRIOK,76,342,65,237
202408,28,TANJUNG PRIOK,79,227,66,291
202408,29,TANJUNG PRIOK,82,249,71,418
202408,30,TANJUNG PRIOK,85,312,73,524
202408,31,TANJUNG PRIOK,90,237,78,561
202408,1,GROGOL,98,29,98,76
202408,2,GROGOL,108,22,108,113
202408,3,GROGOL,115,17,115,126
202408,4,GROGOL,101,23,101,114
202408,5,GROGOL,97,52,97,102
202408,6,GROGOL,101,46,101,96
202408,7,GROGOL,97,42,97,91
202408,8,GROGOL,103,33,103,98
202408,9,GROGOL,117,25,117,126
202408,10,GROGOL,124,33,124,132
202408,11,GROGOL,101,23,101,111
202408,12,GROGOL,107,44,107,92
202408,13,GROGOL,98,38,98,85
202408,14,GROGOL,103,32,103,93
202408,15,GROGOL,112,24,112,118
202408,16,GROGOL,132,17,132,176
202408,17,GROGOL,103,33,103,96
202408,18,GROGOL,92,42,92,83
202408,19,GROGOL,105,53,105,91
202408,20,GROGOL,97,41,97,76
202408,21,GROGOL,107,37,107,92
202408,22,GROGOL,113,42,113,99
202408,23,GROGOL,124,31,124,137
202408,24,GROGOL,118,26,118,123
202408,25,GROGOL,104,33,104,115
202408,26,GROGOL,97,45,97,108
202408,27,GROGOL,88,48,88,101
202408,28,GROGOL,96,39,96,112
202408,29,GROGOL,102,32,102,119
202408,30,GROGOL,121,26,121,142
202408,31,GROGOL,117,23,117,129
202408,1,MUARA ANGKE,5,56,5,69
202408,2,MUARA ANGKE,5,58,5,74
202408,3,MUARA ANGKE,5,46,5,57
202408,4,MUARA ANGKE,5,60,5,45
202408,5,MUARA ANGKE,5,54,5,67
202408,6,MUARA ANGKE,5,49,5,69
202408,7,MUARA ANGKE,5,51,5,72
202408,8,MUARA ANGKE,5,47,5,61
202408,9,MUARA ANGKE,5,50,5,77
202408,10,MUARA ANGKE,5,43,5,64
202408,11,MUARA ANGKE,5,59,5,48
202408,12,MUARA ANGKE,5,48,5,69
202408,13,MUARA ANGKE,5,51,5,73
202408,14,MUARA ANGKE,5,47,5,60
202408,15,MUARA ANGKE,5,52,5,76
202408,16,MUARA ANGKE,5,50,5,79
202408,17,MUARA ANGKE,5,51,5,54
202408,18,MUARA ANGKE,5,42,5,55
202408,19,MUARA ANGKE,5,49,5,60
202408,20,MUARA ANGKE,5,53,5,69
202408,21,MUARA ANGKE,5,56,5,72
202408,22,MUARA ANGKE,5,50,5,63
202408,23,MUARA ANGKE,5,64,5,73
202408,24,MUARA ANGKE,5,47,5,66
202408,25,MUARA ANGKE,5,54,5,69
202408,26,MUARA ANGKE,5,48,5,62
202408,27,MUARA ANGKE,5,53,5,67
202408,28,MUARA ANGKE,5,46,5,61
202408,29,MUARA ANGKE,5,49,5,63
202408,30,MUARA ANGKE,5,64,5,74
202408,31,MUARA ANGKE,5,47,5,71
202408,1,LEBAK BULUS,37,14,37,123
202408,2,LEBAK BULUS,38,12,38,98
202408,3,LEBAK BULUS,38,15,38,111
202408,4,LEBAK BULUS,36,10,36,99
202408,5,LEBAK BULUS,38,22,38,101
202408,6,LEBAK BULUS,35,9,35,97
202408,7,LEBAK BULUS,36,11,36,99
202408,8,LEBAK BULUS,38,13,38,101
202408,9,LEBAK BULUS,39,21,39,132
202408,10,LEBAK BULUS,38,16,38,128
202408,11,LEBAK BULUS,39,40,39,175
202408,12,LEBAK BULUS,29,21,29,165
202408,13,LEBAK BULUS,30,3,30,123
202408,14,LEBAK BULUS,31,6,31,134
202408,15,LEBAK BULUS,32,12,32,124
202408,16,LEBAK BULUS,39,14,39,115
202408,17,LEBAK BULUS,40,23,40,123
202408,18,LEBAK BULUS,39,13,39,123
202408,14,RAGUNAN,77,627,77,620
202408,15,RAGUNAN,77,648,77,642
202408,16,RAGUNAN,77,623,77,645
202408,17,RAGUNAN,71,609,71,649
202408,18,RAGUNAN,67,601,67,634
202408,19,RAGUNAN,76,627,76,632
202408,20,RAGUNAN,78,639,78,665
202408,21,RAGUNAN,77,658,77,654
202408,22,RAGUNAN,77,612,77,650
202408,23,RAGUNAN,77,615,77,661
202408,24,RAGUNAN,69,606,69,636
202408,25,RAGUNAN,66,602,66,642
202408,26,RAGUNAN,77,616,77,636
202408,27,RAGUNAN,76,629,76,623
202408,28,RAGUNAN,77,642,77,670
202408,29,RAGUNAN,77,641,77,646
202408,30,RAGUNAN,77,643,77,654
202408,31,RAGUNAN,71,675,71,660
202408,1,BLOK M,351,5310,351,5469
202408,2,BLOK M,345,5316,345,5488
202408,3,BLOK M,256,4537,256,4945
202408,4,BLOK M,250,4633,250,5006
202408,5,BLOK M,320,5513,320,5585
202408,6,BLOK M,342,5429,342,5558
202408,7,BLOK M,340,5278,340,5474
202408,8,BLOK M,344,5377,344,5505
202408,9,BLOK M,345,5505,345,5562
202408,10,BLOK M,255,4837,255,5126
202408,11,BLOK M,238,4593,238,4961
202408,12,BLOK M,308,5563,308,5619
202408,13,BLOK M,332,5432,332,5559
202408,14,BLOK M,344,5625,344,5619
202408,15,BLOK M,342,5547,342,5578
202408,16,BLOK M,345,5434,345,5579
202408,17,BLOK M,244,4643,244,5035
202408,18,BLOK M,241,4519,241,4951
202408,19,BLOK M,348,5391,348,5521
202408,20,BLOK M,345,5356,345,5466
202408,21,BLOK M,343,5443,343,5495
202408,22,BLOK M,343,5435,343,5580
202408,23,BLOK M,348,5352,348,5508
202408,24,BLOK M,244,4660,244,5012
202408,25,BLOK M,242,4554,242,4949
202408,26,BLOK M,346,5542,346,5681
202408,27,BLOK M,344,5567,344,5676
202408,28,BLOK M,346,5499,346,5631
202408,29,BLOK M,346,5351,346,5498
202408,30,BLOK M,345,5393,345,5484
202408,31,BLOK M,282,4687,282,5018
202408,1,CILILITAN,222,29255,222,35791
202408,2,CILILITAN,222,28951,222,34900
202408,3,CILILITAN,183,19769,183,23205
202408,4,CILILITAN,182,22029,182,23709
202408,5,CILILITAN,222,30252,221,32762
202408,6,CILILITAN,220,29660,220,36279
202408,7,CILILITAN,220,29590,220,36005
202408,8,CILILITAN,220,29554,220,38583
202408,9,CILILITAN,220,30403,220,34413
202408,10,CILILITAN,185,18637,185,23994
202408,11,CILILITAN,185,16651,185,20187
202408,12,CILILITAN,220,27582,220,31856
202408,13,CILILITAN,220,28634,220,35075
202408,14,CILILITAN,220,29032,220,33429
202408,15,CILILITAN,220,29344,220,33919
202408,16,CILILITAN,220,29774,220,33036
202408,17,CILILITAN,185,19784,185,22944
202408,18,CILILITAN,185,17249,185,21056
202408,19,CILILITAN,222,29857,222,34242
202408,20,CILILITAN,222,29155,222,33981
202408,21,CILILITAN,222,29594,222,35063
202408,22,CILILITAN,216,28958,216,35259
202408,23,CILILITAN,219,28995,219,36345
202408,24,CILILITAN,185,19970,185,23328
202408,25,CILILITAN,185,17351,185,21430
202408,26,CILILITAN,219,29830,219,34235
202408,27,CILILITAN,219,29815,219,34310
202408,28,CILILITAN,219,29851,219,34199
202408,29,CILILITAN,219,29784,219,34879
202408,30,CILILITAN,219,34876,219,32741
202408,31,CILILITAN,185,19869,185,24619
202408,1,KLENDER,139,300,141,308
202408,2,KLENDER,136,286,138,295
202408,3,KLENDER,139,290,141,301
202408,4,KLENDER,137,294,139,305
202408,5,KLENDER,139,300,143,334
202408,6,KLENDER,141,299,144,311
202408,7,KLENDER,138,303,142,312
202408,8,KLENDER,133,292,133,302
202408,9,KLENDER,133,291,133,299
202408,10,KLENDER,137,286,139,296
202408,11,KLENDER,133,300,135,305
202408,12,KLENDER,136,295,140,312
202408,13,KLENDER,135,296,139,306
202408,14,KLENDER,137,292,140,300
202408,15,KLENDER,140,299,143,308
202408,16,KLENDER,137,304,142,318
202408,17,KLENDER,141,318,144,326
202408,18,KLENDER,136,327,139,346
202408,19,KLENDER,140,323,143,333
202408,20,KLENDER,138,310,141,326
202408,21,KLENDER,133,302,133,310
202408,22,KLENDER,137,303,139,316
202408,23,KLENDER,141,312,143,320
202408,24,KLENDER,138,317,140,328
202408,25,KLENDER,142,328,145,339
202408,26,KLENDER,138,305,141,318
202408,27,KLENDER,140,307,144,313
202408,28,KLENDER,139,292,139,301
202408,29,KLENDER,140,312,144,323
202408,30,KLENDER,137,307,141,320
202408,31,KLENDER,133,300,135,305
202408,1,PASAR MINGGU,89,0,89,222
202408,2,PASAR MINGGU,88,0,88,205
202408,3,PASAR MINGGU,81,0,81,184
202408,4,PASAR MINGGU,85,0,85,206
202408,5,PASAR MINGGU,89,0,89,200
202408,6,PASAR MINGGU,89,0,89,200
202408,7,PASAR MINGGU,91,0,91,199
202408,8,PASAR MINGGU,79,0,79,188
202408,9,PASAR MINGGU,85,0,85,181
202408,10,PASAR MINGGU,82,0,82,172
202408,11,PASAR MINGGU,85,0,85,175
202408,12,PASAR MINGGU,88,0,88,199
202408,13,PASAR MINGGU,91,0,91,199
202408,14,PASAR MINGGU,93,0,93,200
202408,15,PASAR MINGGU,88,0,88,199
202408,16,PASAR MINGGU,88,0,88,201
202408,17,PASAR MINGGU,78,0,78,178
202408,18,PASAR MINGGU,84,0,84,203
202408,19,PASAR MINGGU,89,0,89,173
202408,20,PASAR MINGGU,88,0,88,205
202408,21,PASAR MINGGU,86,0,86,213
202408,22,PASAR MINGGU,78,0,78,158
202408,23,PASAR MINGGU,84,0,84,186
202408,24,PASAR MINGGU,89,0,89,173
202408,25,PASAR MINGGU,84,0,84,187
202408,26,PASAR MINGGU,86,0,86,195
202408,27,PASAR MINGGU,84,0,84,191
202408,28,PASAR MINGGU,84,0,84,187
202408,29,PASAR MINGGU,86,0,86,196
202408,30,PASAR MINGGU,84,0,84,191
202408,31,PASAR MINGGU,84,0,84,194
202408,1,KAMPUNG MELAYU,306,3744,301,4068
202408,2,KAMPUNG MELAYU,252,5239,252,3400
202408,3,KAMPUNG MELAYU,193,2119,194,2756
202408,4,KAMPUNG MELAYU,249,2134,254,2193
202408,5,KAMPUNG MELAYU,303,3146,303,4255
202408,6,KAMPUNG MELAYU,360,4412,360,3403
202408,7,KAMPUNG MELAYU,295,3303,295,3205
202408,8,KAMPUNG MELAYU,337,4414,337,3891
202408,9,KAMPUNG MELAYU,296,2648,295,3495
202408,10,KAMPUNG MELAYU,309,2208,309,2369
202408,11,KAMPUNG MELAYU,341,2176,340,2086
202408,12,KAMPUNG MELAYU,360,3594,360,3576
202408,13,KAMPUNG MELAYU,419,3401,423,3883
202408,14,KAMPUNG MELAYU,357,4419,363,4895
202408,15,KAMPUNG MELAYU,351,4307,356,4651
202408,16,KAMPUNG MELAYU,341,4143,341,4923
202408,17,KAMPUNG MELAYU,225,1852,224,2942
202408,18,KAMPUNG MELAYU,248,2333,269,2564
202408,19,KAMPUNG MELAYU,232,3356,237,3266
202408,20,KAMPUNG MELAYU,280,4244,281,3908
202408,21,KAMPUNG MELAYU,232,3473,233,3293
202408,22,KAMPUNG MELAYU,321,5055,321,4228
202408,23,KAMPUNG MELAYU,301,4623,309,3741
202408,24,KAMPUNG MELAYU,257,2296,255,2334
202408,25,KAMPUNG MELAYU,189,2246,189,2085
202408,26,KAMPUNG MELAYU,330,5573,330,3615
202408,27,KAMPUNG MELAYU,279,4145,279,3397
202408,28,KAMPUNG MELAYU,325,3047,325,3739
202408,29,KAMPUNG MELAYU,348,3226,348,4033
202408,30,KAMPUNG MELAYU,286,2256,286,1853
202408,31,KAMPUNG MELAYU,293,3235,293,3075
202408,1,SENEN,242,1566,242,1769
202408,2,SENEN,237,1572,237,1779
202408,3,SENEN,190,1276,190,1632
202408,4,SENEN,189,1302,189,1429
202408,5,SENEN,241,1563,241,1770
202408,6,SENEN,241,1579,241,1780
202408,7,SENEN,240,1590,240,1750
202408,8,SENEN,241,1573,241,1782
202408,9,SENEN,237,1578,237,1784
202408,10,SENEN,190,1299,196,1629
202408,11,SENEN,189,1304,189,1446
202408,12,SENEN,241,1566,241,1782
202408,13,SENEN,241,1559,241,1776
202408,14,SENEN,240,1597,240,1766
202409,13,KALIDERES,93,619,82,695
202409,14,KALIDERES,98,645,87,738
202409,15,KALIDERES,91,662,80,684
202409,16,KALIDERES,87,706,77,659
202409,17,KALIDERES,83,738,73,626
202409,18,KALIDERES,80,683,70,609
202409,19,KALIDERES,85,634,75,642
202409,20,KALIDERES,90,659,79,691
202409,21,KALIDERES,96,631,83,723
202409,22,KALIDERES,91,665,80,697
202409,23,KALIDERES,86,707,76,658
202409,24,KALIDERES,81,670,71,624
202409,25,KALIDERES,78,646,68,605
202409,26,KALIDERES,83,612,72,636
202409,27,KALIDERES,88,643,77,689
202409,28,KALIDERES,94,668,82,731
202409,29,KALIDERES,90,684,79,692
202409,30,KALIDERES,86,716,76,660
202409,1,TANJUNG PRIOK,80,501,70,338
202409,2,TANJUNG PRIOK,78,317,65,286
202409,3,TANJUNG PRIOK,71,264,61,239
202409,4,TANJUNG PRIOK,82,238,60,224
202409,5,TANJUNG PRIOK,86,259,64,352
202409,6,TANJUNG PRIOK,91,320,74,471
202409,7,TANJUNG PRIOK,94,361,76,529
202409,8,TANJUNG PRIOK,97,473,80,392
202409,9,TANJUNG PRIOK,72,428,61,301
202409,10,TANJUNG PRIOK,65,341,55,256
202409,11,TANJUNG PRIOK,80,292,69,312
202409,12,TANJUNG PRIOK,85,308,70,364
202409,13,TANJUNG PRIOK,89,226,74,419
202409,14,TANJUNG PRIOK,95,315,80,623
202409,15,TANJUNG PRIOK,97,520,82,341
202409,16,TANJUNG PRIOK,83,419,71,301
202409,17,TANJUNG PRIOK,74,361,62,243
202409,18,TANJUNG PRIOK,73,312,60,273
202409,19,TANJUNG PRIOK,80,243,65,379
202409,20,TANJUNG PRIOK,85,297,70,415
202409,21,TANJUNG PRIOK,90,239,74,462
202409,22,TANJUNG PRIOK,93,438,80,486
202409,23,TANJUNG PRIOK,72,362,60,315
202409,24,TANJUNG PRIOK,70,217,58,239
202409,25,TANJUNG PRIOK,76,196,64,268
202409,26,TANJUNG PRIOK,81,212,68,327
202409,27,TANJUNG PRIOK,87,264,72,459
202409,28,TANJUNG PRIOK,95,293,80,474
202409,29,TANJUNG PRIOK,80,417,65,315
202409,30,TANJUNG PRIOK,70,391,60,236
202409,1,GROGOL,102,34,102,111
202409,2,GROGOL,114,52,114,116
202409,3,GROGOL,99,57,99,108
202409,4,GROGOL,103,48,103,118
202409,5,GROGOL,108,44,108,122
202409,6,GROGOL,118,36,118,157
202409,7,GROGOL,112,32,112,135
202409,8,GROGOL,101,41,101,116
202409,9,GROGOL,109,46,109,119
202409,10,GROGOL,97,37,97,101
202409,11,GROGOL,103,42,103,115
202409,12,GROGOL,109,31,109,121
202409,13,GROGOL,137,24,137,217
202409,14,GROGOL,122,28,122,181
202409,15,GROGOL,108,22,108,153
202408,19,LEBAK BULUS,38,11,38,99
202408,20,LEBAK BULUS,39,15,39,101
202408,21,LEBAK BULUS,35,14,35,121
202408,22,LEBAK BULUS,36,9,36,132
202408,23,LEBAK BULUS,38,11,38,126
202408,24,LEBAK BULUS,37,13,37,93
202408,25,LEBAK BULUS,39,21,39,105
202408,26,LEBAK BULUS,35,12,35,95
202408,27,LEBAK BULUS,31,9,31,91
202408,28,LEBAK BULUS,33,6,33,103
202408,29,LEBAK BULUS,35,12,35,112
202408,30,LEBAK BULUS,39,17,39,128
202408,31,LEBAK BULUS,40,16,40,135
202408,1,PINANGRANTI,99,155,99,171
202408,2,PINANGRANTI,99,160,99,177
202408,3,PINANGRANTI,89,111,89,129
202408,4,PINANGRANTI,89,112,89,124
202408,5,PINANGRANTI,99,161,99,175
202408,6,PINANGRANTI,99,160,99,176
202408,7,PINANGRANTI,99,165,99,185
202408,8,PINANGRANTI,99,156,99,173
202408,9,PINANGRANTI,99,149,99,166
202408,10,PINANGRANTI,89,114,89,117
202408,11,PINANGRANTI,89,116,89,127
202408,12,PINANGRANTI,99,157,99,171
202408,13,PINANGRANTI,99,156,99,176
202408,14,PINANGRANTI,99,147,99,170
202408,15,PINANGRANTI,99,167,99,180
202408,16,PINANGRANTI,99,152,99,159
202408,17,PINANGRANTI,89,135,89,136
202408,18,PINANGRANTI,89,115,89,119
202408,19,PINANGRANTI,99,132,99,134
202408,20,PINANGRANTI,99,147,99,170
202408,21,PINANGRANTI,99,172,99,169
202408,22,PINANGRANTI,99,163,99,147
202408,23,PINANGRANTI,99,163,99,141
202408,24,PINANGRANTI,89,107,89,122
202408,25,PINANGRANTI,89,107,89,119
202408,26,PINANGRANTI,99,134,99,151
202408,27,PINANGRANTI,99,161,99,178
202408,28,PINANGRANTI,99,156,99,180
202408,29,PINANGRANTI,99,150,99,153
202408,30,PINANGRANTI,99,165,99,161
202408,31,PINANGRANTI,89,135,89,136
202408,1,RAWAMANGUN,34,36,34,36
202408,2,RAWAMANGUN,34,39,34,41
202408,3,RAWAMANGUN,30,33,30,28
202408,4,RAWAMANGUN,30,28,30,26
202408,5,RAWAMANGUN,34,40,34,37
202408,6,RAWAMANGUN,34,35,34,40
202408,7,RAWAMANGUN,34,36,34,38
202408,8,RAWAMANGUN,34,30,34,40
202408,9,RAWAMANGUN,34,33,34,36
202408,10,RAWAMANGUN,30,29,30,36
202408,11,RAWAMANGUN,30,27,30,33
202408,12,RAWAMANGUN,34,34,34,35
202408,13,RAWAMANGUN,34,40,34,44
202408,14,RAWAMANGUN,34,34,34,42
202408,15,RAWAMANGUN,34,39,34,41
202408,16,RAWAMANGUN,34,36,34,41
202408,17,RAWAMANGUN,30,23,30,29
202408,18,RAWAMANGUN,30,25,30,28
202408,19,RAWAMANGUN,34,38,34,43
202408,20,RAWAMANGUN,34,40,34,47
202408,21,RAWAMANGUN,34,39,34,46
202408,22,RAWAMANGUN,34,114,34,140
202408,23,RAWAMANGUN,34,128,34,156
202408,24,RAWAMANGUN,30,82,30,97
202408,25,RAWAMANGUN,30,83,30,97
202408,26,RAWAMANGUN,34,150,34,166
202408,27,RAWAMANGUN,34,161,34,167
202408,28,RAWAMANGUN,34,158,34,167
202408,29,RAWAMANGUN,34,154,34,157
202408,30,RAWAMANGUN,34,152,34,164
202408,31,RAWAMANGUN,30,83,30,101
202409,16,GROGOL,98,24,98,116
202409,17,GROGOL,102,18,102,124
202409,18,GROGOL,109,58,109,131
202409,19,GROGOL,113,46,113,126
202409,20,GROGOL,122,28,122,143
202409,21,GROGOL,118,32,118,129
202409,22,GROGOL,108,45,108,112
202409,23,GROGOL,97,52,97,103
202409,24,GROGOL,101,41,101,111
202409,25,GROGOL,106,37,106,119
202409,26,GROGOL,112,39,112,128
202409,27,GROGOL,132,29,132,152
202409,28,GROGOL,125,33,125,167
202409,29,GROGOL,108,42,108,132
202409,30,GROGOL,111,53,111,102
202409,1,MUARA ANGKE,5,72,5,56
202409,2,MUARA ANGKE,5,49,5,61
202409,3,MUARA ANGKE,5,50,5,67
202409,4,MUARA ANGKE,5,47,5,58
202409,5,MUARA ANGKE,5,45,5,57
202409,6,MUARA ANGKE,5,48,5,68
202409,7,MUARA ANGKE,5,38,5,71
202409,8,MUARA ANGKE,5,52,5,62
202409,9,MUARA ANGKE,5,48,5,64
202409,10,MUARA ANGKE,5,51,5,73
202409,11,MUARA ANGKE,5,47,5,62
202409,12,MUARA ANGKE,5,41,5,57
202409,13,MUARA ANGKE,5,40,5,71
202409,14,MUARA ANGKE,5,37,5,66
202409,15,MUARA ANGKE,5,57,5,66
202409,16,MUARA ANGKE,5,69,5,52
202409,17,MUARA ANGKE,5,47,5,63
202409,18,MUARA ANGKE,5,44,5,67
202409,19,MUARA ANGKE,5,41,5,54
202409,20,MUARA ANGKE,5,40,5,68
202409,21,MUARA ANGKE,5,44,5,54
202409,22,MUARA ANGKE,5,41,5,51
202409,23,MUARA ANGKE,5,67,5,55
202409,24,MUARA ANGKE,5,51,5,67
202409,25,MUARA ANGKE,5,46,5,66
202409,26,MUARA ANGKE,5,49,5,68
202409,27,MUARA ANGKE,5,51,5,54
202409,28,MUARA ANGKE,5,66,5,44
202409,29,MUARA ANGKE,5,54,5,57
202409,30,MUARA ANGKE,5,49,5,62
202409,1,LEBAK BULUS,38,11,38,103
202409,2,LEBAK BULUS,40,15,40,165
202409,3,LEBAK BULUS,37,12,37,153
202409,4,LEBAK BULUS,39,11,39,141
202409,5,LEBAK BULUS,38,13,38,135
202409,6,LEBAK BULUS,40,17,40,141
202409,7,LEBAK BULUS,39,15,39,151
202409,8,LEBAK BULUS,40,11,40,117
202409,9,LEBAK BULUS,39,13,39,125
202409,1,RAGUNAN,70,620,70,613
202409,2,RAGUNAN,80,640,80,655
202409,3,RAGUNAN,78,622,78,657
202409,4,RAGUNAN,78,660,78,669
202409,5,RAGUNAN,78,658,78,674
202409,6,RAGUNAN,78,642,78,654
202409,7,RAGUNAN,71,606,71,650
202409,8,RAGUNAN,67,621,67,619
202409,9,RAGUNAN,75,607,75,668
202409,10,RAGUNAN,77,649,77,659
202409,11,RAGUNAN,78,665,78,671
202409,12,RAGUNAN,79,660,79,657
202409,13,RAGUNAN,78,645,78,656
202409,14,RAGUNAN,70,623,70,625
202409,15,RAGUNAN,68,630,68,619
202409,16,RAGUNAN,69,607,69,573
202409,17,RAGUNAN,75,618,75,608
202409,18,RAGUNAN,76,638,76,634
202409,19,RAGUNAN,78,667,78,664
202409,20,RAGUNAN,77,662,77,653
202409,21,RAGUNAN,67,651,67,659
202409,22,RAGUNAN,66,624,66,672
202409,23,RAGUNAN,76,644,76,638
202409,24,RAGUNAN,78,665,76,652
202409,25,RAGUNAN,78,673,78,662
202409,26,RAGUNAN,77,659,77,668
202409,27,RAGUNAN,78,652,78,677
202409,28,RAGUNAN,70,640,70,666
202409,29,RAGUNAN,70,625,70,653
202409,30,RAGUNAN,78,636,78,636
202409,1,BLOK M,265,4633,265,5014
202409,2,BLOK M,342,5592,342,5693
202409,3,BLOK M,342,5519,342,5645
202409,4,BLOK M,345,5397,345,5514
202409,5,BLOK M,344,5407,344,5539
202409,6,BLOK M,342,5621,342,5720
202409,7,BLOK M,283,4727,283,5093
202409,8,BLOK M,295,4660,295,4993
202409,9,BLOK M,349,5528,349,5583
202409,10,BLOK M,350,5492,350,5605
202409,11,BLOK M,347,5519,347,5633
202409,12,BLOK M,349,5413,349,5508
202409,13,BLOK M,351,5605,351,5684
202409,14,BLOK M,259,4904,259,5160
202409,15,BLOK M,256,4653,256,4968
202409,16,BLOK M,297,4331,297,4872
202409,17,BLOK M,327,5493,327,5624
202409,18,BLOK M,326,5342,326,5512
202409,19,BLOK M,325,5489,325,5604
202409,20,BLOK M,324,5470,324,5592
202409,21,BLOK M,253,4764,253,5047
202409,22,BLOK M,243,4287,243,4807
202409,23,BLOK M,337,5507,337,5678
202409,24,BLOK M,347,5803,347,5839
202409,25,BLOK M,346,5519,346,5624
202409,26,BLOK M,335,5496,335,5622
202409,27,BLOK M,336,5443,336,5539
202409,28,BLOK M,260,4846,260,5113
202409,29,BLOK M,262,4545,262,4918
202409,30,BLOK M,345,5393,345,5484
202409,1,CILILITAN,185,17699,185,23514
202409,2,CILILITAN,220,29745,220,35156
202409,3,CILILITAN,220,29862,220,34854
202409,4,CILILITAN,220,30102,220,32668
202409,5,CILILITAN,220,30494,220,31696
202409,6,CILILITAN,220,30124,220,32956
202409,7,CILILITAN,185,20914,185,26007
202409,8,CILILITAN,185,17395,185,22617
202409,9,CILILITAN,220,29638,220,35718
202409,10,CILILITAN,220,30485,220,34880
202409,11,CILILITAN,220,30677,220,35430
202409,12,CILILITAN,221,29803,221,35545
202409,13,CILILITAN,221,32479,221,34260
202409,14,CILILITAN,210,25362,210,31881
202409,15,CILILITAN,180,16539,180,21392
202409,16,CILILITAN,192,16123,192,22853
202409,17,CILILITAN,177,8942,177,10946
202409,18,CILILITAN,214,18071,214,22329
202409,19,CILILITAN,221,25883,221,31660
202409,20,CILILITAN,221,27799,221,31302
202409,21,CILILITAN,221,27649,221,31062
202409,22,CILILITAN,190,19738,190,23860
202409,23,CILILITAN,182,17402,182,21583
202409,24,CILILITAN,221,31823,221,35278
202409,25,CILILITAN,220,26706,220,31625
202409,26,CILILITAN,220,30433,220,36373
202409,27,CILILITAN,221,30803,221,36147
202409,28,CILILITAN,186,21197,186,23944
202409,29,CILILITAN,186,19190,186,21154
202409,30,CILILITAN,221,32136,221,37326
202409,1,KLENDER,138,317,141,327
202409,2,KLENDER,140,325,143,334
202409,3,KLENDER,136,295,140,312
202409,4,KLENDER,135,296,139,306
202409,5,KLENDER,137,293,141,305
202409,6,KLENDER,139,291,143,298
202409,7,KLENDER,134,309,138,317
202409,8,KLENDER,138,303,140,317
202409,9,KLENDER,136,290,142,306
202409,10,KLENDER,139,302,143,314
202409,11,KLENDER,134,308,138,321
202409,12,KLENDER,138,305,141,318
202409,13,KLENDER,140,310,142,322
202409,14,KLENDER,137,313,139,322
202409,15,KLENDER,137,299,139,310
202409,16,KLENDER,139,297,141,306
202409,17,KLENDER,136,314,138,328
202409,18,KLENDER,140,318,142,325
202409,19,KLENDER,135,314,139,328
202409,20,KLENDER,138,311,141,319
202409,21,KLENDER,140,310,143,325
202409,22,KLENDER,136,311,138,326
202409,23,KLENDER,139,310,141,320
202409,24,KLENDER,134,304,138,311
202409,25,KLENDER,133,302,133,310
202409,26,KLENDER,137,303,139,316
202409,27,KLENDER,136,299,138,308
202409,28,KLENDER,138,292,140,298
202409,29,KLENDER,137,280,139,291
202409,30,KLENDER,140,295,142,320
202409,1,PASAR MINGGU,86,0,86,190
202409,2,PASAR MINGGU,89,0,89,207
202409,3,PASAR MINGGU,91,0,91,198
202409,4,PASAR MINGGU,89,0,89,225
202409,5,PASAR MINGGU,88,0,88,207
202409,6,PASAR MINGGU,88,0,88,205
202409,7,PASAR MINGGU,81,0,81,184
202409,8,PASAR MINGGU,85,0,85,206
202409,9,PASAR MINGGU,89,0,89,200
202409,10,PASAR MINGGU,89,0,89,200
202409,11,PASAR MINGGU,91,0,91,199
202409,12,PASAR MINGGU,79,0,79,188
202409,13,PASAR MINGGU,91,0,91,199
202409,14,PASAR MINGGU,93,0,93,200
202409,15,PASAR MINGGU,84,0,84,173
202409,16,PASAR MINGGU,92,0,92,197
202409,17,PASAR MINGGU,87,0,87,181
202409,18,PASAR MINGGU,86,0,86,195
202409,19,PASAR MINGGU,84,0,84,191
202409,20,PASAR MINGGU,88,0,88,205
202409,21,PASAR MINGGU,86,0,86,213
202409,22,PASAR MINGGU,82,0,662,196
202409,23,PASAR MINGGU,79,0,79,183
202409,24,PASAR MINGGU,85,0,85,159
202409,25,PASAR MINGGU,82,0,662,196
202409,26,PASAR MINGGU,80,0,80,173
202409,27,PASAR MINGGU,81,0,81,156
202409,28,PASAR MINGGU,89,0,89,173
202409,29,PASAR MINGGU,86,0,86,167
202409,30,PASAR MINGGU,84,0,84,194
202409,1,KAMPUNG MELAYU,242,2574,248,2506
202409,2,KAMPUNG MELAYU,338,4847,339,4872
202409,3,KAMPUNG MELAYU,351,3638,351,3786
202409,4,KAMPUNG MELAYU,363,4339,363,3901
202409,5,KAMPUNG MELAYU,278,3307,275,2922
202409,6,KAMPUNG MELAYU,350,3934,353,3704
202409,7,KAMPUNG MELAYU,215,2341,218,2910
202409,8,KAMPUNG MELAYU,307,2224,306,2110
202409,9,KAMPUNG MELAYU,341,3262,347,3216
202409,10,KAMPUNG MELAYU,403,3415,403,3049
202409,11,KAMPUNG MELAYU,329,3208,346,3778
202409,12,KAMPUNG MELAYU,417,5322,417,4038
202409,13,KAMPUNG MELAYU,403,3415,403,3049
202409,14,KAMPUNG MELAYU,343,3293,349,3223
202409,15,KAMPUNG MELAYU,249,2347,252,2243
202409,16,KAMPUNG MELAYU,258,2376,266,2397
202409,17,KAMPUNG MELAYU,376,3904,377,4055
202409,18,KAMPUNG MELAYU,375,4203,376,3666
202409,19,KAMPUNG MELAYU,375,4476,372,3723
202409,20,KAMPUNG MELAYU,287,3500,277,4042
202409,21,KAMPUNG MELAYU,292,2262,292,2122
202409,22,KAMPUNG MELAYU,313,2588,313,2785
202409,23,KAMPUNG MELAYU,370,4077,371,4712
202409,24,KAMPUNG MELAYU,324,3772,324,3497
202409,25,KAMPUNG MELAYU,370,3470,371,3625
202409,26,KAMPUNG MELAYU,295,3988,295,4299
202409,27,KAMPUNG MELAYU,342,3000,339,2396
202409,28,KAMPUNG MELAYU,305,2814,302,2121
202409,29,KAMPUNG MELAYU,331,2835,332,2489
202409,30,KAMPUNG MELAYU,310,4098,310,3983
202409,1,SENEN,217,1354,217,1743
202409,2,SENEN,241,1573,241,1782
202409,3,SENEN,241,1554,242,1780
202409,4,SENEN,241,1573,241,1772
202409,5,SENEN,239,1585,239,1775
202409,6,SENEN,237,1586,237,1790
202409,7,SENEN,190,1299,190,1626
202409,8,SENEN,217,1354,217,1749
202409,9,SENEN,241,1566,241,1782
202409,10,SENEN,241,1559,241,1776
202409,11,SENEN,240,1597,240,1766
202409,12,SENEN,239,1586,239,1777
202409,13,SENEN,237,1593,237,1784
202409,14,SENEN,190,1298,190,1628
202409,15,SENEN,217,1353,217,1743
202409,16,SENEN,241,1575,241,1774
202409,17,SENEN,239,1593,239,1779
202409,18,SENEN,240,1599,240,1754
202409,19,SENEN,239,1592,239,1772
202409,20,SENEN,237,1591,237,1778
202409,21,SENEN,190,1291,190,1631
202409,22,SENEN,189,1303,189,1657
202409,23,SENEN,241,1581,241,1783
202409,24,SENEN,240,1606,240,1770
202409,25,SENEN,242,1607,242,1761
202409,26,SENEN,239,1588,239,1779
202409,27,SENEN,237,1607,237,1788
202409,28,SENEN,190,1298,190,1647
202409,29,SENEN,189,1312,189,1651
202409,30,SENEN,238,1585,238,1783
202409,1,MANGGARAI,33,1774,33,7353
202409,2,MANGGARAI,47,4556,47,16765
202409,3,MANGGARAI,48,4416,48,16419
202409,4,MANGGARAI,49,4492,49,16920
202409,5,MANGGARAI,48,5325,48,18438
202409,6,MANGGARAI,48,4256,48,15606
202409,7,MANGGARAI,34,2558,34,9377
202409,8,MANGGARAI,33,1626,33,7076
202409,9,MANGGARAI,49,4812,49,16969
202409,10,MANGGARAI,48,4802,48,16612
202409,11,MANGGARAI,49,4567,49,16640
202409,12,MANGGARAI,49,4812,49,16340
202409,13,MANGGARAI,49,4498,49,15049
202409,14,MANGGARAI,34,2940,34,9640
202409,15,MANGGARAI,33,2372,33,7792
202409,16,MANGGARAI,34,1859,34,7181
202409,17,MANGGARAI,49,4849,49,16266
202409,18,MANGGARAI,49,4304,49,16317
202409,19,MANGGARAI,49,4713,49,15655
202409,20,MANGGARAI,49,4701,49,15722
202409,21,MANGGARAI,34,2660,34,11441
202409,22,MANGGARAI,34,2124,34,9839
202409,23,MANGGARAI,49,4947,49,16464
202409,24,MANGGARAI,48,4388,48,14891
202409,25,MANGGARAI,49,5156,49,16269
202409,26,MANGGARAI,49,5038,49,16153
202409,27,MANGGARAI,49,4480,49,15572
202409,28,MANGGARAI,34,2677,34,8880
202409,29,MANGGARAI,33,1611,33,7157
202409,30,MANGGARAI,49,4584,49,16627
202409,1,PULOGADUNG,260,2001,260,2081
202409,2,PULOGADUNG,264,2072,264,2136
202409,3,PULOGADUNG,224,1875,224,1959
202409,4,PULOGADUNG,249,1935,249,2063
202409,5,PULOGADUNG,257,2099,257,2144
202409,6,PULOGADUNG,248,2001,248,2099
202409,7,PULOGADUNG,248,2025,248,2103
202409,8,PULOGADUNG,297,2974,297,3128
202409,9,PULOGADUNG,309,2489,309,2616
202409,10,PULOGADUNG,259,2028,259,2105
202409,11,PULOGADUNG,265,1983,265,2082
202409,12,PULOGADUNG,271,2063,271,2153
202409,13,PULOGADUNG,256,2060,256,2121
202409,14,PULOGADUNG,241,1963,241,2038
202409,15,PULOGADUNG,243,2511,243,2597
202409,16,PULOGADUNG,252,1977,252,2071
202409,17,PULOGADUNG,253,1978,253,2079
202409,18,PULOGADUNG,249,1960,249,2052
202409,19,PULOGADUNG,251,2041,251,2112
202409,20,PULOGADUNG,244,1939,244,2059
202409,21,PULOGADUNG,242,1940,242,2033
202409,22,PULOGADUNG,248,1966,248,2061
202409,23,PULOGADUNG,211,2409,211,2527
202409,24,PULOGADUNG,237,2436,237,2593
202409,25,PULOGADUNG,253,1978,253,2079
202409,26,PULOGADUNG,249,1950,249,2040
202409,27,PULOGADUNG,191,1529,191,1601
202409,28,PULOGADUNG,248,2034,248,2121
202409,29,PULOGADUNG,254,2040,254,2133
202409,30,PULOGADUNG,253,1978,253,2079
202409,1,KAMPUNG RAMBUTAN,428,2864,58,399
202409,2,KAMPUNG RAMBUTAN,387,2587,59,394
202409,3,KAMPUNG RAMBUTAN,347,2391,72,329
202409,4,KAMPUNG RAMBUTAN,356,2656,70,490
202409,5,KAMPUNG RAMBUTAN,357,2344,89,505
202409,6,KAMPUNG RAMBUTAN,366,2760,80,531
202409,7,KAMPUNG RAMBUTAN,360,2656,99,535
202409,8,KAMPUNG RAMBUTAN,380,3334,89,601
202409,9,KAMPUNG RAMBUTAN,370,3091,63,392
202409,10,KAMPUNG RAMBUTAN,356,2821,57,235
202409,11,KAMPUNG RAMBUTAN,356,2727,62,340
202409,12,KAMPUNG RAMBUTAN,358,2790,64,353
202409,13,KAMPUNG RAMBUTAN,392,3161,123,986
202409,14,KAMPUNG RAMBUTAN,382,3040,112,874
202409,15,KAMPUNG RAMBUTAN,372,3007,107,704
202409,16,KAMPUNG RAMBUTAN,375,4202,96,569
202409,17,KAMPUNG RAMBUTAN,382,3303,71,399
202409,18,KAMPUNG RAMBUTAN,350,2942,62,345
202409,19,KAMPUNG RAMBUTAN,349,2666,70,299
202409,20,KAMPUNG RAMBUTAN,350,2707,76,401
202409,21,KAMPUNG RAMBUTAN,341,2523,74,393
202409,22,KAMPUNG RAMBUTAN,360,3293,86,402
202409,23,KAMPUNG RAMBUTAN,356,3091,80,463
202409,24,KAMPUNG RAMBUTAN,340,2585,63,331
202409,25,KAMPUNG RAMBUTAN,346,2684,60,287
202409,26,KAMPUNG RAMBUTAN,346,2610,64,379
202409,27,KAMPUNG RAMBUTAN,353,2759,74,561
202409,28,KAMPUNG RAMBUTAN,345,2953,68,436
202409,29,KAMPUNG RAMBUTAN,365,3376,100,556
202409,30,KAMPUNG RAMBUTAN,356,3086,75,407
202409,1,KALIDERES,92,676,81,793
202409,2,KALIDERES,89,715,76,693
202409,3,KALIDERES,84,681,73,627
202409,4,KALIDERES,80,649,70,608
202409,5,KALIDERES,76,610,66,635
202409,6,KALIDERES,83,632,72,679
202409,7,KALIDERES,89,654,78,716
202409,8,KALIDERES,94,678,83,694
202409,9,KALIDERES,90,723,79,652
202409,10,KALIDERES,86,687,75,621
202409,11,KALIDERES,83,650,72,603
202409,12,KALIDERES,88,631,77,647
202409,10,LEBAK BULUS,39,11,39,131
202409,11,LEBAK BULUS,38,11,38,125
202409,12,LEBAK BULUS,38,15,38,115
202409,13,LEBAK BULUS,41,15,41,127
202409,14,LEBAK BULUS,38,11,38,113
202409,15,LEBAK BULUS,32,7,32,111
202409,16,LEBAK BULUS,35,13,35,121
202409,17,LEBAK BULUS,35,12,35,113
202409,18,LEBAK BULUS,33,11,33,121
202409,19,LEBAK BULUS,33,15,33,81
202409,20,LEBAK BULUS,36,17,36,191
202409,21,LEBAK BULUS,35,11,35,171
202409,22,LEBAK BULUS,33,9,33,121
202409,23,LEBAK BULUS,34,13,34,99
202409,24,LEBAK BULUS,36,12,36,103
202409,25,LEBAK BULUS,35,11,35,113
202409,26,LEBAK BULUS,36,16,36,123
202409,27,LEBAK BULUS,37,17,37,111
202409,28,LEBAK BULUS,38,11,38,132
202409,29,LEBAK BULUS,39,13,39,141
202409,30,LEBAK BULUS,38,11,38,121
202409,1,PINANGRANTI,99,156,99,182
202409,2,PINANGRANTI,99,163,99,179
202409,3,PINANGRANTI,99,163,99,178
202409,4,PINANGRANTI,99,147,99,170
202409,5,PINANGRANTI,99,167,99,180
202409,6,PINANGRANTI,99,157,99,171
202409,7,PINANGRANTI,99,156,99,176
202409,8,PINANGRANTI,99,147,99,170
202409,9,PINANGRANTI,99,167,99,180
202409,10,PINANGRANTI,99,152,99,159
202409,11,PINANGRANTI,99,135,99,136
202409,12,PINANGRANTI,99,115,99,119
202409,13,PINANGRANTI,99,163,99,161
202409,14,PINANGRANTI,89,122,89,121
202409,15,PINANGRANTI,89,114,89,121
202409,16,PINANGRANTI,89,116,89,115
202409,17,PINANGRANTI,99,156,99,176
202409,18,PINANGRANTI,99,133,99,136
202409,19,PINANGRANTI,99,156,99,173
202409,20,PINANGRANTI,99,149,99,166
202409,21,PINANGRANTI,89,114,89,117
202409,22,PINANGRANTI,89,116,89,127
202409,23,PINANGRANTI,99,157,99,171
202409,24,PINANGRANTI,99,156,99,176
202409,25,PINANGRANTI,99,147,99,170
202409,26,PINANGRANTI,99,167,99,180
202409,27,PINANGRANTI,99,152,99,159
202409,28,PINANGRANTI,89,135,89,136
202409,29,PINANGRANTI,89,115,89,119
202409,30,PINANGRANTI,99,132,99,134
202409,1,RAWAMANGUN,34,90,34,104
202409,2,RAWAMANGUN,34,166,34,182
202409,3,RAWAMANGUN,34,167,34,179
202409,4,RAWAMANGUN,34,165,34,182
202409,5,RAWAMANGUN,34,162,34,181
202409,6,RAWAMANGUN,34,168,34,172
202409,7,RAWAMANGUN,30,82,30,91
202409,8,RAWAMANGUN,30,80,30,93
202409,9,RAWAMANGUN,34,178,34,184
202409,10,RAWAMANGUN,34,170,34,183
202409,11,RAWAMANGUN,34,165,34,176
202409,12,RAWAMANGUN,34,164,34,178
202410,14,KAMPUNG RAMBUTAN,362,3247,56,298
202410,15,KAMPUNG RAMBUTAN,352,2877,77,385
202410,16,KAMPUNG RAMBUTAN,350,2753,104,451
202410,17,KAMPUNG RAMBUTAN,357,2797,81,475
202410,18,KAMPUNG RAMBUTAN,355,2695,102,584
202410,19,KAMPUNG RAMBUTAN,356,2709,75,411
202410,20,KAMPUNG RAMBUTAN,341,3313,63,389
202410,21,KAMPUNG RAMBUTAN,343,2913,72,380
202410,22,KAMPUNG RAMBUTAN,333,2842,64,316
202410,23,KAMPUNG RAMBUTAN,334,2687,82,423
202410,24,KAMPUNG RAMBUTAN,335,2796,67,353
202410,25,KAMPUNG RAMBUTAN,339,2843,90,514
202410,26,KAMPUNG RAMBUTAN,342,2807,87,607
202410,27,KAMPUNG RAMBUTAN,371,3180,73,394
202410,28,KAMPUNG RAMBUTAN,355,2869,52,262
202410,29,KAMPUNG RAMBUTAN,267,2736,54,268
202410,30,KAMPUNG RAMBUTAN,277,2535,55,246
202410,31,KAMPUNG RAMBUTAN,269,2485,85,453
202410,1,KALIDERES,84,679,74,633
202410,2,KALIDERES,81,641,71,607
202410,3,KALIDERES,86,617,75,648
202410,4,KALIDERES,89,645,78,694
202410,5,KALIDERES,93,662,82,735
202410,6,KALIDERES,90,680,79,689
202410,7,KALIDERES,86,723,76,646
202410,8,KALIDERES,83,674,73,612
202410,9,KALIDERES,80,648,70,601
202410,10,KALIDERES,85,613,74,634
202410,11,KALIDERES,89,639,78,683
202410,12,KALIDERES,93,661,82,720
202410,13,KALIDERES,90,685,79,697
202410,14,KALIDERES,86,716,76,658
202410,15,KALIDERES,82,672,72,628
202410,16,KALIDERES,79,647,69,605
202410,17,KALIDERES,84,614,73,639
202410,18,KALIDERES,89,641,78,693
202410,19,KALIDERES,93,662,82,721
202410,20,KALIDERES,90,638,80,684
202410,21,KALIDERES,86,699,76,642
202410,22,KALIDERES,83,670,73,626
202410,23,KALIDERES,80,643,70,607
202410,24,KALIDERES,84,615,74,639
202410,25,KALIDERES,89,637,78,685
202410,26,KALIDERES,94,654,82,738
202410,27,KALIDERES,90,672,79,690
202410,28,KALIDERES,87,716,76,659
202410,29,KALIDERES,84,688,74,626
202410,30,KALIDERES,80,651,70,602
202410,31,KALIDERES,77,619,67,631
202410,1,TANJUNG PRIOK,72,301,62,253
202410,2,TANJUNG PRIOK,75,225,65,269
202410,3,TANJUNG PRIOK,82,217,70,369
202410,4,TANJUNG PRIOK,90,312,75,463
202410,5,TANJUNG PRIOK,95,418,80,521
202410,6,TANJUNG PRIOK,97,449,82,413
202410,7,TANJUNG PRIOK,74,318,64,302
202410,8,TANJUNG PRIOK,70,294,60,258
202410,9,TANJUNG PRIOK,76,246,65,313
202410,10,TANJUNG PRIOK,75,221,68,374
202410,11,TANJUNG PRIOK,83,316,70,481
202410,12,TANJUNG PRIOK,86,311,73,497
202410,1,RAGUNAN,77,653,77,651
202410,2,RAGUNAN,77,671,77,657
202410,3,RAGUNAN,78,643,78,641
202410,4,RAGUNAN,78,644,78,674
202410,5,RAGUNAN,69,651,69,638
202410,6,RAGUNAN,68,629,68,627
202410,7,RAGUNAN,78,644,78,671
202410,8,RAGUNAN,78,675,78,662
202410,9,RAGUNAN,78,661,78,661
202410,10,RAGUNAN,78,651,78,647
202410,11,RAGUNAN,78,667,78,676
202410,12,RAGUNAN,70,624,70,663
202410,13,RAGUNAN,68,645,68,653
202410,14,RAGUNAN,78,641,78,646
202410,15,RAGUNAN,80,652,80,658
202410,16,RAGUNAN,77,625,77,642
202410,17,RAGUNAN,78,644,78,661
202410,18,RAGUNAN,78,625,78,657
202410,19,RAGUNAN,68,644,68,643
202410,20,RAGUNAN,67,641,67,643
202410,21,RAGUNAN,76,633,76,654
202410,22,RAGUNAN,78,635,78,654
202410,23,RAGUNAN,77,653,77,666
202410,24,RAGUNAN,77,658,77,656
202410,25,RAGUNAN,76,642,76,677
202410,26,RAGUNAN,71,666,71,652
202410,27,RAGUNAN,69,659,69,674
202410,28,RAGUNAN,76,656,76,651
202410,29,RAGUNAN,74,625,74,635
202410,30,RAGUNAN,78,632,78,641
202410,31,RAGUNAN,78,643,78,653
202410,1,BLOK M,341,5465,341,5618
202410,2,BLOK M,342,5214,342,5415
202410,3,BLOK M,348,5550,348,5662
202410,4,BLOK M,345,5656,345,5720
202410,5,BLOK M,290,5149,290,5351
202410,6,BLOK M,287,4612,287,5042
202410,7,BLOK M,347,5552,347,5664
202410,8,BLOK M,346,5442,346,5540
202410,9,BLOK M,348,5682,348,5677
202410,10,BLOK M,347,5548,347,5656
202410,11,BLOK M,347,5578,347,5675
202410,12,BLOK M,258,5147,258,5321
202410,13,BLOK M,252,4629,252,5011
202410,14,BLOK M,339,5685,339,5732
202410,15,BLOK M,348,5664,348,5699
202410,16,BLOK M,349,5464,349,5633
202410,17,BLOK M,330,5660,330,5729
202410,18,BLOK M,332,5580,332,5683
202410,19,BLOK M,259,4615,259,4977
202410,20,BLOK M,255,4458,255,4862
202410,21,BLOK M,339,5497,339,5554
202410,22,BLOK M,336,5608,336,5745
202410,23,BLOK M,346,5546,346,5685
202410,24,BLOK M,349,5130,349,5370
202410,25,BLOK M,333,5022,333,5286
202410,26,BLOK M,271,4811,271,5119
202410,27,BLOK M,254,4735,254,5061
202410,28,BLOK M,321,5492,321,5605
202410,29,BLOK M,319,5659,319,5735
202410,30,BLOK M,320,5609,320,5670
202410,31,BLOK M,314,5607,314,5708
202410,1,CILILITAN,221,32461,221,37700
202410,2,CILILITAN,221,27449,221,37826
202410,3,CILILITAN,221,31244,221,37155
202410,4,CILILITAN,221,32226,221,34540
202410,5,CILILITAN,186,23601,186,24603
202410,6,CILILITAN,186,18758,186,21180
202410,7,CILILITAN,215,31115,215,37929
202410,8,CILILITAN,221,30943,221,36958
202410,9,CILILITAN,221,31364,221,37708
202410,10,CILILITAN,221,32510,221,37499
202410,11,CILILITAN,221,30671,221,38196
202410,12,CILILITAN,186,18926,186,27161
202410,13,CILILITAN,186,17466,186,21435
202410,14,CILILITAN,221,32079,221,34132
202410,15,CILILITAN,221,31655,221,36790
202410,16,CILILITAN,221,31359,221,34869
202410,17,CILILITAN,221,31089,221,36808
202410,18,CILILITAN,221,30389,221,36704
202410,19,CILILITAN,192,20182,192,24658
202410,20,CILILITAN,186,19270,186,22820
202410,21,CILILITAN,215,31451,215,36471
202410,22,CILILITAN,215,32047,215,36977
202410,23,CILILITAN,215,32725,215,36434
202410,24,CILILITAN,221,32456,221,36312
202410,25,CILILITAN,221,32711,221,37907
202410,26,CILILITAN,186,21593,186,26220
202410,27,CILILITAN,186,18101,186,21917
202410,28,CILILITAN,221,30798,221,38109
202410,29,CILILITAN,221,30397,221,35286
202410,30,CILILITAN,221,31987,221,37153
202410,31,CILILITAN,221,31843,221,36630
202410,1,KLENDER,138,303,140,317
202410,2,KLENDER,136,290,142,306
202410,3,KLENDER,139,296,143,305
202410,4,KLENDER,137,289,140,303
202410,5,KLENDER,141,288,142,295
202410,6,KLENDER,138,299,144,306
202410,7,KLENDER,136,295,140,312
202410,8,KLENDER,139,298,142,310
202410,9,KLENDER,138,304,144,314
202410,10,KLENDER,137,301,141,308
202410,11,KLENDER,140,305,143,315
202410,12,KLENDER,138,304,141,315
202410,13,KLENDER,143,305,145,312
202410,14,KLENDER,139,297,142,305
202410,15,KLENDER,137,292,140,301
202410,16,KLENDER,141,303,143,310
202410,17,KLENDER,137,296,141,306
202410,18,KLENDER,139,293,142,304
202410,19,KLENDER,136,289,139,298
202410,20,KLENDER,140,294,143,302
202410,21,KLENDER,138,291,141,301
202410,22,KLENDER,136,298,145,306
202410,23,KLENDER,137,294,143,303
202410,24,KLENDER,139,298,144,307
202410,25,KLENDER,137,287,140,295
202410,26,KLENDER,141,300,143,304
202410,27,KLENDER,135,292,138,305
202410,28,KLENDER,140,300,142,309
202410,29,KLENDER,138,292,141,304
202410,30,KLENDER,136,298,139,309
202410,31,KLENDER,135,295,137,304
202410,1,PASAR MINGGU,93,0,93,200
202410,2,PASAR MINGGU,91,0,91,193
202410,3,PASAR MINGGU,86,0,86,191
202410,4,PASAR MINGGU,89,0,89,187
202410,5,PASAR MINGGU,89,0,89,214
202410,6,PASAR MINGGU,91,0,91,178
202410,7,PASAR MINGGU,88,0,88,199
202410,8,PASAR MINGGU,87,0,87,215
202410,9,PASAR MINGGU,86,0,86,216
202410,10,PASAR MINGGU,88,0,88,205
202410,11,PASAR MINGGU,89,0,89,197
202410,12,PASAR MINGGU,88,0,88,213
202410,13,PASAR MINGGU,87,0,87,205
202410,14,PASAR MINGGU,86,0,86,167
202410,15,PASAR MINGGU,89,0,89,173
202410,16,PASAR MINGGU,91,0,91,189
202410,17,PASAR MINGGU,90,0,90,199
202410,18,PASAR MINGGU,88,0,88,202
202410,19,PASAR MINGGU,90,0,90,217
202410,20,PASAR MINGGU,88,0,88,189
202410,21,PASAR MINGGU,88,0,88,199
202410,22,PASAR MINGGU,78,0,78,165
202410,23,PASAR MINGGU,84,0,84,181
202410,24,PASAR MINGGU,89,0,89,175
202410,25,PASAR MINGGU,84,0,84,180
202410,26,PASAR MINGGU,86,0,86,195
202410,27,PASAR MINGGU,84,0,84,188
202410,28,PASAR MINGGU,85,0,85,202
202410,29,PASAR MINGGU,84,0,84,185
202410,30,PASAR MINGGU,89,0,89,180
202410,31,PASAR MINGGU,86,0,86,186
202410,1,KAMPUNG MELAYU,325,4730,325,4232
202410,2,KAMPUNG MELAYU,348,3226,348,4033
202410,3,KAMPUNG MELAYU,333,3834,334,4517
202410,4,KAMPUNG MELAYU,324,4199,324,4598
202410,5,KAMPUNG MELAYU,315,3893,315,4042
202410,6,KAMPUNG MELAYU,262,1963,262,2330
202410,7,KAMPUNG MELAYU,298,5957,298,5298
202410,8,KAMPUNG MELAYU,309,3986,309,3465
202410,9,KAMPUNG MELAYU,306,3549,306,4640
202410,10,KAMPUNG MELAYU,331,4012,331,4761
202410,11,KAMPUNG MELAYU,444,3358,444,3663
202410,12,KAMPUNG MELAYU,213,2112,229,2004
202410,13,KAMPUNG MELAYU,276,2329,276,2400
202410,14,KAMPUNG MELAYU,326,3262,326,3717
202410,15,KAMPUNG MELAYU,407,3713,407,3857
202410,16,KAMPUNG MELAYU,444,3358,444,3663
202410,17,KAMPUNG MELAYU,341,4191,341,3837
202410,18,KAMPUNG MELAYU,363,4290,368,3437
202410,19,KAMPUNG MELAYU,318,3950,318,3319
202410,20,KAMPUNG MELAYU,483,4296,483,4778
202410,21,KAMPUNG MELAYU,399,3784,399,5080
202410,22,KAMPUNG MELAYU,363,4290,368,3437
202410,23,KAMPUNG MELAYU,314,6159,330,5220
202410,24,KAMPUNG MELAYU,387,4176,387,4993
202410,25,KAMPUNG MELAYU,375,4476,375,3723
202410,26,KAMPUNG MELAYU,348,3172,348,2881
202410,27,KAMPUNG MELAYU,358,3019,358,2501
202410,28,KAMPUNG MELAYU,401,4579,401,4933
202410,29,KAMPUNG MELAYU,535,5557,526,5732
202410,30,KAMPUNG MELAYU,350,4193,350,5413
202410,31,KAMPUNG MELAYU,376,5167,376,4373
202410,1,SENEN,240,1601,240,1774
202410,2,SENEN,242,1590,242,1762
202410,3,SENEN,239,1603,239,1782
202410,4,SENEN,237,1596,237,1787
202410,5,SENEN,190,1345,190,1787
202410,6,SENEN,190,1311,190,1648
202410,7,SENEN,238,1585,238,1738
202410,8,SENEN,239,1583,239,1785
202410,9,SENEN,242,1602,242,1749
202410,10,SENEN,239,1601,239,1778
202410,11,SENEN,237,1607,237,1800
202410,12,SENEN,190,1298,190,1643
202410,13,SENEN,238,1582,238,1789
202410,14,SENEN,240,1586,240,1756
202410,15,SENEN,239,1597,239,1782
202410,16,SENEN,242,1597,242,1770
202410,17,SENEN,238,1611,238,1767
202410,18,SENEN,238,1601,238,1798
202410,19,SENEN,190,1300,190,1653
202410,20,SENEN,238,1593,238,1791
202410,21,SENEN,239,1590,239,1774
202410,22,SENEN,240,1593,240,1754
202410,23,SENEN,241,1599,241,1750
202410,24,SENEN,239,1612,239,1769
202410,25,SENEN,238,1598,238,1762
202410,26,SENEN,190,1296,190,1650
202410,27,SENEN,190,1297,190,1662
202410,28,SENEN,239,1595,239,1783
202410,29,SENEN,239,1576,239,1797
202410,30,SENEN,242,1589,242,1764
202410,31,SENEN,239,1611,239,1756
202410,1,MANGGARAI,49,4864,49,16663
202410,2,MANGGARAI,49,4728,49,16036
202410,3,MANGGARAI,49,4627,49,16196
202410,4,MANGGARAI,49,4525,49,15960
202410,5,MANGGARAI,37,3458,37,13973
202410,6,MANGGARAI,33,1941,33,7588
202410,7,MANGGARAI,49,4610,49,17051
202410,8,MANGGARAI,49,4679,49,16103
202410,9,MANGGARAI,49,4538,49,16906
202410,10,MANGGARAI,49,4501,49,16202
202410,11,MANGGARAI,49,4411,49,15192
202410,12,MANGGARAI,34,2781,34,11611
202410,13,MANGGARAI,33,2463,33,11246
202410,14,MANGGARAI,48,4739,48,16857
202410,15,MANGGARAI,49,4522,49,16478
202410,16,MANGGARAI,48,4715,48,17058
202410,17,MANGGARAI,48,4595,48,16261
202410,18,MANGGARAI,48,4738,48,16719
202410,19,MANGGARAI,34,2854,34,11511
202410,20,MANGGARAI,33,1937,33,11071
202410,21,MANGGARAI,48,4238,48,16061
202410,22,MANGGARAI,48,4671,48,16622
202410,23,MANGGARAI,48,4793,48,16716
202410,24,MANGGARAI,48,4871,48,16552
202410,25,MANGGARAI,48,4478,48,16456
202410,26,MANGGARAI,34,2473,34,11614
202410,27,MANGGARAI,34,1853,34,11397
202410,28,MANGGARAI,48,4692,48,16419
202410,29,MANGGARAI,48,4841,48,16140
202410,30,MANGGARAI,48,4752,48,16351
202410,31,MANGGARAI,48,4623,48,16919
202410,1,PULOGADUNG,209,2422,209,2525
202409,13,RAWAMANGUN,34,166,34,175
202409,14,RAWAMANGUN,30,83,30,90
202409,15,RAWAMANGUN,30,88,30,96
202409,16,RAWAMANGUN,30,87,30,96
202409,17,RAWAMANGUN,34,165,34,185
202409,18,RAWAMANGUN,34,162,34,181
202409,19,RAWAMANGUN,34,168,34,172
202409,20,RAWAMANGUN,34,166,34,170
202409,21,RAWAMANGUN,34,169,34,182
202409,22,RAWAMANGUN,30,80,30,84
202409,23,RAWAMANGUN,30,78,30,82
202409,24,RAWAMANGUN,34,175,34,184
202409,25,RAWAMANGUN,34,175,34,179
202409,26,RAWAMANGUN,34,161,34,167
202409,27,RAWAMANGUN,34,157,34,167
202409,28,RAWAMANGUN,30,86,30,84
202409,29,RAWAMANGUN,30,166,30,178
202409,30,RAWAMANGUN,34,176,34,190
202410,2,PULOGADUNG,201,2407,171,2494
202410,3,PULOGADUNG,210,1979,210,2096
202410,4,PULOGADUNG,252,2023,252,2125
202410,5,PULOGADUNG,254,2026,254,2098
202410,6,PULOGADUNG,205,1912,205,1975
202410,7,PULOGADUNG,203,1863,203,1959
202410,8,PULOGADUNG,256,2035,256,2131
202410,9,PULOGADUNG,254,2088,254,2175
202410,10,PULOGADUNG,254,2109,254,2053
202410,11,PULOGADUNG,256,2025,256,2128
202410,12,PULOGADUNG,245,1932,245,1979
202410,13,PULOGADUNG,244,1804,244,1905
202410,14,PULOGADUNG,236,1886,236,1949
202410,15,PULOGADUNG,255,1942,255,2044
202410,16,PULOGADUNG,253,2020,253,2101
202410,17,PULOGADUNG,261,2095,261,2131
202410,18,PULOGADUNG,244,1905,244,2029
202410,19,PULOGADUNG,264,2076,264,2145
202410,20,PULOGADUNG,271,2049,271,2150
202410,21,PULOGADUNG,211,1869,211,1992
202410,22,PULOGADUNG,236,2401,236,2513
202410,23,PULOGADUNG,252,2009,252,2096
202410,24,PULOGADUNG,244,1831,244,1959
202410,25,PULOGADUNG,251,1911,251,2002
202410,26,PULOGADUNG,259,1928,259,2039
202410,27,PULOGADUNG,254,1991,254,2105
202410,28,PULOGADUNG,257,2088,257,2186
202410,29,PULOGADUNG,255,2048,255,2150
202410,30,PULOGADUNG,249,2015,247,2106
202410,31,PULOGADUNG,230,2027,230,2112
202410,1,KAMPUNG RAMBUTAN,349,2715,83,414
202410,2,KAMPUNG RAMBUTAN,352,2807,87,484
202410,3,KAMPUNG RAMBUTAN,356,2819,75,451
202410,4,KAMPUNG RAMBUTAN,361,2920,81,589
202410,5,KAMPUNG RAMBUTAN,356,2781,68,379
202410,6,KAMPUNG RAMBUTAN,365,3075,81,650
202410,7,KAMPUNG RAMBUTAN,354,2871,75,389
202410,8,KAMPUNG RAMBUTAN,337,2655,80,438
202410,9,KAMPUNG RAMBUTAN,342,2210,70,537
202410,10,KAMPUNG RAMBUTAN,343,2689,65,434
202410,11,KAMPUNG RAMBUTAN,347,2713,79,579
202410,12,KAMPUNG RAMBUTAN,349,2699,60,527
202410,13,KAMPUNG RAMBUTAN,357,3090,80,525
202411,21,PASAR MINGGU,86,0,86,213
202411,22,PASAR MINGGU,82,0,662,196
202411,23,PASAR MINGGU,79,0,79,183
202411,24,PASAR MINGGU,85,0,85,159
202411,25,PASAR MINGGU,82,0,662,196
202411,26,PASAR MINGGU,86,0,86,195
202411,27,PASAR MINGGU,84,0,84,191
202411,28,PASAR MINGGU,84,0,84,187
202411,29,PASAR MINGGU,86,0,86,196
202411,30,PASAR MINGGU,84,0,84,191
202411,1,KAMPUNG MELAYU,278,4658,278,5122
202411,2,KAMPUNG MELAYU,336,2990,335,3344
202411,3,KAMPUNG MELAYU,304,3438,301,3759
202411,4,KAMPUNG MELAYU,349,4809,349,5675
202411,5,KAMPUNG MELAYU,323,6164,323,4826
202411,6,KAMPUNG MELAYU,320,7081,320,6611
202411,7,KAMPUNG MELAYU,364,3832,364,3639
202411,8,KAMPUNG MELAYU,326,5811,326,5979
202411,9,KAMPUNG MELAYU,452,5078,452,5004
202411,10,KAMPUNG MELAYU,347,3019,358,2771
202411,11,KAMPUNG MELAYU,385,5736,385,5786
202411,12,KAMPUNG MELAYU,284,5826,277,5795
202411,13,KAMPUNG MELAYU,316,6245,316,5006
202411,14,KAMPUNG MELAYU,343,5604,343,6350
202411,15,KAMPUNG MELAYU,390,5715,390,6032
202411,16,KAMPUNG MELAYU,241,3766,241,3644
202411,17,KAMPUNG MELAYU,302,2145,305,2162
202411,18,KAMPUNG MELAYU,382,5590,382,3732
202411,19,KAMPUNG MELAYU,305,3947,305,5948
202411,20,KAMPUNG MELAYU,326,5140,326,6297
202411,21,KAMPUNG MELAYU,372,4138,372,5136
202411,22,KAMPUNG MELAYU,348,3253,348,4337
202411,23,KAMPUNG MELAYU,329,3615,329,3376
202411,24,KAMPUNG MELAYU,226,2667,226,2518
202411,25,KAMPUNG MELAYU,408,4766,408,4802
202411,26,KAMPUNG MELAYU,263,4263,263,4204
202411,27,KAMPUNG MELAYU,247,1806,247,2482
202411,28,KAMPUNG MELAYU,298,4194,298,5237
202411,29,KAMPUNG MELAYU,276,3923,276,3367
202411,30,KAMPUNG MELAYU,251,4337,263,5414
202411,1,SENEN,236,1596,236,1770
202411,2,SENEN,190,1295,190,1651
202411,3,SENEN,190,1299,190,1708
202411,4,SENEN,240,1592,240,1779
202411,5,SENEN,241,1583,241,1796
202411,6,SENEN,241,1592,241,1760
202411,7,SENEN,242,1590,242,1753
202411,8,SENEN,237,1604,237,1763
202411,9,SENEN,190,1305,190,1638
202411,10,SENEN,190,1311,190,1692
202411,11,SENEN,240,1591,240,1782
202411,12,SENEN,238,1601,238,1798
202411,13,SENEN,240,1595,240,1770
202411,14,SENEN,238,1591,238,1750
202411,15,SENEN,238,1621,238,1773
202411,16,SENEN,190,1304,190,1699
202411,17,SENEN,191,1308,191,1713
202411,18,SENEN,241,1605,241,1789
202411,19,SENEN,240,1596,240,1810
202411,20,SENEN,239,1594,239,1761
202411,21,SENEN,239,1589,239,1766
202411,22,SENEN,240,1590,240,1771
202411,23,SENEN,191,1318,191,1675
202411,24,SENEN,189,1320,189,1692
202411,25,SENEN,241,1591,241,1786
202411,26,SENEN,240,1599,240,1799
202411,27,SENEN,237,1563,237,1762
202411,28,SENEN,242,1564,242,1772
202411,29,SENEN,240,1584,240,1774
202411,30,SENEN,190,1298,190,1643
202411,1,MANGGARAI,48,4823,48,17122
202411,2,MANGGARAI,34,2368,34,11373
202411,3,MANGGARAI,34,2571,34,11554
202411,4,MANGGARAI,49,4893,49,17142
202411,5,MANGGARAI,49,4784,49,16954
202411,6,MANGGARAI,49,4970,49,16635
202411,7,MANGGARAI,49,4856,49,16433
202411,8,MANGGARAI,49,4736,49,17121
202411,9,MANGGARAI,34,2367,46,11642
202411,10,MANGGARAI,34,2586,46,11557
202411,11,MANGGARAI,49,4905,49,16631
202411,12,MANGGARAI,49,4992,49,16421
202411,13,MANGGARAI,49,4840,49,16661
202411,14,MANGGARAI,49,4683,49,15942
202411,15,MANGGARAI,49,4960,49,15937
202411,16,MANGGARAI,34,2684,34,11615
202411,17,MANGGARAI,34,2853,34,11536
202411,18,MANGGARAI,49,4892,49,16231
202411,19,MANGGARAI,49,4790,49,15808
202411,20,MANGGARAI,49,5025,49,15666
202411,21,MANGGARAI,49,4964,49,16010
202411,22,MANGGARAI,49,4238,49,15985
202411,23,MANGGARAI,34,2903,34,11860
202411,24,MANGGARAI,34,2870,34,11514
202411,25,MANGGARAI,49,4467,49,16068
202411,26,MANGGARAI,49,4637,49,15734
202411,27,MANGGARAI,34,2571,34,11444
202411,28,MANGGARAI,49,4523,49,15855
202411,29,MANGGARAI,49,4721,49,16137
202411,30,MANGGARAI,34,2764,34,11574
202411,1,PULOGADUNG,265,1981,265,2077
202411,2,PULOGADUNG,250,1966,250,2073
202411,3,PULOGADUNG,249,1917,249,2002
202411,4,PULOGADUNG,251,1984,251,2092
202411,5,PULOGADUNG,253,1969,253,2089
202411,6,PULOGADUNG,251,2525,251,2649
202411,7,PULOGADUNG,269,2087,269,2149
202411,8,PULOGADUNG,198,2389,198,2545
202411,9,PULOGADUNG,258,1990,258,2098
202411,10,PULOGADUNG,256,1944,256,2019
202411,11,PULOGADUNG,254,2109,254,2053
202411,12,PULOGADUNG,256,2025,256,2128
202411,13,PULOGADUNG,249,1948,249,2042
202411,14,PULOGADUNG,253,2072,253,2138
202411,15,PULOGADUNG,258,2080,258,2132
202411,16,PULOGADUNG,248,2042,248,2120
202411,17,PULOGADUNG,248,1952,248,2026
202411,18,PULOGADUNG,251,1957,251,2056
202411,19,PULOGADUNG,250,1943,250,2032
202411,20,PULOGADUNG,250,2008,250,2100
202411,21,PULOGADUNG,249,2058,249,2112
202411,22,PULOGADUNG,248,1981,248,2100
202411,23,PULOGADUNG,246,1963,244,2059
202411,24,PULOGADUNG,246,1976,246,2070
202411,25,PULOGADUNG,252,2015,252,2099
202411,26,PULOGADUNG,252,1960,252,2048
202411,27,PULOGADUNG,251,2009,251,2114
202411,28,PULOGADUNG,237,2499,237,2569
202411,29,PULOGADUNG,251,1957,251,2056
202411,30,PULOGADUNG,245,1932,245,1980
202411,1,KAMPUNG RAMBUTAN,317,2474,111,759
202411,2,KAMPUNG RAMBUTAN,320,2473,62,340
202411,3,KAMPUNG RAMBUTAN,324,2948,76,424
202411,4,KAMPUNG RAMBUTAN,328,2761,65,360
202411,5,KAMPUNG RAMBUTAN,252,2556,55,236
202411,6,KAMPUNG RAMBUTAN,241,2518,70,374
202411,7,KAMPUNG RAMBUTAN,239,2528,52,314
202411,8,KAMPUNG RAMBUTAN,326,2682,95,615
202411,9,KAMPUNG RAMBUTAN,330,2807,70,363
202411,10,KAMPUNG RAMBUTAN,266,3072,108,617
202411,11,KAMPUNG RAMBUTAN,239,1943,66,386
202411,12,KAMPUNG RAMBUTAN,266,2145,61,295
202411,13,KAMPUNG RAMBUTAN,260,2081,61,337
202411,14,KAMPUNG RAMBUTAN,249,2056,55,270
202411,15,KAMPUNG RAMBUTAN,236,1943,59,293
202411,16,KAMPUNG RAMBUTAN,221,2000,97,525
202411,17,KAMPUNG RAMBUTAN,236,2112,87,425
202411,18,KAMPUNG RAMBUTAN,244,1899,97,475
202411,19,KAMPUNG RAMBUTAN,213,1724,64,334
202411,20,KAMPUNG RAMBUTAN,245,1763,68,368
202411,21,KAMPUNG RAMBUTAN,258,1851,57,246
202411,22,KAMPUNG RAMBUTAN,214,1771,72,386
202411,23,KAMPUNG RAMBUTAN,212,1952,63,329
202411,24,KAMPUNG RAMBUTAN,261,2156,75,460
202411,25,KAMPUNG RAMBUTAN,244,1809,84,360
202411,26,KAMPUNG RAMBUTAN,190,1747,88,528
202411,27,KAMPUNG RAMBUTAN,196,1325,71,314
202411,28,KAMPUNG RAMBUTAN,252,1910,54,302
202411,29,KAMPUNG RAMBUTAN,240,2083,66,437
202411,30,KAMPUNG RAMBUTAN,206,1920,68,382
202411,1,KALIDERES,82,633,72,664
202411,2,KALIDERES,88,655,77,697
202411,3,KALIDERES,92,670,81,723
202411,4,KALIDERES,89,727,77,675
202411,5,KALIDERES,85,684,75,640
202411,6,KALIDERES,82,642,72,619
202411,7,KALIDERES,79,618,69,636
202411,8,KALIDERES,86,631,75,672
202411,9,KALIDERES,92,653,81,718
202411,10,KALIDERES,88,679,77,681
202411,11,KALIDERES,88,655,77,697
202411,12,KALIDERES,83,685,72,624
202411,13,KALIDERES,80,642,70,609
202411,14,KALIDERES,85,614,75,633
202411,15,KALIDERES,90,637,79,682
202411,16,KALIDERES,95,650,83,737
202411,17,KALIDERES,92,673,81,696
202411,18,KALIDERES,88,718,78,660
202411,19,KALIDERES,85,679,75,638
202411,20,KALIDERES,82,641,72,615
202411,21,KALIDERES,79,625,69,634
202411,22,KALIDERES,84,602,74,681
202411,23,KALIDERES,89,631,78,712
202411,24,KALIDERES,93,656,82,749
202411,1,RAGUNAN,78,654,78,663
202411,2,RAGUNAN,69,614,69,641
202411,3,RAGUNAN,68,620,68,622
202411,4,RAGUNAN,78,645,78,651
202411,5,RAGUNAN,78,641,78,657
202411,6,RAGUNAN,78,639,78,656
202411,7,RAGUNAN,78,622,78,637
202411,8,RAGUNAN,77,646,77,659
202411,9,RAGUNAN,68,651,68,662
202411,10,RAGUNAN,66,632,66,645
202411,11,RAGUNAN,78,619,78,647
202411,12,RAGUNAN,75,643,75,646
202411,13,RAGUNAN,77,635,77,630
202411,14,RAGUNAN,77,639,77,639
202411,15,RAGUNAN,76,625,76,644
202411,16,RAGUNAN,67,631,67,630
202411,17,RAGUNAN,65,637,65,640
202411,18,RAGUNAN,77,645,77,637
202411,19,RAGUNAN,77,609,77,616
202411,20,RAGUNAN,77,613,77,626
202411,21,RAGUNAN,74,627,74,640
202411,22,RAGUNAN,77,643,77,660
202411,23,RAGUNAN,77,656,77,674
202411,24,RAGUNAN,70,650,70,643
202411,25,RAGUNAN,77,653,77,641
202411,26,RAGUNAN,77,648,77,655
202411,27,RAGUNAN,60,596,60,627
202411,28,RAGUNAN,74,629,74,639
202411,29,RAGUNAN,75,635,75,626
202411,30,RAGUNAN,68,627,68,635
202411,1,BLOK M,348,5547,348,5683
202411,2,BLOK M,257,4786,257,5092
202411,3,BLOK M,254,4289,254,4762
202411,4,BLOK M,336,5641,336,5696
202411,5,BLOK M,334,4958,334,5246
202411,6,BLOK M,327,5485,327,5625
202411,7,BLOK M,322,5594,322,5696
202411,8,BLOK M,336,5458,336,5541
202411,9,BLOK M,257,4871,257,5108
202411,10,BLOK M,252,4484,252,4904
202411,11,BLOK M,336,5353,336,5488
202411,12,BLOK M,347,5538,347,5640
202411,13,BLOK M,351,5488,351,5611
202411,14,BLOK M,352,5592,352,5638
202411,15,BLOK M,352,5626,352,5657
202411,16,BLOK M,263,4572,263,5018
202411,17,BLOK M,258,4452,258,4883
202411,18,BLOK M,344,5613,344,5650
202411,19,BLOK M,344,5325,344,5487
202411,20,BLOK M,352,5433,352,5586
202411,21,BLOK M,352,5517,352,5605
202411,22,BLOK M,344,5631,344,5782
202411,23,BLOK M,273,4714,273,5110
202411,24,BLOK M,266,4517,266,4927
202411,25,BLOK M,326,5671,326,5727
202411,26,BLOK M,325,5519,325,5641
202411,27,BLOK M,231,4430,231,4922
202411,28,BLOK M,335,5591,335,5689
202411,29,BLOK M,338,5662,338,5732
202411,30,BLOK M,329,4914,329,5166
202411,1,CILILITAN,221,31657,221,35259
202411,2,CILILITAN,186,21039,186,23860
202411,3,CILILITAN,186,20172,186,22473
202411,4,CILILITAN,220,32514,220,36948
202411,5,CILILITAN,220,31944,220,37315
202411,6,CILILITAN,220,31925,220,36393
202411,7,CILILITAN,220,31782,220,37499
202411,8,CILILITAN,220,27336,220,31320
202411,9,CILILITAN,191,22675,191,19800
202411,10,CILILITAN,188,19844,188,23617
202411,11,CILILITAN,220,30336,220,36542
202411,12,CILILITAN,220,31275,220,36775
202411,13,CILILITAN,220,31768,220,34640
202411,14,CILILITAN,220,32078,220,37071
202411,15,CILILITAN,220,32245,220,36982
202411,16,CILILITAN,217,19751,217,25773
202411,17,CILILITAN,188,18283,188,24550
202411,18,CILILITAN,218,32750,218,39166
202411,19,CILILITAN,218,28457,228,33672
202411,20,CILILITAN,220,31317,220,38081
202411,21,CILILITAN,220,29072,220,33350
202411,22,CILILITAN,221,31975,221,37102
202411,23,CILILITAN,215,21593,215,26220
202411,24,CILILITAN,188,20247,188,21413
202411,25,CILILITAN,218,30615,218,34958
202411,26,CILILITAN,221,31989,221,35619
202411,27,CILILITAN,186,15288,186,16115
202411,28,CILILITAN,221,30849,221,36587
202411,29,CILILITAN,221,31199,221,37638
202411,30,CILILITAN,183,20450,183,24272
202411,1,KLENDER,137,298,138,309
202411,2,KLENDER,139,302,141,309
202411,3,KLENDER,138,301,143,310
202411,4,KLENDER,136,290,142,306
202411,5,KLENDER,140,296,144,311
202411,6,KLENDER,139,291,143,298
202411,7,KLENDER,134,309,138,317
202411,8,KLENDER,138,303,140,317
202411,9,KLENDER,136,290,142,306
202411,10,KLENDER,139,302,143,314
202411,11,KLENDER,134,308,138,321
202411,12,KLENDER,138,305,141,318
202411,13,KLENDER,141,315,143,325
202411,14,KLENDER,137,302,138,311
202411,15,KLENDER,135,302,141,315
202411,16,KLENDER,139,311,143,316
202411,17,KLENDER,137,312,140,324
202411,18,KLENDER,142,310,144,325
202411,19,KLENDER,136,303,138,309
202411,20,KLENDER,138,305,140,314
202411,21,KLENDER,140,307,142,314
202411,22,KLENDER,137,304,139,310
202411,23,KLENDER,139,313,141,318
202411,24,KLENDER,138,308,143,318
202411,25,KLENDER,137,305,141,315
202411,26,KLENDER,140,311,142,315
202411,27,KLENDER,136,303,138,310
202411,28,KLENDER,137,304,139,314
202411,29,KLENDER,139,293,142,304
202411,30,KLENDER,136,289,139,298
202411,1,PASAR MINGGU,89,0,89,222
202411,2,PASAR MINGGU,88,0,88,205
202411,3,PASAR MINGGU,89,0,89,173
202411,4,PASAR MINGGU,91,0,91,189
202411,5,PASAR MINGGU,88,0,88,196
202410,13,TANJUNG PRIOK,90,429,79,304
202410,14,TANJUNG PRIOK,74,415,64,263
202410,15,TANJUNG PRIOK,70,318,59,242
202410,16,TANJUNG PRIOK,73,234,63,316
202410,17,TANJUNG PRIOK,77,261,66,374
202410,18,TANJUNG PRIOK,80,324,68,418
202410,19,TANJUNG PRIOK,85,341,73,515
202410,20,TANJUNG PRIOK,90,496,79,387
202410,21,TANJUNG PRIOK,70,375,60,261
202410,22,TANJUNG PRIOK,73,334,63,238
202410,23,TANJUNG PRIOK,75,301,65,296
202410,24,TANJUNG PRIOK,78,253,68,342
202410,25,TANJUNG PRIOK,81,273,70,461
202410,26,TANJUNG PRIOK,89,315,77,507
202410,27,TANJUNG PRIOK,91,461,79,383
202410,28,TANJUNG PRIOK,71,352,61,245
202410,29,TANJUNG PRIOK,66,313,56,226
202410,30,TANJUNG PRIOK,70,240,60,283
202410,31,TANJUNG PRIOK,74,261,63,307
202410,1,GROGOL,104,58,104,111
202410,2,GROGOL,98,44,98,104
202410,3,GROGOL,106,37,106,117
202410,4,GROGOL,121,22,121,142
202410,5,GROGOL,116,29,116,131
202410,6,GROGOL,104,36,114,104
202410,7,GROGOL,107,43,107,111
202410,8,GROGOL,98,37,98,108
202410,9,GROGOL,103,31,103,117
202410,10,GROGOL,112,35,112,121
202410,11,GROGOL,123,27,123,136
202410,12,GROGOL,127,21,127,157
202410,13,GROGOL,107,29,107,114
202410,14,GROGOL,98,43,98,106
202410,15,GROGOL,103,38,103,117
202410,16,GROGOL,109,34,109,126
202410,17,GROGOL,102,29,102,118
202410,18,GROGOL,116,34,116,134
202410,19,GROGOL,112,38,112,127
202410,20,GROGOL,102,46,102,112
202410,21,GROGOL,107,57,107,125
202410,22,GROGOL,99,46,99,109
202410,23,GROGOL,106,38,106,118
202410,24,GROGOL,112,33,112,127
202410,25,GROGOL,125,26,125,148
202410,26,GROGOL,117,33,117,136
202410,27,GROGOL,104,46,104,116
202410,28,GROGOL,101,53,101,107
202410,29,GROGOL,109,43,109,116
202410,30,GROGOL,115,47,115,127
202410,31,GROGOL,106,41,106,118
202410,1,MUARA ANGKE,5,45,5,60
202410,2,MUARA ANGKE,5,51,5,69
202410,3,MUARA ANGKE,5,55,5,64
202410,4,MUARA ANGKE,5,48,5,66
202410,5,MUARA ANGKE,5,67,5,46
202410,6,MUARA ANGKE,5,69,5,50
202410,7,MUARA ANGKE,5,46,5,63
202410,8,MUARA ANGKE,5,47,5,60
202410,9,MUARA ANGKE,5,42,5,57
202410,10,MUARA ANGKE,5,46,5,55
202410,11,MUARA ANGKE,5,46,5,69
202410,12,MUARA ANGKE,5,57,5,41
202410,13,MUARA ANGKE,5,50,5,49
202410,14,MUARA ANGKE,5,43,5,51
202410,15,MUARA ANGKE,5,49,5,56
202410,16,MUARA ANGKE,5,51,5,64
202410,17,MUARA ANGKE,5,48,5,66
202410,18,MUARA ANGKE,5,50,5,68
202410,19,MUARA ANGKE,5,44,5,70
202410,20,MUARA ANGKE,5,61,5,55
202410,21,MUARA ANGKE,5,49,5,66
202410,22,MUARA ANGKE,5,51,5,68
202410,23,MUARA ANGKE,5,49,5,67
202410,24,MUARA ANGKE,5,56,5,71
202410,25,MUARA ANGKE,5,42,4,79
202410,26,MUARA ANGKE,5,51,5,75
202410,27,MUARA ANGKE,5,55,5,62
202410,28,MUARA ANGKE,5,46,5,60
202410,29,MUARA ANGKE,5,50,5,63
202410,30,MUARA ANGKE,5,52,5,65
202410,31,MUARA ANGKE,5,56,5,68
202410,1,LEBAK BULUS,39,15,39,123
202410,2,LEBAK BULUS,37,11,37,115
202410,3,LEBAK BULUS,38,13,38,117
202410,4,LEBAK BULUS,39,15,39,131
202410,5,LEBAK BULUS,35,9,35,91
202410,6,LEBAK BULUS,36,11,36,95
202410,7,LEBAK BULUS,35,9,35,97
202410,8,LEBAK BULUS,36,11,36,101
202410,9,LEBAK BULUS,37,13,37,142
202410,10,LEBAK BULUS,36,9,36,122
202410,11,LEBAK BULUS,38,11,38,137
202410,12,LEBAK BULUS,37,16,37,135
202410,13,LEBAK BULUS,38,17,38,138
202410,14,LEBAK BULUS,35,9,35,93
202410,15,LEBAK BULUS,34,9,34,101
202410,16,LEBAK BULUS,37,11,37,121
202410,17,LEBAK BULUS,36,9,36,101
202410,18,LEBAK BULUS,39,13,39,134
202410,19,LEBAK BULUS,36,11,36,99
202410,20,LEBAK BULUS,38,15,38,97
202410,21,LEBAK BULUS,35,7,35,93
202410,22,LEBAK BULUS,37,9,37,101
202410,23,LEBAK BULUS,35,11,35,93
202410,24,LEBAK BULUS,36,15,36,99
202410,25,LEBAK BULUS,37,11,37,103
202410,26,LEBAK BULUS,37,11,37,101
202410,27,LEBAK BULUS,36,13,36,121
202410,28,LEBAK BULUS,37,5,37,113
202410,29,LEBAK BULUS,35,7,35,93
202410,30,LEBAK BULUS,32,5,32,87
202410,31,LEBAK BULUS,35,7,35,89
202410,1,PINANGRANTI,99,167,99,180
202410,2,PINANGRANTI,99,152,99,159
202410,3,PINANGRANTI,99,151,99,152
202410,4,PINANGRANTI,99,165,99,161
202410,5,PINANGRANTI,99,162,99,168
202410,6,PINANGRANTI,99,174,99,165
202410,7,PINANGRANTI,99,158,99,166
202410,8,PINANGRANTI,99,161,99,156
202410,9,PINANGRANTI,99,176,99,164
202410,10,PINANGRANTI,99,177,99,158
202410,11,PINANGRANTI,99,169,99,151
202410,12,PINANGRANTI,99,163,99,142
202410,13,PINANGRANTI,99,164,99,144
202410,14,PINANGRANTI,99,181,99,162
202410,15,PINANGRANTI,99,191,99,173
202410,16,PINANGRANTI,99,156,99,182
202410,17,PINANGRANTI,99,163,99,179
202410,18,PINANGRANTI,99,163,99,178
202410,19,PINANGRANTI,99,147,99,170
202410,20,PINANGRANTI,99,167,99,180
202410,21,PINANGRANTI,99,157,99,171
202410,22,PINANGRANTI,99,156,99,176
202410,23,PINANGRANTI,99,147,99,170
202410,24,PINANGRANTI,99,167,99,180
202410,25,PINANGRANTI,99,152,99,159
202410,26,PINANGRANTI,89,123,89,120
202410,27,PINANGRANTI,89,114,89,118
202410,28,PINANGRANTI,99,163,99,161
202410,29,PINANGRANTI,99,150,99,163
202410,30,PINANGRANTI,99,146,99,144
202410,31,PINANGRANTI,99,145,99,152
202410,1,RAWAMANGUN,132,686,132,686
202410,2,RAWAMANGUN,132,711,132,679
202410,3,RAWAMANGUN,132,781,132,702
202410,4,RAWAMANGUN,132,780,132,742
202410,5,RAWAMANGUN,130,796,130,754
202410,6,RAWAMANGUN,131,777,131,751
202410,7,RAWAMANGUN,131,778,131,756
202410,8,RAWAMANGUN,131,800,131,757
202410,9,RAWAMANGUN,130,763,130,737
202410,10,RAWAMANGUN,130,771,130,753
202410,11,RAWAMANGUN,129,777,129,753
202410,12,RAWAMANGUN,130,715,130,690
202410,13,RAWAMANGUN,130,712,130,681
202410,14,RAWAMANGUN,132,708,132,615
202410,15,RAWAMANGUN,132,728,132,629
202410,16,RAWAMANGUN,132,740,132,637
202410,17,RAWAMANGUN,132,753,132,687
202410,18,RAWAMANGUN,130,735,130,711
202410,19,RAWAMANGUN,131,723,131,722
202410,20,RAWAMANGUN,130,714,130,721
202410,21,RAWAMANGUN,130,708,130,714
202410,22,RAWAMANGUN,131,717,131,741
202410,23,RAWAMANGUN,131,753,131,707
202410,24,RAWAMANGUN,132,701,132,703
202410,25,RAWAMANGUN,132,713,132,729
202410,26,RAWAMANGUN,132,752,132,753
202410,27,RAWAMANGUN,131,725,131,708
202410,28,RAWAMANGUN,132,742,132,614
202410,29,RAWAMANGUN,131,754,131,619
202410,30,RAWAMANGUN,130,720,130,629
202410,31,RAWAMANGUN,129,705,129,654
202411,6,PASAR MINGGU,91,0,91,198
202411,7,PASAR MINGGU,90,0,90,212
202411,8,PASAR MINGGU,84,0,84,168
202411,9,PASAR MINGGU,86,0,86,213
202411,10,PASAR MINGGU,79,0,79,159
202411,11,PASAR MINGGU,88,0,88,199
202411,12,PASAR MINGGU,78,0,78,155
202411,13,PASAR MINGGU,84,0,84,186
202411,14,PASAR MINGGU,89,0,89,173
202411,15,PASAR MINGGU,84,0,84,187
202411,16,PASAR MINGGU,92,0,92,197
202411,17,PASAR MINGGU,87,0,87,181
202411,18,PASAR MINGGU,86,0,86,195
202411,19,PASAR MINGGU,84,0,84,191
202411,20,PASAR MINGGU,88,0,88,205
202411,28,GROGOL,114,32,114,132
202411,29,GROGOL,118,37,118,144
202411,30,GROGOL,124,31,124,153
202411,1,MUARA ANGKE,5,45,5,71
202411,2,MUARA ANGKE,5,40,5,78
202411,3,MUARA ANGKE,5,44,5,56
202411,4,MUARA ANGKE,5,51,5,60
202411,5,MUARA ANGKE,5,47,5,66
202411,6,MUARA ANGKE,5,54,5,69
202411,7,MUARA ANGKE,5,51,5,64
202411,8,MUARA ANGKE,5,46,5,69
202411,9,MUARA ANGKE,5,44,5,71
202411,10,MUARA ANGKE,5,53,5,61
202411,11,MUARA ANGKE,5,49,5,67
202411,12,MUARA ANGKE,5,45,5,57
202411,13,MUARA ANGKE,5,49,5,61
202411,14,MUARA ANGKE,5,44,5,64
202411,15,MUARA ANGKE,5,41,5,72
202411,16,MUARA ANGKE,5,40,5,75
202411,17,MUARA ANGKE,5,45,5,60
202411,18,MUARA ANGKE,5,35,5,47
202411,19,MUARA ANGKE,5,46,5,55
202411,20,MUARA ANGKE,5,51,5,63
202411,21,MUARA ANGKE,5,47,5,56
202411,22,MUARA ANGKE,5,40,5,66
202411,23,MUARA ANGKE,5,40,5,78
202411,24,MUARA ANGKE,5,44,5,63
202411,25,MUARA ANGKE,5,48,5,62
202411,26,MUARA ANGKE,5,43,5,75
202411,27,MUARA ANGKE,5,30,5,41
202411,28,MUARA ANGKE,5,46,5,55
202411,29,MUARA ANGKE,5,41,5,63
202411,30,MUARA ANGKE,5,39,5,75
202411,1,LEBAK BULUS,36,15,36,124
202411,2,LEBAK BULUS,39,11,39,135
202411,3,LEBAK BULUS,37,13,37,121
202411,4,LEBAK BULUS,35,7,35,95
202411,5,LEBAK BULUS,33,3,33,79
202411,6,LEBAK BULUS,34,5,34,77
202411,7,LEBAK BULUS,33,7,33,79
202411,8,LEBAK BULUS,35,11,35,89
202411,9,LEBAK BULUS,36,7,36,87
202411,10,LEBAK BULUS,36,11,36,89
202411,11,LEBAK BULUS,35,13,35,87
202411,12,LEBAK BULUS,34,7,34,85
202411,13,LEBAK BULUS,34,8,34,75
202411,14,LEBAK BULUS,35,11,35,83
202411,15,LEBAK BULUS,36,15,36,87
202411,16,LEBAK BULUS,38,11,38,91
202411,17,LEBAK BULUS,37,9,37,89
202411,18,LEBAK BULUS,35,7,35,78
202411,19,LEBAK BULUS,35,3,35,75
202411,20,LEBAK BULUS,36,7,36,98
202411,21,LEBAK BULUS,37,11,37,101
202411,22,LEBAK BULUS,35,12,35,98
202411,23,LEBAK BULUS,38,16,38,113
202411,24,LEBAK BULUS,37,13,37,123
202411,25,LEBAK BULUS,35,7,35,79
202411,26,LEBAK BULUS,31,0,31,57
202411,27,LEBAK BULUS,35,7,35,71
202411,28,LEBAK BULUS,35,0,35,61
202411,29,LEBAK BULUS,36,9,36,99
202411,30,LEBAK BULUS,37,11,37,101
202411,1,PINANGRANTI,99,152,99,159
202412,3,CILILITAN,221,32570,221,38480
202412,4,CILILITAN,221,32243,221,37745
202412,5,CILILITAN,221,30053,221,35871
202412,6,CILILITAN,221,32865,221,39343
202412,7,CILILITAN,183,19984,183,23588
202412,8,CILILITAN,183,17862,183,19769
202412,9,CILILITAN,221,27267,221,29281
202412,10,CILILITAN,221,27483,221,32193
202412,11,CILILITAN,221,27736,221,32083
202412,12,CILILITAN,221,28552,221,32038
202412,13,CILILITAN,221,28337,221,31375
202412,14,CILILITAN,183,21370,183,23840
202412,15,CILILITAN,183,20488,183,23156
202412,16,CILILITAN,221,24914,221,30220
202412,17,CILILITAN,218,27419,218,30041
202412,18,CILILITAN,218,27983,218,30058
202412,19,CILILITAN,218,27772,218,31858
202412,20,CILILITAN,218,26351,218,31238
202412,21,CILILITAN,183,20573,183,25064
202412,22,CILILITAN,183,17155,183,21763
202412,23,CILILITAN,218,21164,218,27471
202412,24,CILILITAN,221,22104,221,26903
202412,25,CILILITAN,183,17559,183,22031
202412,26,CILILITAN,212,19111,212,23710
202412,27,CILILITAN,218,21329,218,24862
202412,28,CILILITAN,185,18189,185,22401
202412,29,CILILITAN,185,18112,185,22585
202412,30,CILILITAN,219,21662,219,26246
202412,31,CILILITAN,218,22369,218,25747
202412,1,KLENDER,136,290,142,306
202412,2,KLENDER,140,305,143,315
202412,3,KLENDER,138,304,141,315
202412,4,KLENDER,137,302,138,311
202412,5,KLENDER,135,302,141,315
202412,6,KLENDER,139,311,143,316
202412,7,KLENDER,136,291,138,300
202412,8,KLENDER,138,297,140,307
202412,9,KLENDER,140,295,142,306
202412,10,KLENDER,137,305,139,314
202412,11,KLENDER,140,294,143,302
202412,12,KLENDER,138,291,141,301
202412,13,KLENDER,136,298,145,306
202412,14,KLENDER,137,294,143,303
202412,15,KLENDER,140,294,143,302
202412,16,KLENDER,138,292,141,301
202412,17,KLENDER,135,296,139,306
202412,18,KLENDER,137,295,140,301
202412,19,KLENDER,138,303,140,317
202412,20,KLENDER,136,290,142,306
202412,21,KLENDER,139,296,143,305
202412,22,KLENDER,137,289,140,303
202412,23,KLENDER,138,292,141,300
202412,24,KLENDER,136,286,138,294
202412,25,KLENDER,134,285,137,294
202412,26,KLENDER,137,286,136,291
202412,27,KLENDER,138,301,143,310
202412,28,KLENDER,136,290,142,306
202412,29,KLENDER,140,296,144,311
202412,30,KLENDER,139,291,143,298
202412,31,KLENDER,136,298,145,306
202412,1,PASAR MINGGU,85,0,85,206
202412,2,PASAR MINGGU,89,0,89,200
202411,2,PINANGRANTI,89,135,89,136
202411,3,PINANGRANTI,89,115,89,119
202411,4,PINANGRANTI,99,132,99,140
202411,5,PINANGRANTI,89,117,89,119
202411,6,PINANGRANTI,89,113,89,108
202411,7,PINANGRANTI,89,113,89,115
202411,8,PINANGRANTI,89,127,89,130
202411,9,PINANGRANTI,89,124,89,122
202411,10,PINANGRANTI,89,128,89,134
202411,11,PINANGRANTI,89,117,89,124
202411,12,PINANGRANTI,99,156,99,162
202411,13,PINANGRANTI,99,144,99,150
202411,14,PINANGRANTI,99,134,99,143
202411,15,PINANGRANTI,99,165,99,162
202411,16,PINANGRANTI,99,151,99,165
202411,17,PINANGRANTI,89,133,89,141
202411,18,PINANGRANTI,89,137,89,143
202411,19,PINANGRANTI,99,151,99,158
202411,20,PINANGRANTI,99,123,99,137
202411,21,PINANGRANTI,99,147,99,146
202411,22,PINANGRANTI,99,158,99,154
202411,23,PINANGRANTI,99,151,99,147
202411,24,PINANGRANTI,89,125,89,136
202411,25,PINANGRANTI,99,127,99,143
202411,26,PINANGRANTI,89,117,89,117
202411,27,PINANGRANTI,89,127,89,128
202411,28,PINANGRANTI,89,129,89,135
202411,29,PINANGRANTI,99,156,99,156
202411,30,PINANGRANTI,99,142,99,134
202411,1,RAWAMANGUN,32,91,32,100
202411,2,RAWAMANGUN,34,147,34,159
202411,3,RAWAMANGUN,34,153,34,164
202411,4,RAWAMANGUN,33,150,33,179
202411,5,RAWAMANGUN,32,185,32,182
202411,6,RAWAMANGUN,31,174,31,174
202411,7,RAWAMANGUN,30,113,30,122
202411,8,RAWAMANGUN,32,198,32,198
202411,9,RAWAMANGUN,34,166,34,172
202411,10,RAWAMANGUN,34,169,34,175
202411,11,RAWAMANGUN,34,175,34,177
202411,12,RAWAMANGUN,34,161,34,172
202411,13,RAWAMANGUN,33,157,33,185
202411,14,RAWAMANGUN,33,171,33,188
202411,15,RAWAMANGUN,32,169,32,175
202411,16,RAWAMANGUN,32,154,32,163
202411,17,RAWAMANGUN,32,149,32,145
202411,18,RAWAMANGUN,32,169,32,164
202411,19,RAWAMANGUN,34,223,34,229
202411,20,RAWAMANGUN,33,234,33,233
202411,21,RAWAMANGUN,33,238,33,230
202411,22,RAWAMANGUN,33,224,33,220
202411,23,RAWAMANGUN,31,140,31,128
202411,24,RAWAMANGUN,30,132,30,122
202411,25,RAWAMANGUN,30,124,30,123
202411,26,RAWAMANGUN,32,146,32,140
202411,27,RAWAMANGUN,32,167,32,161
202411,28,RAWAMANGUN,32,160,32,157
202411,29,RAWAMANGUN,33,232,33,235
202411,30,RAWAMANGUN,33,229,33,223
202412,3,PASAR MINGGU,88,0,88,190
202412,4,PASAR MINGGU,90,0,90,205
202412,5,PASAR MINGGU,84,0,84,187
202412,6,PASAR MINGGU,98,0,98,212
202412,7,PASAR MINGGU,93,0,93,208
202412,8,PASAR MINGGU,97,0,97,235
202412,9,PASAR MINGGU,91,0,91,198
202412,10,PASAR MINGGU,93,0,93,200
202412,11,PASAR MINGGU,92,0,92,197
202412,12,PASAR MINGGU,92,0,92,197
202412,13,PASAR MINGGU,87,0,87,181
202412,14,PASAR MINGGU,86,0,86,195
202412,15,PASAR MINGGU,82,0,82,196
202412,16,PASAR MINGGU,91,0,91,189
202412,17,PASAR MINGGU,88,0,88,195
202412,18,PASAR MINGGU,89,0,89,202
202412,19,PASAR MINGGU,93,0,93,205
202412,20,PASAR MINGGU,89,0,89,203
202412,21,PASAR MINGGU,87,0,87,206
202412,22,PASAR MINGGU,90,0,90,213
202412,23,PASAR MINGGU,87,0,87,205
202412,24,PASAR MINGGU,86,0,86,167
202412,25,PASAR MINGGU,89,0,89,173
202412,26,PASAR MINGGU,91,0,91,189
202412,27,PASAR MINGGU,90,0,90,199
202412,28,PASAR MINGGU,88,0,88,202
202412,29,PASAR MINGGU,90,0,90,217
202412,30,PASAR MINGGU,87,0,87,181
202412,31,PASAR MINGGU,86,0,86,195
202412,1,KAMPUNG MELAYU,344,3268,344,4115
202412,2,KAMPUNG MELAYU,325,6493,325,3622
202412,3,KAMPUNG MELAYU,330,3947,328,4440
202412,4,KAMPUNG MELAYU,296,5197,296,4917
202412,5,KAMPUNG MELAYU,354,5031,354,5252
202412,6,KAMPUNG MELAYU,313,5895,322,7142
202412,7,KAMPUNG MELAYU,231,3500,231,3812
202412,8,KAMPUNG MELAYU,233,2996,233,2686
202412,9,KAMPUNG MELAYU,340,4460,338,4576
202412,10,KAMPUNG MELAYU,340,3940,340,5040
202412,11,KAMPUNG MELAYU,394,4006,394,4162
202412,12,KAMPUNG MELAYU,314,3778,314,4481
202412,13,KAMPUNG MELAYU,364,4775,364,5306
202412,14,KAMPUNG MELAYU,275,2183,275,3212
202412,15,KAMPUNG MELAYU,279,3225,279,3076
202412,16,KAMPUNG MELAYU,293,4416,293,3909
202412,17,KAMPUNG MELAYU,335,4293,335,3939
202412,18,KAMPUNG MELAYU,471,4400,471,4480
202412,19,KAMPUNG MELAYU,361,4101,361,5309
202412,20,KAMPUNG MELAYU,457,7139,457,7486
202412,21,KAMPUNG MELAYU,228,5895,228,4643
202412,22,KAMPUNG MELAYU,273,2960,289,2459
202412,23,KAMPUNG MELAYU,310,5244,310,7438
202412,24,KAMPUNG MELAYU,370,4323,370,4363
202412,25,KAMPUNG MELAYU,337,3972,337,3883
202412,26,KAMPUNG MELAYU,421,5919,426,6224
202412,27,KAMPUNG MELAYU,394,3396,394,4187
202412,28,KAMPUNG MELAYU,406,3458,407,3226
202412,29,KAMPUNG MELAYU,430,3551,430,4272
202412,30,KAMPUNG MELAYU,429,4331,425,5532
202412,31,KAMPUNG MELAYU,358,5959,358,4981
202412,1,SENEN,190,1301,190,1689
202412,2,SENEN,242,1596,242,1793
202412,3,SENEN,239,1618,239,1790
202412,4,SENEN,237,1573,237,1785
202412,5,SENEN,242,1568,242,1795
202412,6,SENEN,242,1595,242,1792
202412,7,SENEN,190,1298,190,1643
202412,8,SENEN,190,1316,190,1704
202412,9,SENEN,242,1597,242,1782
202412,10,SENEN,239,1611,239,1782
202412,11,SENEN,237,1567,237,1793
202412,12,SENEN,240,1570,240,1778
202412,13,SENEN,237,1588,237,1779
202412,14,SENEN,190,1298,190,1642
202412,15,SENEN,189,1315,189,1701
202412,16,SENEN,242,1596,242,1779
202412,17,SENEN,240,1607,240,1808
202412,18,SENEN,236,1575,236,1787
202412,19,SENEN,240,1591,240,1782
202412,20,SENEN,238,1601,238,1798
202412,21,SENEN,193,1316,193,1683
202412,22,SENEN,191,1324,191,1691
202412,23,SENEN,242,1590,242,1753
202412,24,SENEN,237,1604,237,1763
202412,25,SENEN,190,1305,190,1638
202412,26,SENEN,240,1589,240,1766
202412,27,SENEN,241,1590,241,1771
202412,28,SENEN,191,1318,191,1675
202412,29,SENEN,188,1320,188,1692
202412,30,SENEN,242,1584,242,1756
202412,31,SENEN,237,1619,237,1773
202412,1,MANGGARAI,34,2891,34,11384
202412,2,MANGGARAI,49,4856,49,16433
202412,3,MANGGARAI,49,4671,49,15787
202412,4,MANGGARAI,49,4823,49,16221
202412,5,MANGGARAI,49,4771,49,16176
202412,6,MANGGARAI,49,4763,49,15885
202412,7,MANGGARAI,34,2864,34,11525
202412,8,MANGGARAI,34,2761,34,11366
202412,9,MANGGARAI,49,4962,49,16255
202412,10,MANGGARAI,49,4892,49,16070
202412,11,MANGGARAI,49,4858,49,15977
202412,12,MANGGARAI,49,4967,49,16117
202412,13,MANGGARAI,49,4892,49,15948
202412,14,MANGGARAI,24,2976,24,9861
202412,15,MANGGARAI,24,2834,24,9722
202412,16,MANGGARAI,36,4938,36,13072
202412,17,MANGGARAI,36,4863,36,13247
202412,18,MANGGARAI,36,4764,36,13160
202412,19,MANGGARAI,36,4875,36,13305
202412,20,MANGGARAI,24,2784,24,9978
202412,21,MANGGARAI,24,2884,24,9885
202412,22,MANGGARAI,36,4901,36,13247
202412,23,MANGGARAI,36,4731,36,13149
202412,24,MANGGARAI,36,4938,36,13373
202412,25,MANGGARAI,24,2984,24,10016
202412,26,MANGGARAI,24,2874,24,9761
202412,27,MANGGARAI,36,4856,36,13224
202412,28,MANGGARAI,24,2873,24,9798
202412,29,MANGGARAI,24,2964,24,9875
202412,30,MANGGARAI,36,4937,36,13022
202412,31,MANGGARAI,36,4873,36,13234
202412,1,PULOGADUNG,235,2435,235,2535
202412,2,PULOGADUNG,253,1979,253,2087
202412,3,PULOGADUNG,247,1997,247,2079
202412,4,PULOGADUNG,257,2051,257,2149
202412,5,PULOGADUNG,248,1946,248,2057
202412,1,RAGUNAN,63,642,63,628
202412,2,RAGUNAN,75,653,75,647
202412,3,RAGUNAN,74,644,74,655
202412,4,RAGUNAN,77,620,77,648
202412,5,RAGUNAN,75,632,75,639
202412,6,RAGUNAN,76,653,76,677
202412,7,RAGUNAN,70,632,70,627
202412,8,RAGUNAN,67,632,67,637
202412,9,RAGUNAN,76,643,76,655
202412,10,RAGUNAN,76,649,76,651
202412,11,RAGUNAN,78,659,78,665
202412,12,RAGUNAN,74,644,74,632
202412,13,RAGUNAN,74,645,74,621
202412,14,RAGUNAN,72,651,74,618
202412,15,RAGUNAN,74,622,74,639
202412,16,RAGUNAN,76,637,76,632
202412,17,RAGUNAN,75,645,75,649
202412,18,RAGUNAN,76,634,76,647
202412,19,RAGUNAN,75,632,75,644
202412,20,RAGUNAN,75,647,75,650
202412,21,RAGUNAN,72,624,71,641
202412,22,RAGUNAN,65,641,65,649
202412,23,RAGUNAN,74,635,74,646
202412,24,RAGUNAN,73,656,73,664
202412,25,RAGUNAN,70,652,70,671
202412,26,RAGUNAN,72,618,72,638
202412,27,RAGUNAN,75,644,75,673
202412,28,RAGUNAN,74,656,74,650
202412,29,RAGUNAN,71,626,71,657
202412,30,RAGUNAN,73,647,73,649
202412,31,RAGUNAN,74,654,74,658
202412,1,BLOK M,257,4773,257,5041
202412,2,BLOK M,342,5507,342,5641
202412,3,BLOK M,342,5504,342,5629
202412,4,BLOK M,342,5483,342,5612
202412,5,BLOK M,337,5688,337,5751
202412,6,BLOK M,333,5618,333,5749
202412,7,BLOK M,266,4550,266,4915
202412,8,BLOK M,280,4439,280,4837
202412,9,BLOK M,347,5429,347,5507
202412,10,BLOK M,348,5261,348,5454
202412,11,BLOK M,345,5493,345,5608
202412,12,BLOK M,343,5538,343,5624
202412,13,BLOK M,343,5308,343,5469
202412,14,BLOK M,270,4872,270,5108
202412,15,BLOK M,268,4748,268,5017
202412,16,BLOK M,327,5633,327,5755
202412,17,BLOK M,345,5372,345,5550
202412,18,BLOK M,335,5334,335,5493
202412,19,BLOK M,341,5221,341,5430
202412,20,BLOK M,343,5426,343,5556
202412,21,BLOK M,271,4819,271,5085
202412,22,BLOK M,268,4642,268,5010
202412,23,BLOK M,314,4684,314,5064
202412,24,BLOK M,341,4785,341,5101
202412,25,BLOK M,267,4738,267,5012
202412,26,BLOK M,267,4733,267,5025
202412,27,BLOK M,332,4991,332,5265
202412,28,BLOK M,267,4650,267,4965
202412,29,BLOK M,267,4811,267,5104
202412,30,BLOK M,323,5080,323,5318
202412,31,BLOK M,330,4990,330,5246
202412,1,CILILITAN,183,18270,183,22377
202412,2,CILILITAN,221,31883,221,37006
202411,25,KALIDERES,90,674,79,696
202411,26,KALIDERES,86,693,76,655
202411,27,KALIDERES,80,668,70,623
202411,28,KALIDERES,76,637,66,608
202411,29,KALIDERES,81,612,71,644
202411,30,KALIDERES,87,646,76,697
202411,1,TANJUNG PRIOK,87,351,75,583
202411,2,TANJUNG PRIOK,91,326,79,594
202411,3,TANJUNG PRIOK,93,572,81,431
202411,4,TANJUNG PRIOK,82,465,72,302
202411,5,TANJUNG PRIOK,75,431,65,285
202411,6,TANJUNG PRIOK,71,347,61,239
202411,7,TANJUNG PRIOK,74,261,63,312
202411,8,TANJUNG PRIOK,76,239,65,382
202411,9,TANJUNG PRIOK,82,425,70,456
202411,10,TANJUNG PRIOK,90,481,78,361
202411,11,TANJUNG PRIOK,75,321,65,284
202411,12,TANJUNG PRIOK,77,251,67,305
202411,13,TANJUNG PRIOK,79,276,69,327
202411,14,TANJUNG PRIOK,81,318,71,339
202411,15,TANJUNG PRIOK,84,342,73,410
202411,16,TANJUNG PRIOK,87,314,76,475
202411,17,TANJUNG PRIOK,90,513,79,409
202411,18,TANJUNG PRIOK,70,416,60,325
202411,19,TANJUNG PRIOK,73,328,63,284
202411,20,TANJUNG PRIOK,75,273,65,298
202411,21,TANJUNG PRIOK,78,243,68,362
202411,22,TANJUNG PRIOK,81,254,70,425
202411,23,TANJUNG PRIOK,85,337,74,512
202411,24,TANJUNG PRIOK,89,497,78,385
202411,25,TANJUNG PRIOK,75,327,65,294
202411,26,TANJUNG PRIOK,78,351,68,428
202411,27,TANJUNG PRIOK,70,396,60,306
202411,28,TANJUNG PRIOK,73,261,63,337
202411,29,TANJUNG PRIOK,80,282,69,514
202411,30,TANJUNG PRIOK,82,310,71,452
202411,1,GROGOL,118,33,118,156
202411,2,GROGOL,121,39,121,143
202411,3,GROGOL,107,46,107,118
202411,4,GROGOL,114,58,114,126
202411,5,GROGOL,102,49,102,114
202411,6,GROGOL,109,41,109,122
202411,7,GROGOL,113,46,113,131
202411,8,GROGOL,124,34,124,153
202411,9,GROGOL,115,38,115,147
202411,10,GROGOL,102,43,102,121
202411,11,GROGOL,107,58,107,113
202411,12,GROGOL,102,51,102,119
202411,13,GROGOL,111,44,111,127
202411,14,GROGOL,117,33,117,141
202411,15,GROGOL,124,29,124,153
202411,16,GROGOL,115,32,115,136
202411,17,GROGOL,107,38,107,118
202411,18,GROGOL,99,47,99,106
202411,19,GROGOL,103,53,103,115
202411,20,GROGOL,112,46,112,124
202411,21,GROGOL,117,39,117,137
202411,22,GROGOL,124,32,124,153
202411,23,GROGOL,127,38,127,142
202411,24,GROGOL,113,43,113,119
202411,25,GROGOL,101,48,101,112
202411,26,GROGOL,116,36,116,138
202411,27,GROGOL,101,39,101,116
202412,4,GROGOL,111,47,111,126
202412,5,GROGOL,118,41,118,137
202412,6,GROGOL,126,33,126,152
202412,7,GROGOL,114,37,114,131
202412,8,GROGOL,107,46,107,118
202412,9,GROGOL,112,52,112,126
202412,10,GROGOL,104,47,104,122
202412,11,GROGOL,111,42,111,133
202412,12,GROGOL,118,44,118,141
202412,13,GROGOL,127,36,127,162
202412,14,GROGOL,123,32,123,153
202412,15,GROGOL,114,27,114,126
202412,16,GROGOL,119,33,119,142
202412,17,GROGOL,112,39,112,129
202412,18,GROGOL,119,36,119,267
202412,19,GROGOL,97,68,97,224
202412,20,GROGOL,105,42,105,254
202412,21,GROGOL,116,58,116,302
202412,22,GROGOL,108,65,108,249
202412,23,GROGOL,97,58,97,222
202412,24,GROGOL,116,68,116,251
202412,25,GROGOL,105,28,105,223
202412,26,GROGOL,101,39,101,202
202412,27,GROGOL,106,60,106,216
202412,28,GROGOL,121,45,121,270
202412,29,GROGOL,129,46,129,285
202412,30,GROGOL,111,61,111,222
202412,31,GROGOL,102,36,102,177
202412,1,MUARA ANGKE,5,30,5,69
202412,2,MUARA ANGKE,5,49,5,58
202412,3,MUARA ANGKE,5,51,5,64
202412,4,MUARA ANGKE,5,48,5,61
202412,5,MUARA ANGKE,5,46,5,57
202412,6,MUARA ANGKE,5,41,5,69
202412,7,MUARA ANGKE,5,36,5,75
202412,8,MUARA ANGKE,5,55,5,61
202412,9,MUARA ANGKE,5,49,5,65
202412,10,MUARA ANGKE,5,53,5,69
202412,11,MUARA ANGKE,5,51,5,72
202412,12,MUARA ANGKE,5,50,5,68
202412,13,MUARA ANGKE,5,44,5,76
202412,14,MUARA ANGKE,5,40,5,79
202412,15,MUARA ANGKE,5,44,5,65
202412,16,MUARA ANGKE,5,49,5,60
202412,17,MUARA ANGKE,5,43,5,52
202412,18,MUARA ANGKE,4,56,4,77
202412,19,MUARA ANGKE,4,55,4,119
202412,20,MUARA ANGKE,6,78,6,91
202412,21,MUARA ANGKE,3,63,3,69
202412,22,MUARA ANGKE,5,72,5,123
202412,23,MUARA ANGKE,5,83,5,167
202412,24,MUARA ANGKE,4,59,4,91
202412,25,MUARA ANGKE,6,111,6,135
202412,26,MUARA ANGKE,4,70,4,81
202412,27,MUARA ANGKE,6,146,6,124
202412,28,MUARA ANGKE,5,83,5,182
202412,29,MUARA ANGKE,5,89,5,188
202412,30,MUARA ANGKE,6,110,6,169
202412,31,MUARA ANGKE,5,98,5,111
202412,1,LEBAK BULUS,35,9,35,99
202412,2,LEBAK BULUS,37,11,37,101
202412,3,LEBAK BULUS,35,7,35,77
202412,4,LEBAK BULUS,37,11,37,91
202412,5,LEBAK BULUS,36,15,36,90
202501,8,KLENDER,136,290,142,304
202501,9,KLENDER,137,294,139,300
202501,10,KLENDER,138,294,141,299
202501,11,KLENDER,134,294,138,301
202501,12,KLENDER,137,290,140,301
202501,13,KLENDER,136,295,140,304
202501,14,KLENDER,138,293,143,307
202501,15,KLENDER,136,300,140,306
202501,16,KLENDER,140,299,137,306
202501,17,KLENDER,139,296,142,306
202501,18,KLENDER,136,302,139,310
202501,19,KLENDER,135,283,135,302
202501,20,KLENDER,138,285,141,294
202501,21,KLENDER,139,285,142,297
202501,22,KLENDER,137,276,138,284
202501,23,KLENDER,136,290,140,299
202501,24,KLENDER,135,303,139,323
202501,25,KLENDER,136,290,140,299
202501,26,KLENDER,136,295,140,316
202501,27,KLENDER,134,286,137,304
202501,28,KLENDER,137,294,138,303
202501,29,KLENDER,138,294,140,305
202501,30,KLENDER,139,296,142,306
202501,31,KLENDER,136,293,139,307
202501,1,PASAR MINGGU,106,184,104,225
202501,2,PASAR MINGGU,102,197,105,218
202501,3,PASAR MINGGU,95,195,101,208
202501,4,PASAR MINGGU,95,181,98,205
202501,5,PASAR MINGGU,102,194,102,221
202501,6,PASAR MINGGU,104,201,104,216
202501,7,PASAR MINGGU,107,205,109,232
202501,8,PASAR MINGGU,105,200,105,249
202501,9,PASAR MINGGU,108,194,108,243
202501,10,PASAR MINGGU,108,206,108,232
202501,11,PASAR MINGGU,107,205,107,243
202501,12,PASAR MINGGU,105,204,105,240
202501,13,PASAR MINGGU,108,211,108,248
202501,14,PASAR MINGGU,112,211,112,240
202501,15,PASAR MINGGU,112,211,112,238
202501,16,PASAR MINGGU,108,216,108,248
202501,17,PASAR MINGGU,112,206,112,242
202501,18,PASAR MINGGU,111,215,111,241
202501,19,PASAR MINGGU,106,213,106,244
202501,20,PASAR MINGGU,108,217,108,235
202501,21,PASAR MINGGU,114,227,114,247
202501,22,PASAR MINGGU,107,223,107,240
202501,23,PASAR MINGGU,112,222,112,241
202501,24,PASAR MINGGU,108,217,108,237
202501,25,PASAR MINGGU,112,220,112,240
202501,26,PASAR MINGGU,108,221,108,244
202501,27,PASAR MINGGU,111,227,111,246
202501,28,PASAR MINGGU,109,221,109,240
202501,29,PASAR MINGGU,110,219,110,233
202501,30,PASAR MINGGU,108,224,108,238
202501,31,PASAR MINGGU,113,233,113,247
202501,1,KAMPUNG MELAYU,141,1219,141,2413
202501,2,KAMPUNG MELAYU,240,2872,244,2227
202501,3,KAMPUNG MELAYU,283,4325,283,3824
202501,4,KAMPUNG MELAYU,385,3989,385,4230
202501,5,KAMPUNG MELAYU,409,3805,409,3847
202501,6,KAMPUNG MELAYU,386,3516,386,3549
202501,7,KAMPUNG MELAYU,407,4156,407,4276
202501,8,KAMPUNG MELAYU,354,4809,354,4697
202501,9,KAMPUNG MELAYU,401,3871,401,3860
202501,10,KAMPUNG MELAYU,281,3781,281,4062
202501,11,KAMPUNG MELAYU,371,4274,371,3424
202501,12,KAMPUNG MELAYU,247,2803,247,2230
202501,13,KAMPUNG MELAYU,411,3962,405,3873
202501,14,KAMPUNG MELAYU,333,3703,332,3891
202501,15,KAMPUNG MELAYU,283,3376,283,4973
202501,16,KAMPUNG MELAYU,378,3604,378,3267
202501,17,KAMPUNG MELAYU,369,4927,369,4423
202501,18,KAMPUNG MELAYU,289,2719,289,2738
202501,19,KAMPUNG MELAYU,343,2684,343,3898
202501,20,KAMPUNG MELAYU,324,4485,324,7349
202501,21,KAMPUNG MELAYU,421,7113,421,8295
202501,22,KAMPUNG MELAYU,415,3996,409,5625
202501,23,KAMPUNG MELAYU,362,6837,362,5666
202501,24,KAMPUNG MELAYU,313,4166,313,3929
202501,25,KAMPUNG MELAYU,337,3189,336,3297
202501,26,KAMPUNG MELAYU,287,3169,287,3532
202501,27,KAMPUNG MELAYU,246,2743,248,2389
202501,28,KAMPUNG MELAYU,240,2685,240,2857
202501,29,KAMPUNG MELAYU,245,2371,305,2401
202501,30,KAMPUNG MELAYU,383,5824,383,5589
202501,31,KAMPUNG MELAYU,436,5296,431,4589
202501,1,SENEN,190,1305,190,1638
202501,2,SENEN,240,1581,240,1753
202501,3,SENEN,241,1575,241,1766
202501,4,SENEN,191,1311,191,1666
202501,5,SENEN,188,1302,188,1687
202501,6,SENEN,242,1578,242,1742
202501,7,SENEN,238,1597,238,1774
202501,8,SENEN,237,1514,245,1650
202501,9,SENEN,240,1581,240,1761
202501,10,SENEN,241,1567,241,1759
202501,11,SENEN,191,1319,191,1667
202501,12,SENEN,188,1299,188,1698
202501,13,SENEN,242,1582,242,1754
202501,14,SENEN,238,1547,238,1769
202501,15,SENEN,241,1576,241,1761
202501,16,SENEN,240,1585,240,1758
202501,17,SENEN,239,1582,239,1766
202501,18,SENEN,191,1316,191,1663
202501,19,SENEN,188,1309,188,1688
202501,20,SENEN,242,1588,242,1740
202501,21,SENEN,239,1538,239,1774
202501,22,SENEN,241,1578,241,1770
202501,23,SENEN,239,1590,239,1749
202501,24,SENEN,240,1575,240,1766
202501,25,SENEN,191,1317,191,1662
202501,26,SENEN,188,1309,188,1692
202501,27,SENEN,242,1574,242,1744
202501,28,SENEN,239,1548,239,1772
202501,29,SENEN,241,1613,241,1758
202501,30,SENEN,239,1579,239,1752
202501,31,SENEN,236,1567,236,1758
202501,1,MANGGARAI,24,2873,24,9945
202501,2,MANGGARAI,36,4942,36,13255
202501,3,MANGGARAI,36,4983,36,13131
202501,4,MANGGARAI,24,2763,24,9779
202501,5,MANGGARAI,24,2873,24,9904
202412,6,LEBAK BULUS,37,11,37,93
202412,7,LEBAK BULUS,39,15,39,131
202412,8,LEBAK BULUS,35,16,35,124
202412,9,LEBAK BULUS,34,9,34,113
202412,10,LEBAK BULUS,31,5,31,97
202412,11,LEBAK BULUS,33,7,33,99
202412,12,LEBAK BULUS,35,11,35,101
202412,13,LEBAK BULUS,33,9,33,97
202412,14,LEBAK BULUS,35,11,35,113
202412,15,LEBAK BULUS,36,13,36,126
202412,16,LEBAK BULUS,37,11,37,116
202412,17,LEBAK BULUS,37,9,37,119
202412,18,LEBAK BULUS,38,16,38,155
202412,19,LEBAK BULUS,40,63,40,167
202412,20,LEBAK BULUS,35,81,35,418
202412,21,LEBAK BULUS,34,115,34,623
202412,22,LEBAK BULUS,35,221,35,500
202412,23,LEBAK BULUS,40,112,40,544
202412,24,LEBAK BULUS,36,161,36,586
202412,25,LEBAK BULUS,40,177,40,556
202412,26,LEBAK BULUS,39,153,39,381
202412,27,LEBAK BULUS,42,183,42,575
202412,28,LEBAK BULUS,47,143,47,598
202412,29,LEBAK BULUS,46,235,46,1041
202412,30,LEBAK BULUS,47,160,47,599
202412,31,LEBAK BULUS,35,180,35,511
202412,1,PINANGRANTI,89,121,89,127
202412,2,PINANGRANTI,99,164,99,180
202412,3,PINANGRANTI,99,162,99,176
202412,4,PINANGRANTI,99,167,99,178
202412,5,PINANGRANTI,99,160,99,170
202412,6,PINANGRANTI,99,153,99,157
202412,7,PINANGRANTI,99,169,99,169
202412,8,PINANGRANTI,99,142,99,156
202412,9,PINANGRANTI,99,137,99,148
202412,10,PINANGRANTI,89,109,89,116
202412,11,PINANGRANTI,89,128,89,126
202412,12,PINANGRANTI,99,149,99,146
202412,13,PINANGRANTI,99,138,99,148
202412,14,PINANGRANTI,99,131,99,135
202412,15,PINANGRANTI,99,154,99,159
202412,16,PINANGRANTI,99,143,99,152
202412,17,PINANGRANTI,89,141,89,151
202412,18,PINANGRANTI,89,127,89,127
202412,19,PINANGRANTI,99,153,99,157
202412,20,PINANGRANTI,89,110,89,127
202412,21,PINANGRANTI,89,116,89,127
202412,22,PINANGRANTI,99,140,99,156
202412,23,PINANGRANTI,99,153,99,175
202412,24,PINANGRANTI,99,156,99,165
202412,25,PINANGRANTI,99,165,99,175
202412,26,PINANGRANTI,99,148,99,155
202412,27,PINANGRANTI,89,121,89,123
202412,28,PINANGRANTI,89,115,89,120
202412,29,PINANGRANTI,99,148,99,149
202412,30,PINANGRANTI,99,153,99,165
202412,31,PINANGRANTI,99,132,99,140
202412,1,RAWAMANGUN,34,243,34,241
202412,2,RAWAMANGUN,34,235,34,234
202412,3,RAWAMANGUN,34,237,34,232
202412,4,RAWAMANGUN,34,240,34,231
202412,5,RAWAMANGUN,34,240,34,240
202412,6,RAWAMANGUN,33,231,33,229
202412,7,RAWAMANGUN,33,244,33,246
202412,8,RAWAMANGUN,32,228,32,225
202412,9,RAWAMANGUN,33,222,33,235
202412,10,RAWAMANGUN,33,216,33,223
202412,11,RAWAMANGUN,33,243,33,222
202412,12,RAWAMANGUN,33,232,33,211
202412,13,RAWAMANGUN,32,222,32,185
202412,14,RAWAMANGUN,32,229,32,191
202412,15,RAWAMANGUN,34,215,34,214
202412,16,RAWAMANGUN,34,206,34,223
202412,17,RAWAMANGUN,34,192,34,217
202412,18,RAWAMANGUN,33,197,33,239
202412,19,RAWAMANGUN,33,190,33,225
202412,20,RAWAMANGUN,34,187,34,213
202412,21,RAWAMANGUN,33,181,33,207
202412,22,RAWAMANGUN,34,164,34,183
202412,23,RAWAMANGUN,32,88,32,96
202412,24,RAWAMANGUN,33,150,33,185
202412,25,RAWAMANGUN,33,162,33,181
202412,26,RAWAMANGUN,32,171,32,177
202412,27,RAWAMANGUN,34,231,34,246
202412,28,RAWAMANGUN,32,146,32,140
202412,29,RAWAMANGUN,32,167,32,161
202412,30,RAWAMANGUN,32,160,32,157
202412,31,RAWAMANGUN,31,164,31,155
202501,1,RAGUNAN,72,596,72,642
202501,2,RAGUNAN,73,640,73,650
202501,3,RAGUNAN,71,634,71,640
202501,4,RAGUNAN,64,564,64,595
202501,5,RAGUNAN,65,642,65,654
202501,6,RAGUNAN,67,727,67,740
202501,7,RAGUNAN,76,786,76,804
202501,8,RAGUNAN,77,806,77,828
202501,9,RAGUNAN,77,857,77,877
202501,10,RAGUNAN,77,868,77,879
202501,11,RAGUNAN,72,873,72,866
202501,12,RAGUNAN,72,861,72,887
202501,13,RAGUNAN,76,898,76,920
202501,14,RAGUNAN,78,906,78,915
202501,15,RAGUNAN,76,946,76,957
202501,16,RAGUNAN,76,1019,76,1041
202501,17,RAGUNAN,77,1050,77,1075
202501,18,RAGUNAN,71,1106,71,1113
202501,19,RAGUNAN,71,1112,71,1118
202501,20,RAGUNAN,76,1184,76,1200
202501,21,RAGUNAN,74,1190,74,1218
202501,22,RAGUNAN,75,1208,75,1215
202501,23,RAGUNAN,76,1225,74,1235
202501,24,RAGUNAN,76,1232,76,1218
202501,25,RAGUNAN,70,1239,70,1243
202501,26,RAGUNAN,70,1246,70,1255
202501,27,RAGUNAN,70,1248,70,1246
202501,28,RAGUNAN,67,1233,67,1254
202501,29,RAGUNAN,70,1262,68,1263
202501,30,RAGUNAN,76,1241,73,1247
202501,31,RAGUNAN,74,1261,74,1270
202501,1,BLOK M,273,4661,273,4961
202501,2,BLOK M,333,4765,333,5067
202501,3,BLOK M,336,3961,336,4547
202501,4,BLOK M,279,4136,279,4598
202501,5,BLOK M,271,4734,271,4995
202501,6,BLOK M,296,5318,296,5484
202501,7,BLOK M,323,5489,323,5622
202501,8,BLOK M,322,5505,322,5589
202501,9,BLOK M,332,5364,332,5481
202501,10,BLOK M,332,5583,332,5674
202501,11,BLOK M,248,4520,248,4845
202501,12,BLOK M,245,4492,245,4811
202501,13,BLOK M,315,5504,315,5597
202501,14,BLOK M,248,5349,248,5398
202501,15,BLOK M,245,5678,245,5665
202501,16,BLOK M,245,5461,245,5619
202501,17,BLOK M,236,5351,236,5463
202501,18,BLOK M,186,4471,186,4815
202501,19,BLOK M,183,4321,183,4705
202501,20,BLOK M,305,5574,305,5643
202501,21,BLOK M,334,5562,334,5617
202501,22,BLOK M,335,5467,335,5641
202501,23,BLOK M,336,5497,336,5662
202501,24,BLOK M,334,5653,334,5715
202501,25,BLOK M,299,4748,299,5046
202501,26,BLOK M,295,4634,295,4974
202501,27,BLOK M,298,4575,298,4927
202501,28,BLOK M,277,4483,277,4821
202501,29,BLOK M,276,4420,276,4780
202501,30,BLOK M,335,5404,335,5519
202501,31,BLOK M,341,5541,341,5631
202501,1,CILILITAN,185,14230,185,15828
202501,2,CILILITAN,218,22072,218,26310
202501,3,CILILITAN,218,22137,218,25318
202501,4,CILILITAN,185,16943,185,20942
202501,5,CILILITAN,185,16094,185,18990
202501,6,CILILITAN,218,18930,218,21485
202501,7,CILILITAN,218,25425,218,28448
202501,8,CILILITAN,218,24762,218,29671
202501,9,CILILITAN,218,23146,218,28718
202501,10,CILILITAN,218,26446,218,29400
202501,11,CILILITAN,185,16458,185,20527
202501,12,CILILITAN,186,17067,186,19283
202501,13,CILILITAN,225,25470,225,30173
202501,14,CILILITAN,225,25548,225,29653
202501,15,CILILITAN,225,26431,225,29606
202501,16,CILILITAN,225,27207,225,29746
202501,17,CILILITAN,225,24785,225,28273
202501,18,CILILITAN,186,16864,186,21274
202501,19,CILILITAN,186,15256,186,19489
202501,20,CILILITAN,225,25833,225,29193
202501,21,CILILITAN,225,23767,225,29201
202501,22,CILILITAN,225,25418,225,28592
202501,23,CILILITAN,225,25749,225,29697
202501,24,CILILITAN,225,24994,225,29755
202501,25,CILILITAN,186,23230,186,23269
202501,26,CILILITAN,191,17068,191,20215
202501,27,CILILITAN,186,17245,186,19390
202501,28,CILILITAN,186,17858,186,20559
202501,29,CILILITAN,186,15702,186,15405
202501,30,CILILITAN,225,25865,225,35980
202501,31,CILILITAN,225,26151,225,29339
202501,1,KLENDER,135,295,140,305
202501,2,KLENDER,139,307,142,314
202501,3,KLENDER,136,302,139,310
202501,4,KLENDER,138,290,143,306
202501,5,KLENDER,136,290,140,299
202501,6,KLENDER,134,304,138,311
202501,7,KLENDER,138,303,142,312
202412,6,PULOGADUNG,254,2037,254,2098
202412,7,PULOGADUNG,265,2017,265,2075
202412,8,PULOGADUNG,247,1968,247,2103
202412,9,PULOGADUNG,217,1960,217,2035
202412,10,PULOGADUNG,252,2072,252,2140
202412,11,PULOGADUNG,253,2041,253,2124
202412,12,PULOGADUNG,255,2047,255,2117
202412,13,PULOGADUNG,252,2046,252,2120
202412,14,PULOGADUNG,251,2025,249,2090
202412,15,PULOGADUNG,215,1920,215,2013
202412,16,PULOGADUNG,252,1977,252,2071
202412,17,PULOGADUNG,253,1978,253,2079
202412,18,PULOGADUNG,249,1960,249,2052
202412,19,PULOGADUNG,251,2041,251,2112
202412,20,PULOGADUNG,244,1939,244,2059
202412,21,PULOGADUNG,205,1912,205,1975
202412,22,PULOGADUNG,203,1863,203,1959
202412,23,PULOGADUNG,250,2011,250,2101
202412,24,PULOGADUNG,267,2074,267,2139
202412,25,PULOGADUNG,255,2018,255,2072
202412,26,PULOGADUNG,254,2068,254,2167
202412,27,PULOGADUNG,258,1990,258,2098
202412,28,PULOGADUNG,256,1944,256,2019
202412,29,PULOGADUNG,254,2109,254,2053
202412,30,PULOGADUNG,249,2063,247,2135
202412,31,PULOGADUNG,253,2094,253,2097
202412,1,KAMPUNG RAMBUTAN,225,2252,56,347
202412,2,KAMPUNG RAMBUTAN,257,1971,106,515
202412,3,KAMPUNG RAMBUTAN,237,1833,76,316
202412,4,KAMPUNG RAMBUTAN,238,1804,63,251
202412,5,KAMPUNG RAMBUTAN,242,1747,82,413
202412,6,KAMPUNG RAMBUTAN,244,2027,81,559
202412,7,KAMPUNG RAMBUTAN,235,1868,30,286
202412,8,KAMPUNG RAMBUTAN,280,1972,63,363
202412,9,KAMPUNG RAMBUTAN,262,1944,72,343
202412,10,KAMPUNG RAMBUTAN,242,1757,65,303
202412,11,KAMPUNG RAMBUTAN,281,2135,94,451
202412,12,KAMPUNG RAMBUTAN,275,1944,93,423
202412,13,KAMPUNG RAMBUTAN,256,1894,66,449
202412,14,KAMPUNG RAMBUTAN,247,2145,69,408
202412,15,KAMPUNG RAMBUTAN,281,2114,75,563
202412,16,KAMPUNG RAMBUTAN,300,2074,74,474
202412,17,KAMPUNG RAMBUTAN,275,2060,67,466
202412,18,KAMPUNG RAMBUTAN,252,2010,144,707
202412,19,KAMPUNG RAMBUTAN,268,2495,138,735
202412,20,KAMPUNG RAMBUTAN,287,2599,129,1110
202412,21,KAMPUNG RAMBUTAN,351,3319,180,1508
202412,22,KAMPUNG RAMBUTAN,367,3622,153,1462
202412,23,KAMPUNG RAMBUTAN,331,3025,117,1086
202412,24,KAMPUNG RAMBUTAN,365,3306,147,1442
202412,25,KAMPUNG RAMBUTAN,281,2568,98,936
202412,26,KAMPUNG RAMBUTAN,358,3597,140,1054
202412,27,KAMPUNG RAMBUTAN,268,2695,124,1088
202412,28,KAMPUNG RAMBUTAN,266,2631,123,1201
202412,29,KAMPUNG RAMBUTAN,271,2735,148,1522
202412,30,KAMPUNG RAMBUTAN,267,2894,99,922
202412,31,KAMPUNG RAMBUTAN,185,2281,66,524
202412,1,KALIDERES,92,662,81,738
202412,2,KALIDERES,87,715,77,689
202412,3,KALIDERES,84,689,74,642
202412,4,KALIDERES,81,651,71,614
202412,5,KALIDERES,78,624,68,631
202412,6,KALIDERES,84,607,73,680
202412,7,KALIDERES,90,630,79,717
202412,8,KALIDERES,87,653,77,675
202412,9,KALIDERES,83,708,73,643
202412,10,KALIDERES,80,676,70,615
202412,11,KALIDERES,76,642,66,636
202412,12,KALIDERES,79,615,69,678
202412,13,KALIDERES,86,631,75,712
202412,14,KALIDERES,93,657,82,763
202412,15,KALIDERES,89,674,78,718
202412,16,KALIDERES,85,729,75,664
202412,17,KALIDERES,81,683,71,631
202412,18,KALIDERES,79,654,69,617
202412,19,KALIDERES,85,618,73,669
202412,20,KALIDERES,102,590,91,1085
202412,21,KALIDERES,146,545,133,1842
202412,22,KALIDERES,121,522,108,1356
202412,23,KALIDERES,104,626,92,978
202412,24,KALIDERES,132,591,119,1538
202412,25,KALIDERES,98,639,86,951
202412,26,KALIDERES,87,572,75,729
202412,27,KALIDERES,102,623,90,994
202412,28,KALIDERES,118,594,105,1217
202412,29,KALIDERES,111,568,98,1136
202412,30,KALIDERES,94,637,82,842
202412,31,KALIDERES,84,545,74,670
202412,1,TANJUNG PRIOK,90,512,79,406
202412,2,TANJUNG PRIOK,83,423,73,331
202412,3,TANJUNG PRIOK,71,361,61,247
202412,4,TANJUNG PRIOK,70,279,60,232
202412,5,TANJUNG PRIOK,76,249,66,358
202412,6,TANJUNG PRIOK,81,312,70,478
202412,7,TANJUNG PRIOK,87,352,76,490
202412,8,TANJUNG PRIOK,90,493,79,351
202412,9,TANJUNG PRIOK,80,410,70,284
202412,10,TANJUNG PRIOK,73,311,63,236
202412,11,TANJUNG PRIOK,70,283,60,307
202412,12,TANJUNG PRIOK,75,304,65,362
202412,13,TANJUNG PRIOK,82,287,71,484
202412,14,TANJUNG PRIOK,85,327,74,495
202412,15,TANJUNG PRIOK,88,523,77,416
202412,16,TANJUNG PRIOK,80,379,70,328
202412,17,TANJUNG PRIOK,73,284,63,296
202412,18,TANJUNG PRIOK,74,352,64,439
202412,19,TANJUNG PRIOK,76,278,66,322
202412,20,TANJUNG PRIOK,80,245,68,573
202412,21,TANJUNG PRIOK,85,342,74,643
202412,22,TANJUNG PRIOK,78,520,68,745
202412,23,TANJUNG PRIOK,83,477,76,826
202412,24,TANJUNG PRIOK,93,421,82,1053
202412,25,TANJUNG PRIOK,72,329,65,512
202412,26,TANJUNG PRIOK,69,292,60,431
202412,27,TANJUNG PRIOK,81,532,72,915
202412,28,TANJUNG PRIOK,90,473,80,984
202412,29,TANJUNG PRIOK,87,346,77,681
202412,30,TANJUNG PRIOK,79,395,71,611
202412,31,TANJUNG PRIOK,69,436,62,513
202412,1,GROGOL,109,42,109,122
202412,2,GROGOL,113,48,113,135
202412,3,GROGOL,104,53,104,116
202502,12,TANJUNG PRIOK,70,298,60,316
202502,13,TANJUNG PRIOK,74,327,64,395
202502,14,TANJUNG PRIOK,76,364,66,415
202502,15,TANJUNG PRIOK,80,391,70,486
202502,16,TANJUNG PRIOK,86,537,76,406
202502,17,TANJUNG PRIOK,75,426,65,314
202502,18,TANJUNG PRIOK,72,293,62,402
202502,19,TANJUNG PRIOK,70,310,60,431
202502,20,TANJUNG PRIOK,75,357,65,473
202502,21,TANJUNG PRIOK,78,381,68,498
202502,22,TANJUNG PRIOK,81,431,71,512
202502,23,TANJUNG PRIOK,90,473,80,442
202502,24,TANJUNG PRIOK,76,436,66,321
202502,25,TANJUNG PRIOK,71,419,61,292
202502,26,TANJUNG PRIOK,70,342,60,438
202502,27,TANJUNG PRIOK,82,368,72,512
202502,28,TANJUNG PRIOK,86,425,76,537
202502,1,GROGOL,121,36,121,167
202502,2,GROGOL,114,47,114,125
202502,3,GROGOL,106,55,106,114
202502,4,GROGOL,101,42,101,103
202502,5,GROGOL,108,36,108,112
202502,6,GROGOL,105,31,105,119
202502,7,GROGOL,116,25,116,137
202502,8,GROGOL,119,31,119,152
202502,9,GROGOL,107,44,107,124
202502,10,GROGOL,115,56,115,118
202502,11,GROGOL,103,51,103,112
202502,12,GROGOL,111,44,111,126
202502,13,GROGOL,117,38,117,132
202502,14,GROGOL,128,31,28,168
202502,15,GROGOL,116,39,116,142
202502,16,GROGOL,113,54,113,126
202502,17,GROGOL,119,57,119,117
202502,18,GROGOL,115,51,115,112
202502,19,GROGOL,122,46,122,128
202502,20,GROGOL,117,37,117,133
202502,21,GROGOL,124,32,124,155
202502,22,GROGOL,121,27,121,143
202502,23,GROGOL,113,33,113,119
202502,24,GROGOL,119,53,119,124
202502,25,GROGOL,125,48,125,133
202502,26,GROGOL,118,41,118,121
202502,27,GROGOL,126,34,126,136
202502,28,GROGOL,134,26,134,157
202502,1,MUARA ANGKE,5,52,5,66
202502,2,MUARA ANGKE,5,66,5,51
202502,3,MUARA ANGKE,5,49,5,54
202502,4,MUARA ANGKE,5,52,5,62
202502,5,MUARA ANGKE,5,55,5,67
202502,6,MUARA ANGKE,5,58,5,69
202502,7,MUARA ANGKE,5,48,5,67
202502,8,MUARA ANGKE,5,44,5,70
202502,9,MUARA ANGKE,5,56,5,61
202502,10,MUARA ANGKE,5,50,5,66
202502,11,MUARA ANGKE,5,54,5,68
202502,12,MUARA ANGKE,5,51,5,62
202502,13,MUARA ANGKE,5,55,5,63
202502,14,MUARA ANGKE,5,43,5,73
202502,15,MUARA ANGKE,5,40,5,66
202502,16,MUARA ANGKE,5,62,5,50
202502,17,MUARA ANGKE,5,46,5,54
202502,18,MUARA ANGKE,5,40,5,51
202502,19,MUARA ANGKE,5,46,5,62
202502,1,KAMPUNG RAMBUTAN,229,1437,69,420
202502,2,KAMPUNG RAMBUTAN,297,1890,70,441
202502,3,KAMPUNG RAMBUTAN,261,1506,44,445
202502,4,KAMPUNG RAMBUTAN,234,1359,82,387
202502,5,KAMPUNG RAMBUTAN,232,1181,82,445
202502,6,KAMPUNG RAMBUTAN,226,1130,78,532
202502,7,KAMPUNG RAMBUTAN,219,1194,93,487
202502,8,KAMPUNG RAMBUTAN,218,1402,60,389
202502,9,KAMPUNG RAMBUTAN,278,1776,58,458
202502,10,KAMPUNG RAMBUTAN,259,1631,76,328
202502,11,KAMPUNG RAMBUTAN,200,1279,65,399
202502,12,KAMPUNG RAMBUTAN,184,1102,84,432
202502,13,KAMPUNG RAMBUTAN,231,1398,80,327
202502,14,KAMPUNG RAMBUTAN,272,1498,77,462
202502,15,KAMPUNG RAMBUTAN,224,1504,98,578
202502,16,KAMPUNG RAMBUTAN,255,1802,48,240
202502,17,KAMPUNG RAMBUTAN,273,1769,47,309
202502,18,KAMPUNG RAMBUTAN,247,1493,68,398
202502,19,KAMPUNG RAMBUTAN,231,1585,72,311
202502,20,KAMPUNG RAMBUTAN,257,1581,99,399
202502,21,KAMPUNG RAMBUTAN,220,1665,102,606
202502,22,KAMPUNG RAMBUTAN,222,1466,97,802
202502,23,KAMPUNG RAMBUTAN,251,1818,75,418
202502,24,KAMPUNG RAMBUTAN,259,1530,68,463
202502,25,KAMPUNG RAMBUTAN,237,1549,65,349
202502,26,KAMPUNG RAMBUTAN,243,1335,79,443
202502,27,KAMPUNG RAMBUTAN,256,1414,74,509
202502,28,KAMPUNG RAMBUTAN,223,1526,75,486
202502,1,KALIDERES,90,613,79,715
202502,2,KALIDERES,87,638,76,687
202502,3,KALIDERES,84,695,74,656
202502,4,KALIDERES,80,659,70,632
202502,5,KALIDERES,77,626,67,608
202502,6,KALIDERES,81,601,71,649
202502,7,KALIDERES,88,634,77,681
202502,8,KALIDERES,93,652,82,734
202502,9,KALIDERES,90,677,78,703
202502,10,KALIDERES,87,720,76,677
202502,11,KALIDERES,83,683,73,650
202502,12,KALIDERES,80,658,70,625
202502,13,KALIDERES,84,629,74,646
202502,14,KALIDERES,89,656,78,698
202502,15,KALIDERES,94,671,83,742
202502,16,KALIDERES,90,644,79,709
202502,17,KALIDERES,87,702,76,671
202502,18,KALIDERES,84,665,74,633
202502,19,KALIDERES,80,637,70,614
202502,20,KALIDERES,83,603,73,647
202502,21,KALIDERES,88,646,77,682
202502,22,KALIDERES,93,668,82,735
202502,23,KALIDERES,89,689,78,698
202502,24,KALIDERES,85,721,74,669
202502,25,KALIDERES,83,696,73,635
202502,26,KALIDERES,80,664,70,606
202502,27,KALIDERES,84,632,74,643
202502,28,KALIDERES,89,617,78,680
202502,1,TANJUNG PRIOK,81,386,71,425
202502,2,TANJUNG PRIOK,83,451,73,474
202502,3,TANJUNG PRIOK,70,361,60,329
202502,4,TANJUNG PRIOK,75,285,65,346
202502,5,TANJUNG PRIOK,77,319,67,439
202501,6,MANGGARAI,36,4862,36,13092
202501,7,MANGGARAI,36,4782,36,13158
202501,8,MANGGARAI,36,4964,36,13043
202501,9,MANGGARAI,36,4863,36,13301
202501,10,MANGGARAI,36,4693,36,13160
202501,11,MANGGARAI,24,2885,24,9914
202501,12,MANGGARAI,24,2764,24,9930
202501,13,MANGGARAI,36,4853,36,13077
202501,14,MANGGARAI,36,4972,36,13217
202501,15,MANGGARAI,36,4792,36,13010
202501,16,MANGGARAI,36,4926,36,13102
202501,17,MANGGARAI,36,4862,36,12955
202501,18,MANGGARAI,24,2864,24,9907
202501,19,MANGGARAI,24,2943,24,9810
202501,20,MANGGARAI,36,4863,36,13031
202501,21,MANGGARAI,36,4962,36,13157
202501,22,MANGGARAI,36,4762,36,12995
202501,23,MANGGARAI,36,4886,36,13170
202501,24,MANGGARAI,36,4753,36,13036
202501,25,MANGGARAI,36,4862,36,13065
202501,26,MANGGARAI,36,4835,36,13158
202501,27,MANGGARAI,24,2745,24,9810
202501,28,MANGGARAI,24,2857,24,9734
202501,29,MANGGARAI,24,2767,24,9903
202501,30,MANGGARAI,36,4762,36,13177
202501,31,MANGGARAI,36,4773,36,13024
202501,1,PULOGADUNG,216,1864,216,1968
202501,2,PULOGADUNG,220,1928,220,2008
202501,3,PULOGADUNG,224,1998,224,2075
202501,4,PULOGADUNG,262,2011,262,2089
202501,5,PULOGADUNG,249,1936,249,2004
202501,6,PULOGADUNG,209,1921,242,1985
202501,7,PULOGADUNG,215,1920,238,1931
202501,8,PULOGADUNG,223,1898,221,1960
202501,9,PULOGADUNG,229,1960,233,1977
202501,10,PULOGADUNG,233,1922,241,2008
202501,11,PULOGADUNG,231,1978,238,2012
202501,12,PULOGADUNG,231,1931,241,1950
202501,13,PULOGADUNG,224,1910,234,1914
202501,14,PULOGADUNG,239,1894,236,2000
202501,15,PULOGADUNG,237,1922,236,1999
202501,16,PULOGADUNG,226,1715,241,1934
202501,17,PULOGADUNG,214,1688,245,1973
202501,18,PULOGADUNG,218,1931,239,2043
202501,19,PULOGADUNG,219,1623,242,1974
202501,20,PULOGADUNG,217,1502,228,1964
202501,21,PULOGADUNG,228,1704,239,1900
202501,22,PULOGADUNG,219,1949,220,2041
202501,23,PULOGADUNG,227,1856,233,2062
202501,24,PULOGADUNG,236,1923,236,1974
202501,25,PULOGADUNG,231,1918,241,1970
202501,26,PULOGADUNG,227,1867,237,1994
202501,27,PULOGADUNG,233,1925,239,2002
202501,28,PULOGADUNG,227,1934,241,1988
202501,29,PULOGADUNG,216,1683,247,1994
202501,30,PULOGADUNG,224,1888,241,2016
202501,31,PULOGADUNG,230,1775,235,1984
202501,1,KAMPUNG RAMBUTAN,220,2598,92,834
202501,2,KAMPUNG RAMBUTAN,372,3282,81,693
202501,3,KAMPUNG RAMBUTAN,394,3799,125,901
202501,4,KAMPUNG RAMBUTAN,397,4812,145,1117
202501,5,KAMPUNG RAMBUTAN,345,4709,137,980
202501,6,KAMPUNG RAMBUTAN,300,3757,72,522
202501,7,KAMPUNG RAMBUTAN,236,1865,79,517
202501,8,KAMPUNG RAMBUTAN,285,2026,63,457
202501,9,KAMPUNG RAMBUTAN,208,1778,84,396
202501,10,KAMPUNG RAMBUTAN,212,1735,58,358
202501,11,KAMPUNG RAMBUTAN,195,1809,85,411
202501,12,KAMPUNG RAMBUTAN,228,1890,84,530
202501,13,KAMPUNG RAMBUTAN,215,1497,85,607
202501,14,KAMPUNG RAMBUTAN,188,1138,91,368
202501,15,KAMPUNG RAMBUTAN,218,1322,51,274
202501,16,KAMPUNG RAMBUTAN,194,1225,66,380
202501,17,KAMPUNG RAMBUTAN,217,1261,60,373
202501,18,KAMPUNG RAMBUTAN,187,1328,68,368
202501,19,KAMPUNG RAMBUTAN,209,1329,69,292
202501,20,KAMPUNG RAMBUTAN,206,1675,80,351
202501,21,KAMPUNG RAMBUTAN,178,1183,65,255
202501,22,KAMPUNG RAMBUTAN,232,1221,83,419
202501,23,KAMPUNG RAMBUTAN,263,1535,55,355
202501,24,KAMPUNG RAMBUTAN,277,1499,79,838
202501,25,KAMPUNG RAMBUTAN,264,1673,121,1310
202501,26,KAMPUNG RAMBUTAN,320,1877,87,869
202501,27,KAMPUNG RAMBUTAN,253,1810,94,540
202501,28,KAMPUNG RAMBUTAN,245,1916,90,456
202501,29,KAMPUNG RAMBUTAN,280,2219,98,538
202501,30,KAMPUNG RAMBUTAN,288,1814,101,730
202501,31,KAMPUNG RAMBUTAN,240,1694,74,388
202501,1,KALIDERES,79,521,68,613
202501,2,KALIDERES,96,816,77,685
202501,3,KALIDERES,109,981,83,748
202501,4,KALIDERES,125,1342,92,879
202501,5,KALIDERES,148,1924,85,791
202501,6,KALIDERES,131,1453,80,727
202501,7,KALIDERES,107,928,77,684
202501,8,KALIDERES,89,695,74,642
202501,9,KALIDERES,82,657,70,616
202501,10,KALIDERES,88,629,77,671
202501,11,KALIDERES,94,642,83,723
202501,12,KALIDERES,90,666,79,685
202501,13,KALIDERES,85,711,75,658
202501,14,KALIDERES,82,674,72,629
202501,15,KALIDERES,78,649,68,607
202501,16,KALIDERES,83,613,73,634
202501,17,KALIDERES,89,632,78,675
202501,18,KALIDERES,94,651,82,732
202501,19,KALIDERES,91,675,78,690
202501,20,KALIDERES,87,717,75,651
202501,21,KALIDERES,84,686,73,639
202501,22,KALIDERES,80,658,70,616
202501,23,KALIDERES,77,620,67,643
202501,24,KALIDERES,93,604,81,928
202501,25,KALIDERES,111,639,99,1237
202501,26,KALIDERES,97,673,86,885
202501,27,KALIDERES,89,731,79,692
202501,28,KALIDERES,85,784,75,661
202501,29,KALIDERES,82,715,72,634
202501,30,KALIDERES,79,682,69,609
202501,31,KALIDERES,84,647,74,653
202501,1,TANJUNG PRIOK,65,374,58,461
202501,2,TANJUNG PRIOK,70,542,63,432
202501,3,TANJUNG PRIOK,81,715,72,553
202501,4,TANJUNG PRIOK,86,983,76,581
202501,5,TANJUNG PRIOK,93,1128,83,503
202501,6,TANJUNG PRIOK,80,939,70,418
202501,7,TANJUNG PRIOK,72,652,62,316
202501,8,TANJUNG PRIOK,70,472,60,263
202501,9,TANJUNG PRIOK,75,498,67,341
202501,10,TANJUNG PRIOK,80,513,71,438
202501,11,TANJUNG PRIOK,82,362,72,475
202501,12,TANJUNG PRIOK,84,462,74,315
202501,13,TANJUNG PRIOK,72,351,62,294
202501,14,TANJUNG PRIOK,71,283,61,262
202501,15,TANJUNG PRIOK,74,314,64,306
202501,16,TANJUNG PRIOK,76,293,66,328
202501,17,TANJUNG PRIOK,78,236,68,381
202501,18,TANJUNG PRIOK,82,379,72,432
202501,19,TANJUNG PRIOK,87,486,77,334
202501,20,TANJUNG PRIOK,73,415,64,298
202501,21,TANJUNG PRIOK,70,318,62,265
202501,22,TANJUNG PRIOK,73,285,63,347
202501,23,TANJUNG PRIOK,75,329,65,364
202501,24,TANJUNG PRIOK,76,438,66,761
202501,25,TANJUNG PRIOK,91,516,82,952
202501,26,TANJUNG PRIOK,85,472,73,546
202501,27,TANJUNG PRIOK,79,584,69,368
202501,28,TANJUNG PRIOK,80,672,70,314
202501,29,TANJUNG PRIOK,86,743,76,417
202501,30,TANJUNG PRIOK,74,347,64,482
202501,31,TANJUNG PRIOK,79,368,69,513
202501,1,GROGOL,101,54,101,168
202501,2,GROGOL,115,55,115,213
202501,3,GROGOL,118,89,118,189
202501,4,GROGOL,109,59,109,198
202501,5,GROGOL,119,70,119,188
202501,6,GROGOL,104,62,104,168
202501,7,GROGOL,111,47,111,176
202501,8,GROGOL,105,53,105,156
202501,9,GROGOL,112,62,112,172
202501,10,GROGOL,119,47,119,197
202501,11,GROGOL,116,53,116,181
202501,12,GROGOL,104,67,104,137
202501,13,GROGOL,114,61,114,151
202501,14,GROGOL,106,58,106,137
202501,15,GROGOL,102,48,102,122
202501,16,GROGOL,108,41,108,147
202501,17,GROGOL,117,33,117,162
202501,18,GROGOL,111,39,111,144
202501,19,GROGOL,104,42,104,118
202501,20,GROGOL,115,56,115,119
202501,21,GROGOL,106,59,106,102
202501,22,GROGOL,114,48,114,126
202501,23,GROGOL,119,41,119,119
202501,24,GROGOL,113,29,113,261
202501,25,GROGOL,124,27,124,286
202501,26,GROGOL,101,45,101,180
202501,27,GROGOL,104,67,104,154
202501,28,GROGOL,109,88,109,142
202501,29,GROGOL,104,93,104,153
202501,30,GROGOL,112,54,112,162
202501,31,GROGOL,124,42,124,183
202501,1,MUARA ANGKE,5,88,5,109
202501,2,MUARA ANGKE,5,75,5,97
202501,3,MUARA ANGKE,5,77,5,98
202501,4,MUARA ANGKE,5,75,5,111
202501,5,MUARA ANGKE,6,146,6,135
202501,6,MUARA ANGKE,5,59,5,69
202501,7,MUARA ANGKE,5,49,5,67
202501,8,MUARA ANGKE,5,51,5,62
202501,9,MUARA ANGKE,5,49,5,58
202501,10,MUARA ANGKE,5,53,5,64
202501,11,MUARA ANGKE,5,43,5,71
202501,12,MUARA ANGKE,5,53,5,62
202501,13,MUARA ANGKE,5,49,5,58
202501,14,MUARA ANGKE,5,51,5,63
202501,15,MUARA ANGKE,5,55,5,67
202501,16,MUARA ANGKE,5,49,5,60
202501,17,MUARA ANGKE,5,39,5,65
202501,18,MUARA ANGKE,5,35,5,69
202501,19,MUARA ANGKE,5,43,5,61
202501,20,MUARA ANGKE,5,39,5,52
202501,21,MUARA ANGKE,5,46,5,57
202501,22,MUARA ANGKE,5,52,5,68
202501,23,MUARA ANGKE,5,50,5,66
202501,24,MUARA ANGKE,5,54,5,81
202501,25,MUARA ANGKE,5,51,5,76
202501,26,MUARA ANGKE,5,47,5,62
202501,27,MUARA ANGKE,5,39,5,55
202501,28,MUARA ANGKE,5,42,5,50
202501,29,MUARA ANGKE,5,44,5,52
202501,30,MUARA ANGKE,5,62,5,50
202501,31,MUARA ANGKE,5,47,5,69
202501,1,LEBAK BULUS,39,166,39,559
202501,2,LEBAK BULUS,37,175,37,398
202501,3,LEBAK BULUS,39,126,39,324
202501,4,LEBAK BULUS,34,148,34,195
202501,5,LEBAK BULUS,26,10,26,356
202501,6,LEBAK BULUS,29,24,29,165
202501,7,LEBAK BULUS,31,24,31,124
202501,8,LEBAK BULUS,29,11,29,121
202501,9,LEBAK BULUS,31,15,31,127
202501,10,LEBAK BULUS,33,7,33,131
202501,11,LEBAK BULUS,35,3,35,141
202501,12,LEBAK BULUS,35,5,35,132
202501,13,LEBAK BULUS,31,0,31,121
202501,14,LEBAK BULUS,33,0,33,115
202501,15,LEBAK BULUS,35,0,35,123
202501,16,LEBAK BULUS,32,0,32,117
202501,17,LEBAK BULUS,33,0,33,125
202501,18,LEBAK BULUS,35,0,35,132
202501,19,LEBAK BULUS,35,0,35,133
202501,20,LEBAK BULUS,34,0,34,112
202501,21,LEBAK BULUS,31,0,31,111
202501,22,LEBAK BULUS,34,0,34,133
202501,23,LEBAK BULUS,32,0,32,121
202501,24,LEBAK BULUS,37,38,37,242
202501,25,LEBAK BULUS,41,0,41,466
202501,26,LEBAK BULUS,36,23,36,309
202501,27,LEBAK BULUS,30,0,30,276
202501,28,LEBAK BULUS,33,0,33,160
202501,29,LEBAK BULUS,34,10,34,132
202501,30,LEBAK BULUS,32,9,32,121
202501,31,LEBAK BULUS,33,0,33,87
202501,1,PINANGRANTI,89,154,89,150
202501,2,PINANGRANTI,99,158,99,172
202501,3,PINANGRANTI,99,158,99,167
202501,4,PINANGRANTI,99,172,99,169
202501,5,PINANGRANTI,99,179,99,176
202501,6,PINANGRANTI,99,152,99,156
202501,7,PINANGRANTI,99,134,99,152
202501,8,PINANGRANTI,99,125,99,148
202501,9,PINANGRANTI,99,142,99,143
202501,10,PINANGRANTI,99,135,99,146
202501,11,PINANGRANTI,89,129,89,134
202501,12,PINANGRANTI,89,127,89,136
202501,13,PINANGRANTI,99,132,99,145
202501,14,PINANGRANTI,99,139,99,153
202501,15,PINANGRANTI,99,122,99,154
202501,16,PINANGRANTI,99,158,99,163
202501,17,PINANGRANTI,99,167,99,174
202501,18,PINANGRANTI,99,155,99,188
202501,19,PINANGRANTI,99,156,99,188
202501,20,PINANGRANTI,99,148,99,163
202501,21,PINANGRANTI,99,162,99,171
202501,22,PINANGRANTI,99,143,99,153
202501,23,PINANGRANTI,99,160,99,179
202501,24,PINANGRANTI,99,169,99,178
202501,25,PINANGRANTI,99,133,99,147
202501,26,PINANGRANTI,89,129,89,132
202501,27,PINANGRANTI,99,139,99,156
202501,28,PINANGRANTI,99,144,99,161
202501,29,PINANGRANTI,99,151,99,172
202501,30,PINANGRANTI,99,144,99,154
202501,31,PINANGRANTI,99,172,99,169
202501,1,RAWAMANGUN,44,264,44,295
202501,2,RAWAMANGUN,45,268,45,305
202501,3,RAWAMANGUN,44,265,44,300
202501,4,RAWAMANGUN,45,256,45,302
202501,5,RAWAMANGUN,42,232,42,239
202501,6,RAWAMANGUN,43,303,43,303
202501,7,RAWAMANGUN,46,348,46,334
202501,8,RAWAMANGUN,48,340,48,349
202501,9,RAWAMANGUN,48,358,48,339
202501,10,RAWAMANGUN,45,350,45,318
202501,11,RAWAMANGUN,43,290,43,295
202501,12,RAWAMANGUN,43,297,43,292
202501,13,RAWAMANGUN,45,334,45,331
202501,14,RAWAMANGUN,45,350,45,327
202501,15,RAWAMANGUN,45,359,45,350
202501,16,RAWAMANGUN,45,361,45,366
202501,17,RAWAMANGUN,45,317,45,315
202501,18,RAWAMANGUN,42,316,42,314
202501,19,RAWAMANGUN,44,321,44,321
202501,20,RAWAMANGUN,44,347,44,345
202501,21,RAWAMANGUN,44,343,44,347
202501,22,RAWAMANGUN,46,355,46,324
202501,23,RAWAMANGUN,45,344,45,315
202501,24,RAWAMANGUN,45,350,45,345
202501,25,RAWAMANGUN,42,296,42,289
202501,26,RAWAMANGUN,42,295,42,287
202501,27,RAWAMANGUN,42,293,42,297
202501,28,RAWAMANGUN,43,312,43,328
202501,29,RAWAMANGUN,43,329,43,335
202501,30,RAWAMANGUN,44,329,44,329
202501,31,RAWAMANGUN,43,350,43,332
202502,6,TANJUNG PRIOK,79,294,69,487
202502,7,TANJUNG PRIOK,80,375,70,492
202502,8,TANJUNG PRIOK,82,489,72,496
202502,9,TANJUNG PRIOK,85,516,75,323
202502,10,TANJUNG PRIOK,73,328,63,311
202502,11,TANJUNG PRIOK,71,279,61,305
202502,17,KAMPUNG MELAYU,511,6552,511,7787
202502,18,KAMPUNG MELAYU,330,4308,330,3355
202502,19,KAMPUNG MELAYU,374,7041,374,6601
202502,20,KAMPUNG MELAYU,385,6353,385,6885
202502,21,KAMPUNG MELAYU,427,5484,427,7990
202502,22,KAMPUNG MELAYU,264,2970,264,3228
202502,23,KAMPUNG MELAYU,389,4765,389,5122
202502,24,KAMPUNG MELAYU,516,9699,516,7374
202502,25,KAMPUNG MELAYU,355,4129,355,5730
202502,26,KAMPUNG MELAYU,286,4131,286,4635
202502,27,KAMPUNG MELAYU,440,7514,440,7142
202502,28,KAMPUNG MELAYU,419,5624,419,5517
202502,1,SENEN,191,1322,191,1664
202502,2,SENEN,188,1305,188,1708
202502,3,SENEN,242,1585,242,1750
202502,4,SENEN,239,1548,239,1779
202502,5,SENEN,241,1608,241,1776
202502,6,SENEN,238,1586,238,1759
202502,7,SENEN,191,1319,191,1667
202502,8,SENEN,188,1295,188,1671
202502,9,SENEN,188,1315,188,1697
202502,10,SENEN,242,1581,241,1752
202502,11,SENEN,240,1545,240,1775
202502,12,SENEN,240,1564,240,1767
202502,13,SENEN,239,1575,239,1757
202502,14,SENEN,238,1330,238,1685
202502,15,SENEN,191,1310,191,1692
202502,16,SENEN,188,1319,188,1695
202502,17,SENEN,242,1571,242,1744
202502,18,SENEN,241,1578,241,1770
202502,19,SENEN,239,1590,239,1749
202502,20,SENEN,239,1576,239,1756
202502,21,SENEN,238,1365,238,1765
202502,22,SENEN,191,1305,191,1812
202502,23,SENEN,188,1313,188,1790
202502,24,SENEN,242,1592,242,1759
202502,25,SENEN,241,1580,241,1758
202502,26,SENEN,239,1591,239,1760
202502,27,SENEN,239,1572,239,1756
202502,28,SENEN,238,1330,238,1685
202502,1,MANGGARAI,24,2853,24,9783
202502,2,MANGGARAI,24,2883,24,9823
202502,3,MANGGARAI,36,4872,36,13175
202502,4,MANGGARAI,36,4758,36,13101
202502,5,MANGGARAI,36,4657,36,12942
202502,6,MANGGARAI,36,4736,36,13160
202502,7,MANGGARAI,36,4872,36,13046
202502,8,MANGGARAI,24,2763,24,9871
202502,9,MANGGARAI,24,2863,24,9770
202502,10,MANGGARAI,36,4725,36,13057
202502,11,MANGGARAI,36,4965,36,13210
202502,12,MANGGARAI,36,4862,36,13048
202502,13,MANGGARAI,36,4693,36,12935
202502,14,MANGGARAI,36,4856,36,13188
202502,15,MANGGARAI,24,2853,24,9873
202502,16,MANGGARAI,24,2764,24,9785
202502,17,MANGGARAI,36,4876,36,13219
202502,18,MANGGARAI,36,4735,36,13066
202502,19,MANGGARAI,36,4896,36,13121
202502,20,MANGGARAI,36,4723,36,13195
202502,21,MANGGARAI,24,2763,24,9883
202502,22,MANGGARAI,24,2846,24,9762
202503,1,KAMPUNG RAMBUTAN,247,1247,71,453
202503,2,KAMPUNG RAMBUTAN,229,1271,76,489
202503,3,KAMPUNG RAMBUTAN,224,1156,79,349
202503,4,KAMPUNG RAMBUTAN,218,1056,36,228
202503,5,KAMPUNG RAMBUTAN,216,1075,52,269
202503,6,KAMPUNG RAMBUTAN,198,1076,43,246
202503,7,KAMPUNG RAMBUTAN,199,1088,46,263
202503,8,KAMPUNG RAMBUTAN,197,1019,73,320
202503,9,KAMPUNG RAMBUTAN,222,1630,72,295
202503,10,KAMPUNG RAMBUTAN,182,1276,63,244
202503,11,KAMPUNG RAMBUTAN,176,897,60,300
202503,12,KAMPUNG RAMBUTAN,152,812,37,217
202503,13,KAMPUNG RAMBUTAN,175,838,42,218
202503,14,KAMPUNG RAMBUTAN,156,789,58,214
202503,15,KAMPUNG RAMBUTAN,171,878,61,292
202503,16,KAMPUNG RAMBUTAN,185,912,73,380
202503,17,KAMPUNG RAMBUTAN,214,1033,75,272
202503,18,KAMPUNG RAMBUTAN,186,892,49,258
202503,19,KAMPUNG RAMBUTAN,203,823,54,348
202503,20,KAMPUNG RAMBUTAN,219,810,82,530
202503,21,KAMPUNG RAMBUTAN,225,1006,94,744
202503,22,KAMPUNG RAMBUTAN,246,1128,101,1250
202503,23,KAMPUNG RAMBUTAN,250,1024,109,1300
202503,24,KAMPUNG RAMBUTAN,223,1104,132,1240
202503,25,KAMPUNG RAMBUTAN,241,1272,143,2152
202503,26,KAMPUNG RAMBUTAN,287,1174,148,2283
202503,27,KAMPUNG RAMBUTAN,286,1600,167,2995
202503,28,KAMPUNG RAMBUTAN,297,1519,165,3324
202503,29,KAMPUNG RAMBUTAN,287,766,136,2194
202503,30,KAMPUNG RAMBUTAN,198,512,113,1261
202503,31,KAMPUNG RAMBUTAN,172,883,61,613
202503,1,KALIDERES,94,645,83,737
202503,2,KALIDERES,90,663,79,691
202503,3,KALIDERES,87,718,77,662
202503,4,KALIDERES,83,676,73,635
202503,5,KALIDERES,80,649,70,614
202503,6,KALIDERES,84,610,74,642
202503,7,KALIDERES,89,631,78,688
202503,8,KALIDERES,93,655,82,723
202503,9,KALIDERES,90,674,79,699
202503,10,KALIDERES,87,722,77,656
202503,11,KALIDERES,84,687,74,630
202503,12,KALIDERES,81,653,71,617
202503,13,KALIDERES,85,638,75,641
202503,14,KALIDERES,89,659,78,692
202503,15,KALIDERES,93,671,82,733
202503,16,KALIDERES,90,646,79,708
202503,17,KALIDERES,86,715,76,674
202503,18,KALIDERES,83,684,73,645
202503,19,KALIDERES,80,642,70,619
202503,20,KALIDERES,87,617,76,676
202503,21,KALIDERES,95,590,83,857
202503,22,KALIDERES,118,632,105,1237
202503,23,KALIDERES,134,618,121,1561
202503,24,KALIDERES,142,489,129,1702
202503,25,KALIDERES,167,444,151,2132
202503,26,KALIDERES,189,361,174,2923
202503,27,KALIDERES,224,315,209,4068
202503,28,KALIDERES,302,347,287,6115
202503,29,KALIDERES,203,373,186,3634
202503,30,KALIDERES,121,226,105,1546
202502,23,MANGGARAI,36,4885,36,13172
202502,24,MANGGARAI,36,4921,36,13126
202502,25,MANGGARAI,36,4763,36,13007
202502,26,MANGGARAI,36,4635,36,12930
202502,27,MANGGARAI,36,4625,36,12804
202502,28,MANGGARAI,36,4835,36,12921
202502,1,PULOGADUNG,229,1715,237,1960
202502,2,PULOGADUNG,232,1902,237,2064
202502,3,PULOGADUNG,238,1979,242,1951
202502,4,PULOGADUNG,228,1981,237,1991
202502,5,PULOGADUNG,238,1862,238,1991
202502,6,PULOGADUNG,215,1604,236,1966
202502,7,PULOGADUNG,228,1780,239,1924
202502,8,PULOGADUNG,219,1991,217,2050
202502,9,PULOGADUNG,232,1951,241,1934
202502,10,PULOGADUNG,219,1639,244,2001
202502,11,PULOGADUNG,215,1903,214,1969
202502,12,PULOGADUNG,221,1936,231,1955
202502,13,PULOGADUNG,235,1900,235,1981
202502,14,PULOGADUNG,232,2016,240,2044
202502,15,PULOGADUNG,217,1961,245,1966
202502,16,PULOGADUNG,243,1930,243,1978
202502,17,PULOGADUNG,257,1990,261,2028
202502,18,PULOGADUNG,244,1896,247,2004
202502,19,PULOGADUNG,237,1981,236,1973
202502,20,PULOGADUNG,214,1665,238,1977
202502,21,PULOGADUNG,233,1929,242,2008
202502,22,PULOGADUNG,234,1983,235,1986
202502,23,PULOGADUNG,237,1943,233,1984
202502,24,PULOGADUNG,243,2001,241,1957
202502,25,PULOGADUNG,228,1954,237,1943
202502,26,PULOGADUNG,238,1874,226,2001
202502,27,PULOGADUNG,241,1879,237,2029
202502,28,PULOGADUNG,232,2016,240,2044
202503,31,KALIDERES,89,128,77,611
202503,1,TANJUNG PRIOK,91,403,81,579
202503,2,TANJUNG PRIOK,94,538,84,426
202503,3,TANJUNG PRIOK,72,349,62,387
202503,4,TANJUNG PRIOK,71,313,61,341
202503,5,TANJUNG PRIOK,75,238,66,314
202503,6,TANJUNG PRIOK,77,276,68,349
202503,7,TANJUNG PRIOK,79,291,69,386
202503,8,TANJUNG PRIOK,81,316,71,424
202503,9,TANJUNG PRIOK,85,352,75,301
202503,10,TANJUNG PRIOK,68,247,60,298
202503,11,TANJUNG PRIOK,70,310,62,323
202503,12,TANJUNG PRIOK,73,339,65,411
202503,13,TANJUNG PRIOK,76,364,67,451
202503,14,TANJUNG PRIOK,80,381,70,494
202503,15,TANJUNG PRIOK,83,314,73,507
202503,16,TANJUNG PRIOK,90,481,80,379
202503,17,TANJUNG PRIOK,79,429,70,318
202503,18,TANJUNG PRIOK,75,336,66,391
202503,19,TANJUNG PRIOK,73,315,64,342
202503,20,TANJUNG PRIOK,78,342,69,442
202503,21,TANJUNG PRIOK,80,375,70,642
202503,22,TANJUNG PRIOK,83,361,73,712
202503,23,TANJUNG PRIOK,89,406,79,753
202503,24,TANJUNG PRIOK,107,611,97,1281
202503,25,TANJUNG PRIOK,110,536,101,1053
202503,26,TANJUNG PRIOK,114,569,102,1266
202503,27,TANJUNG PRIOK,104,662,95,1553
202503,28,TANJUNG PRIOK,119,750,110,1881
202503,29,TANJUNG PRIOK,79,346,70,796
202503,30,TANJUNG PRIOK,70,337,61,493
202503,31,TANJUNG PRIOK,55,149,47,327
202503,1,GROGOL,117,33,117,126
202503,2,GROGOL,108,52,108,113
202503,3,GROGOL,97,57,97,111
202503,4,GROGOL,101,62,101,117
202503,5,GROGOL,106,49,106,122
202503,6,GROGOL,102,43,102,115
202503,7,GROGOL,112,34,112,128
202503,8,GROGOL,105,29,105,112
202503,9,GROGOL,99,26,99,104
202503,10,GROGOL,91,41,91,101
202503,11,GROGOL,101,52,101,107
202503,12,GROGOL,92,57,92,87
202503,13,GROGOL,86,38,86,72
202503,14,GROGOL,97,27,97,109
202503,15,GROGOL,109,21,109,124
202503,16,GROGOL,114,32,114,136
202503,17,GROGOL,106,39,106,118
202503,18,GROGOL,101,42,101,112
202503,19,GROGOL,113,38,113,125
202503,20,GROGOL,122,32,122,146
202503,21,GROGOL,114,36,114,269
202503,22,GROGOL,122,35,122,305
202503,23,GROGOL,144,39,144,356
202503,24,GROGOL,132,42,132,275
202503,25,GROGOL,142,30,142,331
202503,26,GROGOL,160,29,160,381
202503,27,GROGOL,164,21,164,419
202503,28,GROGOL,157,9,157,374
202503,29,GROGOL,152,9,152,339
202503,30,GROGOL,118,0,118,275
202503,31,GROGOL,96,0,96,215
202503,1,MUARA ANGKE,5,44,5,69
202503,2,MUARA ANGKE,5,52,5,62
202503,3,MUARA ANGKE,5,47,5,63
202503,4,MUARA ANGKE,5,45,5,58
202503,5,MUARA ANGKE,5,49,5,61
202503,6,MUARA ANGKE,5,44,5,50
202503,7,MUARA ANGKE,5,46,5,57
202503,8,MUARA ANGKE,5,40,5,68
202503,9,MUARA ANGKE,5,39,5,71
202503,10,MUARA ANGKE,5,46,5,62
202503,11,MUARA ANGKE,5,51,5,63
202503,12,MUARA ANGKE,5,49,5,58
202503,13,MUARA ANGKE,5,54,5,67
202503,14,MUARA ANGKE,5,40,5,59
202503,15,MUARA ANGKE,5,39,5,63
202503,16,MUARA ANGKE,5,41,5,55
202503,17,MUARA ANGKE,5,51,5,63
202503,18,MUARA ANGKE,5,46,5,58
202503,19,MUARA ANGKE,5,53,5,64
202503,20,MUARA ANGKE,5,50,5,59
202503,21,MUARA ANGKE,5,49,5,57
202503,22,MUARA ANGKE,4,42,4,124
202503,23,MUARA ANGKE,4,53,4,141
202503,24,MUARA ANGKE,3,37,3,110
202503,25,MUARA ANGKE,3,30,3,129
202503,26,MUARA ANGKE,5,56,5,150
202503,27,MUARA ANGKE,5,43,5,161
202503,28,MUARA ANGKE,5,57,5,176
202502,20,MUARA ANGKE,5,48,5,65
202502,21,MUARA ANGKE,5,44,5,60
202502,22,MUARA ANGKE,5,40,5,75
202502,23,MUARA ANGKE,5,44,5,54
202502,24,MUARA ANGKE,5,48,5,61
202502,25,MUARA ANGKE,5,51,5,68
202502,26,MUARA ANGKE,5,48,5,60
202502,27,MUARA ANGKE,5,52,5,63
202502,28,MUARA ANGKE,5,41,5,84
202502,1,LEBAK BULUS,32,0,32,89
202502,2,LEBAK BULUS,33,12,33,77
202502,3,LEBAK BULUS,31,0,31,75
202502,4,LEBAK BULUS,31,0,31,69
202502,5,LEBAK BULUS,33,0,33,65
202502,6,LEBAK BULUS,32,0,32,71
202502,7,LEBAK BULUS,34,0,34,98
202502,8,LEBAK BULUS,36,0,36,112
202502,9,LEBAK BULUS,35,0,35,87
202502,10,LEBAK BULUS,33,0,33,77
202502,11,LEBAK BULUS,31,0,31,89
202502,12,LEBAK BULUS,32,0,32,91
202502,13,LEBAK BULUS,33,0,33,99
202502,14,LEBAK BULUS,32,0,32,97
202502,15,LEBAK BULUS,33,0,33,96
202502,16,LEBAK BULUS,34,0,34,101
202502,17,LEBAK BULUS,33,0,33,96
202502,18,LEBAK BULUS,31,0,31,89
202502,19,LEBAK BULUS,30,0,30,78
202502,20,LEBAK BULUS,32,0,32,83
202502,21,LEBAK BULUS,33,0,33,101
202502,22,LEBAK BULUS,35,0,35,121
202502,23,LEBAK BULUS,31,0,31,87
202502,24,LEBAK BULUS,33,0,33,89
202502,25,LEBAK BULUS,33,0,33,97
202502,26,LEBAK BULUS,31,0,31,95
202502,27,LEBAK BULUS,33,0,33,97
202502,28,LEBAK BULUS,33,0,33,107
202502,1,PINANGRANTI,89,159,89,157
202502,2,PINANGRANTI,89,139,89,159
202502,3,PINANGRANTI,99,146,99,153
202502,4,PINANGRANTI,99,134,99,166
202502,5,PINANGRANTI,99,124,99,132
202502,6,PINANGRANTI,99,161,99,161
202502,7,PINANGRANTI,99,142,99,144
202502,8,PINANGRANTI,89,121,89,132
202502,9,PINANGRANTI,89,121,89,131
202502,10,PINANGRANTI,99,145,99,167
202502,11,PINANGRANTI,99,153,99,171
202502,12,PINANGRANTI,99,165,99,184
202502,13,PINANGRANTI,99,163,99,172
202502,14,PINANGRANTI,99,156,99,180
202502,15,PINANGRANTI,89,133,89,145
202502,16,PINANGRANTI,89,134,89,151
202502,17,PINANGRANTI,99,152,99,171
202502,18,PINANGRANTI,99,163,99,182
202502,19,PINANGRANTI,99,169,99,191
202502,20,PINANGRANTI,99,173,99,191
202502,21,PINANGRANTI,99,143,99,153
202502,22,PINANGRANTI,89,132,89,149
202502,23,PINANGRANTI,89,133,89,151
202502,24,PINANGRANTI,99,154,99,179
202502,25,PINANGRANTI,99,161,99,174
202502,26,PINANGRANTI,99,158,99,166
202502,27,PINANGRANTI,99,142,99,158
202502,28,PINANGRANTI,99,146,99,152
202502,1,RAWAMANGUN,45,351,45,331
202502,2,RAWAMANGUN,46,328,46,316
202502,3,RAWAMANGUN,46,342,46,336
202502,4,RAWAMANGUN,42,329,42,322
202502,5,RAWAMANGUN,45,333,45,366
202502,6,RAWAMANGUN,45,320,45,370
202502,7,RAWAMANGUN,42,295,42,296
202502,8,RAWAMANGUN,43,322,43,328
202502,9,RAWAMANGUN,47,350,47,346
202502,10,RAWAMANGUN,43,319,43,306
202502,11,RAWAMANGUN,44,327,44,340
202502,12,RAWAMANGUN,45,349,45,356
202502,13,RAWAMANGUN,46,358,46,326
202502,14,RAWAMANGUN,44,323,44,301
202502,15,RAWAMANGUN,42,288,42,293
202502,16,RAWAMANGUN,42,306,42,315
202502,17,RAWAMANGUN,44,325,44,355
202502,18,RAWAMANGUN,46,331,46,320
202502,19,RAWAMANGUN,44,322,44,318
202502,20,RAWAMANGUN,44,343,44,332
202502,21,RAWAMANGUN,43,308,43,349
202502,22,RAWAMANGUN,43,307,43,349
202502,23,RAWAMANGUN,45,329,45,332
202502,24,RAWAMANGUN,44,319,44,315
202502,25,RAWAMANGUN,45,344,45,319
202502,26,RAWAMANGUN,45,345,45,336
202502,27,RAWAMANGUN,42,309,42,306
202502,28,RAWAMANGUN,44,323,44,301
202502,1,RAGUNAN,70,1200,70,1239
202502,2,RAGUNAN,65,1234,65,1251
202502,3,RAGUNAN,72,1267,72,1283
202502,4,RAGUNAN,73,1244,73,1252
202502,5,RAGUNAN,74,1223,74,1241
202502,6,RAGUNAN,73,1218,73,1230
202502,7,RAGUNAN,73,1196,73,1201
202502,8,RAGUNAN,67,1188,67,1184
202502,9,RAGUNAN,69,1201,69,1189
202502,10,RAGUNAN,72,1213,72,1218
202502,11,RAGUNAN,69,1177,69,1210
202502,12,RAGUNAN,71,1186,71,1193
202502,13,RAGUNAN,71,1200,71,1208
202502,14,RAGUNAN,71,1176,71,1165
202502,15,RAGUNAN,65,1175,65,1176
202502,16,RAGUNAN,64,1163,64,1197
202502,17,RAGUNAN,73,1211,73,1208
202502,18,RAGUNAN,73,1207,73,1234
202502,19,RAGUNAN,72,1207,72,1222
202502,20,RAGUNAN,71,1224,71,1224
202502,21,RAGUNAN,71,1233,71,1222
202502,22,RAGUNAN,66,1214,66,1220
202502,23,RAGUNAN,65,1225,65,1207
202502,24,RAGUNAN,71,1220,71,1230
202502,25,RAGUNAN,71,1208,71,1223
202502,26,RAGUNAN,71,1228,71,1242
202502,27,RAGUNAN,71,1230,71,1211
202502,28,RAGUNAN,71,1229,71,1241
202502,1,BLOK M,294,4705,294,4999
202502,2,BLOK M,291,3524,291,4193
202502,3,BLOK M,336,5406,336,5495
202502,4,BLOK M,336,5537,336,5614
202502,5,BLOK M,336,5587,336,5659
202502,6,BLOK M,337,5547,337,5674
202502,7,BLOK M,337,5617,337,5713
202502,8,BLOK M,285,4733,285,4966
202502,9,BLOK M,280,4398,280,4720
202502,10,BLOK M,338,5390,338,5449
202502,11,BLOK M,339,5612,339,5684
202502,12,BLOK M,336,5580,336,5595
202502,13,BLOK M,337,5527,337,5639
202502,14,BLOK M,337,5627,337,5644
202502,15,BLOK M,285,4630,285,4887
202502,16,BLOK M,280,4280,280,4747
202502,17,BLOK M,337,5330,337,5472
202502,18,BLOK M,336,5285,336,5434
202502,19,BLOK M,316,5447,316,5579
202502,20,BLOK M,327,5576,327,5606
202502,21,BLOK M,331,5686,331,5701
202502,22,BLOK M,269,4646,269,4978
202502,23,BLOK M,262,4217,262,4688
202502,24,BLOK M,333,5284,333,5422
202502,25,BLOK M,334,5457,334,5576
202502,26,BLOK M,331,5432,331,5562
202502,27,BLOK M,327,5460,327,5574
202502,28,BLOK M,326,5432,326,5538
202502,1,CILILITAN,196,19257,196,22769
202502,2,CILILITAN,196,16411,196,21517
202502,3,CILILITAN,235,24857,235,30756
202502,4,CILILITAN,235,26329,235,29647
202502,5,CILILITAN,235,26746,235,30658
202502,6,CILILITAN,235,26130,235,29561
202502,7,CILILITAN,235,25843,235,29788
202502,8,CILILITAN,196,17454,196,22631
202502,9,CILILITAN,196,16330,196,19887
202502,10,CILILITAN,225,25625,225,31312
202502,11,CILILITAN,235,26392,235,31591
202502,12,CILILITAN,235,26830,235,31420
202502,13,CILILITAN,235,27534,235,32109
202502,14,CILILITAN,235,27057,235,31650
202502,15,CILILITAN,196,19681,196,23143
202502,16,CILILITAN,196,17739,196,19293
202502,17,CILILITAN,235,25795,235,28448
202502,18,CILILITAN,235,26637,235,29402
202502,19,CILILITAN,235,27091,235,29884
202502,20,CILILITAN,235,26467,235,30080
202502,21,CILILITAN,235,26492,235,30816
202502,22,CILILITAN,196,19030,196,23608
202502,23,CILILITAN,196,16930,196,21729
202502,24,CILILITAN,235,25508,235,30128
202502,25,CILILITAN,235,27724,235,29946
202502,26,CILILITAN,235,27877,235,29271
202502,27,CILILITAN,235,25765,235,31135
202502,28,CILILITAN,195,24083,195,28267
202502,1,KLENDER,137,280,138,290
202502,2,KLENDER,135,282,137,291
202502,3,KLENDER,138,284,143,296
202502,4,KLENDER,136,302,139,309
202502,5,KLENDER,138,296,143,306
202502,6,KLENDER,136,290,140,299
202502,7,KLENDER,136,302,139,310
202502,8,KLENDER,135,280,135,291
202502,9,KLENDER,135,280,136,299
202502,10,KLENDER,139,300,142,321
202502,11,KLENDER,137,288,138,310
202502,12,KLENDER,136,291,140,299
202502,13,KLENDER,139,297,142,306
202502,14,KLENDER,137,292,140,301
202502,15,KLENDER,137,280,140,295
202502,16,KLENDER,135,282,137,291
202502,17,KLENDER,138,286,140,305
202502,18,KLENDER,136,290,140,313
202502,19,KLENDER,136,291,139,304
202502,20,KLENDER,139,287,141,296
202502,21,KLENDER,139,298,142,307
202502,22,KLENDER,136,289,139,304
202502,23,KLENDER,135,290,135,303
202502,24,KLENDER,138,300,141,309
202502,25,KLENDER,138,295,143,307
202502,26,KLENDER,139,297,142,306
202502,27,KLENDER,138,293,140,305
202502,28,KLENDER,137,292,140,301
202502,1,PASAR MINGGU,107,230,107,239
202502,2,PASAR MINGGU,109,241,109,249
202502,3,PASAR MINGGU,105,227,105,240
202502,4,PASAR MINGGU,111,232,111,243
202502,5,PASAR MINGGU,111,230,111,242
202502,6,PASAR MINGGU,108,234,109,249
202502,7,PASAR MINGGU,109,230,109,243
202502,8,PASAR MINGGU,108,225,108,239
202502,9,PASAR MINGGU,111,234,111,248
202502,10,PASAR MINGGU,106,217,106,238
202502,11,PASAR MINGGU,114,232,114,248
202502,12,PASAR MINGGU,108,234,108,245
202502,13,PASAR MINGGU,112,233,112,247
202502,14,PASAR MINGGU,109,231,109,252
202502,15,PASAR MINGGU,109,236,109,248
202502,16,PASAR MINGGU,107,231,107,243
202502,17,PASAR MINGGU,115,241,115,251
202502,18,PASAR MINGGU,111,239,111,246
202502,19,PASAR MINGGU,110,243,110,247
202502,20,PASAR MINGGU,106,231,106,241
202502,21,PASAR MINGGU,110,240,110,251
202502,22,PASAR MINGGU,111,239,111,250
202502,23,PASAR MINGGU,110,242,110,250
202502,24,PASAR MINGGU,109,231,109,240
202502,25,PASAR MINGGU,106,229,106,240
202502,26,PASAR MINGGU,110,234,110,246
202502,27,PASAR MINGGU,105,229,105,240
202502,28,PASAR MINGGU,112,245,112,255
202502,1,KAMPUNG MELAYU,271,3060,271,4162
202502,2,KAMPUNG MELAYU,290,3703,290,3177
202502,3,KAMPUNG MELAYU,375,5443,190,6034
202502,4,KAMPUNG MELAYU,440,6126,440,6230
202502,5,KAMPUNG MELAYU,423,6299,423,5812
202502,6,KAMPUNG MELAYU,380,6011,380,6874
202502,7,KAMPUNG MELAYU,340,4799,340,4690
202502,8,KAMPUNG MELAYU,306,2096,306,2085
202502,9,KAMPUNG MELAYU,281,2720,275,2761
202502,10,KAMPUNG MELAYU,457,5229,457,8408
202502,11,KAMPUNG MELAYU,366,3035,366,6201
202502,12,KAMPUNG MELAYU,456,6362,456,7628
202502,13,KAMPUNG MELAYU,436,5720,436,7038
202502,14,KAMPUNG MELAYU,429,7076,429,7823
202502,15,KAMPUNG MELAYU,448,3094,448,5160
202502,16,KAMPUNG MELAYU,291,2711,291,2404
202506,1,TANJUNG PRIOK,80,352,71,207
202506,2,TANJUNG PRIOK,73,219,61,246
202506,3,TANJUNG PRIOK,79,274,71,416
202506,4,TANJUNG PRIOK,83,278,75,639
202506,5,TANJUNG PRIOK,103,482,95,1348
202506,6,TANJUNG PRIOK,82,296,74,324
202506,7,TANJUNG PRIOK,85,552,76,281
202506,8,TANJUNG PRIOK,89,735,80,231
202506,9,TANJUNG PRIOK,82,516,74,227
202506,10,TANJUNG PRIOK,71,249,63,289
202506,11,TANJUNG PRIOK,74,262,66,312
202506,12,TANJUNG PRIOK,76,317,68,384
202506,13,TANJUNG PRIOK,78,281,70,392
202506,14,TANJUNG PRIOK,80,220,72,318
202506,15,TANJUNG PRIOK,84,405,74,293
202506,16,TANJUNG PRIOK,78,351,69,262
202506,17,TANJUNG PRIOK,76,342,67,235
202506,18,TANJUNG PRIOK,80,267,71,369
202506,19,TANJUNG PRIOK,83,267,71,369
202506,20,TANJUNG PRIOK,88,337,79,476
202506,21,TANJUNG PRIOK,90,382,82,526
202506,22,TANJUNG PRIOK,92,532,83,329
202506,23,TANJUNG PRIOK,81,317,72,391
202506,24,TANJUNG PRIOK,78,241,69,410
202506,25,TANJUNG PRIOK,79,289,70,437
202506,26,TANJUNG PRIOK,92,452,84,1159
202506,27,TANJUNG PRIOK,83,326,74,539
202506,28,TANJUNG PRIOK,80,303,72,417
202506,29,TANJUNG PRIOK,86,537,77,286
202506,30,TANJUNG PRIOK,77,512,68,291
202506,1,GROGOL,111,43,111,126
202506,2,GROGOL,117,52,117,113
202506,3,GROGOL,103,47,103,119
202506,4,GROGOL,115,34,115,158
202506,5,GROGOL,131,24,131,309
202506,6,GROGOL,104,19,104,134
202506,7,GROGOL,108,42,108,119
202506,8,GROGOL,97,47,97,101
202506,9,GROGOL,111,53,111,97
202506,10,GROGOL,103,44,103,93
202506,11,GROGOL,112,48,112,106
202506,12,GROGOL,107,37,107,119
202506,13,GROGOL,117,31,117,136
202506,14,GROGOL,113,28,113,124
202506,15,GROGOL,106,36,106,117
202506,16,GROGOL,115,52,115,108
202506,17,GROGOL,102,44,102,98
202506,18,GROGOL,114,37,114,105
202506,19,GROGOL,109,34,109,121
202506,20,GROGOL,119,25,119,152
202506,21,GROGOL,115,29,115,133
202506,22,GROGOL,108,37,108,117
202506,23,GROGOL,114,46,114,125
202506,24,GROGOL,104,38,104,116
202506,25,GROGOL,116,33,116,136
202506,26,GROGOL,133,26,133,268
202506,27,GROGOL,119,21,119,162
202506,28,GROGOL,107,29,107,137
202506,29,GROGOL,101,34,101,119
202506,30,GROGOL,115,73,115,108
202506,1,MUARA ANGKE,5,58,5,50
202506,2,MUARA ANGKE,5,49,5,53
202604,24,BLOK M,441,40886,441,54470
202604,25,BLOK M,332,33440,332,44546
202604,26,BLOK M,326,33248,326,44276
202604,27,BLOK M,437,40791,437,54340
202604,28,BLOK M,443,40871,443,54447
202604,29,BLOK M,442,40960,442,54544
202604,30,BLOK M,447,40898,447,54484
202604,1,CILILITAN,236,11142,236,11729
202604,2,CILILITAN,236,12298,236,10405
202604,3,CILILITAN,194,10057,194,9659
202604,4,CILILITAN,194,9318,194,9954
202604,5,CILILITAN,194,9482,194,10200
202604,6,CILILITAN,236,8880,236,9768
202604,7,CILILITAN,236,11122,236,11429
202604,8,CILILITAN,236,11636,236,10602
202604,9,CILILITAN,236,11967,236,10830
202604,10,CILILITAN,236,11504,236,10559
202604,11,CILILITAN,207,11554,207,12256
202604,12,CILILITAN,194,10046,194,10001
202604,13,CILILITAN,236,11610,236,11451
202604,14,CILILITAN,236,12533,236,10717
202604,15,CILILITAN,236,11725,236,10765
202604,16,CILILITAN,235,12134,235,10589
202604,17,CILILITAN,223,11370,223,9956
202604,18,CILILITAN,194,7653,194,8230
202604,19,CILILITAN,235,12113,235,11774
202604,20,CILILITAN,235,11535,235,11653
202604,21,CILILITAN,235,11226,235,11500
202604,22,CILILITAN,235,10665,235,10846
202604,23,CILILITAN,235,11820,235,11316
202604,24,CILILITAN,194,11374,194,9826
202604,25,CILILITAN,194,9765,194,8272
202604,26,CILILITAN,205,10479,205,10616
202604,27,CILILITAN,234,11371,234,10521
202604,28,CILILITAN,234,13194,234,11779
202604,29,CILILITAN,234,11412,234,11412
202604,30,CILILITAN,447,40898,447,54484
202604,1,KLENDER,739,1159,679,1083
202604,2,KLENDER,683,1241,654,960
202604,3,KLENDER,698,1228,685,1148
202604,4,KLENDER,533,1038,518,924
202604,5,KLENDER,502,995,538,999
202604,6,KLENDER,687,1212,664,1092
202604,7,KLENDER,1091,3760,1022,2728
202604,8,KLENDER,703,1162,649,760
202604,9,KLENDER,648,1200,610,1077
202604,10,KLENDER,663,1301,649,980
202604,11,KLENDER,704,1318,685,1142
202604,12,KLENDER,543,1082,513,980
202604,13,KLENDER,639,1074,601,910
202604,14,KLENDER,725,1298,658,990
202604,15,KLENDER,634,1290,597,1148
202604,16,KLENDER,718,1128,668,1105
202604,17,KLENDER,620,986,573,922
202604,18,KLENDER,692,1312,659,1122
202604,19,KLENDER,892,1312,747,1322
202604,20,KLENDER,608,1175,581,1116
202604,21,KLENDER,583,1008,557,963
202604,22,KLENDER,662,1206,624,1147
202604,23,KLENDER,611,1070,555,1028
202604,24,KLENDER,651,1227,628,1089
202604,25,KLENDER,573,989,534,947
202604,26,KLENDER,781,1147,678,996
202604,27,KLENDER,683,1137,684,880
202604,28,KLENDER,610,1126,547,1032
202604,29,KLENDER,636,1140,599,1097
202604,30,KLENDER,683,1254,651,1200
202506,6,PINANGRANTI,99,262,99,272
202506,7,PINANGRANTI,89,292,89,309
202506,8,PINANGRANTI,89,274,89,290
202506,9,PINANGRANTI,99,276,99,288
202506,10,PINANGRANTI,99,270,99,279
202506,11,PINANGRANTI,99,263,99,271
202506,12,PINANGRANTI,99,275,99,293
202506,13,PINANGRANTI,99,285,99,300
202506,14,PINANGRANTI,89,277,89,287
202506,15,PINANGRANTI,89,286,89,310
202506,16,PINANGRANTI,99,293,99,322
202506,17,PINANGRANTI,99,285,99,308
202506,18,PINANGRANTI,99,286,99,307
202506,19,PINANGRANTI,99,297,99,315
202506,20,PINANGRANTI,99,300,99,323
202506,21,PINANGRANTI,89,303,89,319
202506,22,PINANGRANTI,89,281,89,296
202506,23,PINANGRANTI,99,291,99,313
202506,24,PINANGRANTI,99,285,99,316
202506,25,PINANGRANTI,99,280,99,308
202506,26,PINANGRANTI,99,285,99,299
202506,27,PINANGRANTI,99,290,99,307
202506,28,PINANGRANTI,89,291,89,291
202506,29,PINANGRANTI,89,287,89,297
202506,30,PINANGRANTI,99,285,99,296
202506,1,RAWAMANGUN,44,313,44,311
202506,2,RAWAMANGUN,45,334,45,347
202506,3,RAWAMANGUN,47,353,47,357
202506,4,RAWAMANGUN,47,354,47,343
202506,5,RAWAMANGUN,44,317,44,297
202506,6,RAWAMANGUN,42,318,42,306
202506,7,RAWAMANGUN,45,349,45,345
202506,8,RAWAMANGUN,42,326,42,342
202506,9,RAWAMANGUN,43,306,43,340
202506,10,RAWAMANGUN,43,307,43,292
202506,11,RAWAMANGUN,42,331,42,341
202506,12,RAWAMANGUN,47,349,47,303
202506,13,RAWAMANGUN,44,324,44,294
202506,14,RAWAMANGUN,43,317,43,289
202506,15,RAWAMANGUN,43,343,43,339
202506,16,RAWAMANGUN,47,366,47,394
202506,17,RAWAMANGUN,44,337,44,348
202506,18,RAWAMANGUN,44,365,44,341
202506,19,RAWAMANGUN,43,323,43,323
202506,20,RAWAMANGUN,44,343,44,344
202506,21,RAWAMANGUN,46,328,46,324
202506,22,RAWAMANGUN,43,337,43,307
202506,23,RAWAMANGUN,44,324,44,288
202506,24,RAWAMANGUN,42,317,42,302
202506,25,RAWAMANGUN,43,328,43,303
202506,26,RAWAMANGUN,44,317,44,350
202506,27,RAWAMANGUN,44,323,44,329
202506,28,RAWAMANGUN,43,316,43,308
202506,29,RAWAMANGUN,42,327,42,337
202506,30,RAWAMANGUN,45,327,45,305
202506,1,RAGUNAN,60,1148,60,1170
202506,2,RAGUNAN,65,1157,65,1160
202506,3,RAGUNAN,65,1143,65,1159
202506,4,RAGUNAN,65,1179,65,1193
202506,5,RAGUNAN,65,1156,65,1145
202506,6,RAGUNAN,63,1160,63,1215
202506,7,RAGUNAN,61,1157,61,1202
202510,29,KAMPUNG MELAYU,350,4193,350,5413
202510,30,KAMPUNG MELAYU,354,6713,354,8464
202510,31,KAMPUNG MELAYU,452,5879,452,6039
202510,1,SENEN,240,1528,240,1923
202510,2,SENEN,237,1307,237,1816
202510,3,SENEN,237,1332,237,1826
202510,4,SENEN,191,1308,191,1708
202510,5,SENEN,188,1321,188,1801
202510,6,SENEN,242,1602,242,1780
202510,7,SENEN,242,1564,242,1788
202510,8,SENEN,240,1541,240,1916
202510,9,SENEN,237,1316,237,1812
202510,10,SENEN,236,1334,236,1812
202510,11,SENEN,191,1317,191,1702
202510,12,SENEN,188,1335,188,1811
202510,13,SENEN,242,1610,242,1786
202510,14,SENEN,242,1584,242,1783
202510,15,SENEN,240,1529,240,1902
202510,16,SENEN,237,1324,237,1825
202510,17,SENEN,236,1321,236,1821
202510,18,SENEN,191,1323,191,1699
202510,19,SENEN,188,1323,188,1810
202510,20,SENEN,242,1613,242,1795
202510,21,SENEN,242,1579,242,1792
202510,22,SENEN,240,1526,240,1906
202510,23,SENEN,237,1326,237,1806
202510,24,SENEN,236,1328,236,1815
202510,25,SENEN,191,1315,191,1707
202510,26,SENEN,188,1332,188,1811
202510,27,SENEN,242,1601,242,1776
202510,28,SENEN,242,1580,242,1784
202510,29,SENEN,240,1530,240,1908
202510,30,SENEN,237,1324,237,1806
202510,31,SENEN,192,1333,192,1706
202510,1,MANGGARAI,36,4722,36,11165
202510,2,MANGGARAI,36,4511,36,11043
202510,3,MANGGARAI,36,4422,36,10940
202510,4,MANGGARAI,24,3200,24,9979
202510,5,MANGGARAI,24,3700,24,10140
202510,6,MANGGARAI,36,4102,36,11284
202510,7,MANGGARAI,36,4250,36,11306
202510,8,MANGGARAI,36,4230,36,11190
202510,9,MANGGARAI,36,4270,36,11204
202510,10,MANGGARAI,36,4220,36,11160
202510,11,MANGGARAI,24,2922,24,9978
202510,12,MANGGARAI,24,2911,24,9965
202510,13,MANGGARAI,36,4565,36,10817
202510,14,MANGGARAI,36,4662,36,10870
202510,15,MANGGARAI,36,4656,36,11082
202510,16,MANGGARAI,36,4676,36,11096
202510,17,MANGGARAI,36,4766,36,11100
202510,18,MANGGARAI,24,3300,24,9940
202510,19,MANGGARAI,24,3321,24,9831
202510,20,MANGGARAI,36,4567,36,10785
202510,21,MANGGARAI,36,4655,36,11151
202510,22,MANGGARAI,36,4744,36,11164
202510,23,MANGGARAI,36,4734,36,11131
202510,24,MANGGARAI,36,4823,36,11132
202510,25,MANGGARAI,24,4565,24,10069
202510,26,MANGGARAI,24,4666,24,10097
202510,27,MANGGARAI,36,4654,36,10104
202510,28,MANGGARAI,36,4567,36,10165
202603,18,PULOGADUNG,225,1995,223,1997
202603,19,PULOGADUNG,222,1894,222,1900
202603,20,PULOGADUNG,215,1802,214,1837
202603,21,PULOGADUNG,215,1845,214,1823
202603,22,PULOGADUNG,220,1847,217,1859
202603,23,PULOGADUNG,221,1934,219,1922
202603,24,PULOGADUNG,223,1970,221,1965
202603,25,PULOGADUNG,219,1866,219,1876
202603,26,PULOGADUNG,224,1981,223,1981
202603,27,PULOGADUNG,227,1766,237,1933
202603,28,PULOGADUNG,226,1956,224,1929
202603,29,PULOGADUNG,222,1984,220,1989
202603,30,PULOGADUNG,216,1847,217,1837
202603,31,PULOGADUNG,227,1999,224,1943
202603,10,MUARA ANGKE,3,82,3,105
202603,11,MUARA ANGKE,4,40,4,132
202603,12,MUARA ANGKE,4,28,4,162
202603,13,MUARA ANGKE,3,67,3,102
202603,14,MUARA ANGKE,4,57,4,99
202603,15,MUARA ANGKE,5,44,5,156
202603,16,MUARA ANGKE,5,40,5,169
202603,17,MUARA ANGKE,4,26,4,143
202603,18,MUARA ANGKE,5,28,5,167
202603,19,MUARA ANGKE,4,36,4,138
202603,20,MUARA ANGKE,4,31,4,37
202603,21,MUARA ANGKE,0,0,0,0
202603,22,MUARA ANGKE,3,68,3,52
202603,23,MUARA ANGKE,3,42,3,94
202603,24,MUARA ANGKE,5,30,5,55
202603,25,MUARA ANGKE,3,90,3,42
202603,26,MUARA ANGKE,2,20,2,15
202603,27,MUARA ANGKE,5,112,5,90
202603,28,MUARA ANGKE,5,83,5,44
202603,29,MUARA ANGKE,4,156,4,38
202603,30,MUARA ANGKE,4,101,4,57
202603,31,MUARA ANGKE,5,160,5,72
202603,1,LEBAK BULUS,14,0,14,54
202603,2,LEBAK BULUS,17,0,17,51
202603,3,LEBAK BULUS,13,0,13,55
202603,4,LEBAK BULUS,16,0,16,57
202603,5,LEBAK BULUS,17,0,17,95
202603,6,LEBAK BULUS,12,0,12,63
202603,7,LEBAK BULUS,18,0,18,61
202603,8,LEBAK BULUS,19,0,19,79
202603,9,LEBAK BULUS,20,0,20,60
202603,10,LEBAK BULUS,32,0,32,127
202603,11,LEBAK BULUS,23,0,23,78
202603,12,LEBAK BULUS,27,0,27,240
202603,13,LEBAK BULUS,25,0,25,246
202603,14,LEBAK BULUS,29,0,29,251
202603,15,LEBAK BULUS,21,0,21,166
202603,16,LEBAK BULUS,29,0,29,240
202603,17,LEBAK BULUS,40,37,40,369
202603,18,LEBAK BULUS,31,16,31,214
202603,19,LEBAK BULUS,51,97,51,1210
202603,20,LEBAK BULUS,32,32,32,602
202603,21,LEBAK BULUS,21,47,21,327
202603,22,LEBAK BULUS,25,104,25,339
202603,23,LEBAK BULUS,39,110,39,345
202603,24,LEBAK BULUS,36,116,36,236
202603,25,LEBAK BULUS,45,585,45,328
202603,26,LEBAK BULUS,42,427,44,375
202604,1,PASAR MINGGU,110,277,110,287
202604,2,PASAR MINGGU,113,282,113,283
202604,3,PASAR MINGGU,108,270,108,272
202604,4,PASAR MINGGU,110,282,110,283
202604,5,PASAR MINGGU,108,270,110,275
202604,6,PASAR MINGGU,113,285,113,291
202604,7,PASAR MINGGU,109,267,109,272
202604,8,PASAR MINGGU,110,278,110,283
202604,9,PASAR MINGGU,110,265,110,270
202604,10,PASAR MINGGU,108,267,108,271
202604,11,PASAR MINGGU,110,270,110,274
202604,12,PASAR MINGGU,108,263,108,269
202604,13,PASAR MINGGU,113,273,113,287
202604,14,PASAR MINGGU,111,264,111,269
202604,15,PASAR MINGGU,111,272,111,279
202604,16,PASAR MINGGU,111,263,111,268
202604,17,PASAR MINGGU,111,273,111,279
202604,18,PASAR MINGGU,109,266,109,271
202604,19,PASAR MINGGU,108,259,108,263
202604,20,PASAR MINGGU,113,278,113,288
202604,21,PASAR MINGGU,111,266,111,273
202604,22,PASAR MINGGU,113,278,113,283
202604,23,PASAR MINGGU,112,267,112,272
202604,24,PASAR MINGGU,112,278,112,280
202604,25,PASAR MINGGU,109,268,109,272
202604,26,PASAR MINGGU,108,261,108,265
202604,27,PASAR MINGGU,111,271,111,277
202604,28,PASAR MINGGU,110,267,110,271
202604,29,PASAR MINGGU,110,278,110,282
202604,30,PASAR MINGGU,110,264,110,271
202604,1,KAMPUNG MELAYU,237,5903,237,7081
202604,2,KAMPUNG MELAYU,301,4704,301,4043
202604,3,KAMPUNG MELAYU,126,2802,126,3188
202604,4,KAMPUNG MELAYU,139,1638,140,2250
202604,5,KAMPUNG MELAYU,253,3947,253,4107
202604,6,KAMPUNG MELAYU,378,5490,378,5393
202604,7,KAMPUNG MELAYU,256,6369,259,5396
202604,8,KAMPUNG MELAYU,328,5288,328,5601
202604,9,KAMPUNG MELAYU,359,6430,359,7249
202604,10,KAMPUNG MELAYU,407,3386,407,4900
202604,11,KAMPUNG MELAYU,168,2157,168,3177
202604,12,KAMPUNG MELAYU,295,3175,295,4741
202604,13,KAMPUNG MELAYU,342,6764,342,4693
202604,14,KAMPUNG MELAYU,333,4339,333,7816
202604,15,KAMPUNG MELAYU,322,4927,322,6576
202604,16,KAMPUNG MELAYU,296,5304,296,8925
202604,17,KAMPUNG MELAYU,318,3754,315,4347
202604,18,KAMPUNG MELAYU,172,1919,171,2705
202604,19,KAMPUNG MELAYU,247,3605,255,4663
202604,20,KAMPUNG MELAYU,302,5620,304,6027
202604,21,KAMPUNG MELAYU,288,6426,290,8501
202604,22,KAMPUNG MELAYU,265,5072,264,7452
202604,23,KAMPUNG MELAYU,320,4210,321,7123
202604,24,KAMPUNG MELAYU,413,5739,413,6688
202604,25,KAMPUNG MELAYU,152,2396,152,3456
202604,26,KAMPUNG MELAYU,144,2699,144,3165
202604,27,KAMPUNG MELAYU,290,5846,290,5174
202604,28,KAMPUNG MELAYU,352,6915,353,7334
202604,29,KAMPUNG MELAYU,384,4151,381,3881
202604,30,KAMPUNG MELAYU,165,5341,165,5660
202604,1,SENEN,240,1554,240,1910
202604,2,SENEN,238,1522,238,1917
202604,3,SENEN,237,1527,237,1817
202604,4,SENEN,191,1302,191,1711
202604,5,SENEN,188,1288,188,1784
202604,6,SENEN,242,1564,242,1787
202506,8,RAGUNAN,62,1180,62,1211
202506,9,RAGUNAN,61,1178,61,1184
202506,10,RAGUNAN,65,1150,65,1142
202506,11,RAGUNAN,65,1146,65,1162
202506,12,RAGUNAN,65,1148,65,1161
202506,13,RAGUNAN,65,1155,65,1149
202506,14,RAGUNAN,61,1204,61,1204
202506,15,RAGUNAN,60,1190,60,1220
202506,16,RAGUNAN,65,1155,65,1182
202506,17,RAGUNAN,65,1166,65,1178
202506,18,RAGUNAN,65,1151,65,1150
202506,19,RAGUNAN,65,1170,65,1166
202506,20,RAGUNAN,65,1135,65,1171
202506,21,RAGUNAN,65,1163,65,1164
202506,22,RAGUNAN,63,1213,63,1225
202506,23,RAGUNAN,62,1287,62,1289
202506,24,RAGUNAN,65,1180,65,1155
202506,25,RAGUNAN,65,1175,65,1170
202506,26,RAGUNAN,65,1174,65,1183
202506,27,RAGUNAN,62,1148,62,1161
202506,28,RAGUNAN,62,1162,62,1173
202506,29,RAGUNAN,60,1177,60,1175
202506,30,RAGUNAN,65,1160,65,1166
202506,1,BLOK M,284,4519,284,4926
202506,2,BLOK M,366,5190,366,5450
202506,3,BLOK M,371,5215,371,5465
202506,4,BLOK M,373,5317,373,5553
202506,5,BLOK M,349,5236,349,5358
202506,6,BLOK M,321,3985,321,4526
202506,7,BLOK M,306,4295,306,4719
202506,8,BLOK M,306,4417,306,4807
202506,9,BLOK M,302,4724,302,5004
202506,10,BLOK M,388,5515,388,5661
202506,11,BLOK M,390,5548,390,5701
202506,12,BLOK M,386,5616,386,5774
202506,13,BLOK M,400,5452,400,5660
202506,14,BLOK M,341,4575,341,4948
202506,15,BLOK M,328,4467,328,4861
202506,16,BLOK M,468,5523,468,5744
202506,17,BLOK M,404,5443,404,5646
202506,18,BLOK M,390,5397,390,5612
202506,19,BLOK M,395,5469,395,5663
202506,20,BLOK M,399,5527,399,5724
202506,21,BLOK M,271,4238,271,4448
202506,22,BLOK M,299,4491,299,4601
202506,23,BLOK M,400,5330,400,5403
202506,24,BLOK M,404,5558,404,5703
202506,25,BLOK M,399,5726,399,5841
202506,26,BLOK M,402,5657,402,5768
202506,27,BLOK M,321,4404,321,4766
202506,28,BLOK M,326,4548,326,4871
202506,29,BLOK M,323,4508,323,4825
202506,30,BLOK M,398,5406,398,5564
202506,1,CILILITAN,196,17694,196,21691
202506,2,CILILITAN,235,27481,235,31562
202506,3,CILILITAN,235,27409,235,31126
202506,4,CILILITAN,235,27200,235,30964
202506,5,CILILITAN,235,26406,235,29501
202506,6,CILILITAN,196,13907,196,15214
202506,7,CILILITAN,196,16011,196,19110
202506,8,CILILITAN,196,17443,196,19134
202506,9,CILILITAN,196,18672,196,22115
202510,29,MANGGARAI,36,4622,36,11169
202510,30,MANGGARAI,36,4764,36,11172
202510,31,MANGGARAI,36,4754,36,11168
202510,1,PULOGADUNG,229,1886,227,1890
202510,2,PULOGADUNG,231,1881,232,1930
202510,3,PULOGADUNG,227,1879,228,1915
202510,4,PULOGADUNG,215,1748,213,1714
202510,5,PULOGADUNG,210,1690,208,1700
202510,6,PULOGADUNG,227,1911,222,1877
202510,7,PULOGADUNG,225,1890,221,1931
202510,8,PULOGADUNG,225,1904,225,1953
202510,9,PULOGADUNG,232,1956,229,1962
202510,10,PULOGADUNG,229,1935,225,1940
202510,11,PULOGADUNG,212,1704,208,1727
202510,12,PULOGADUNG,206,1663,207,1672
202510,13,PULOGADUNG,230,1863,228,1890
202510,14,PULOGADUNG,233,1915,230,1944
202510,15,PULOGADUNG,233,1956,233,2005
202510,16,PULOGADUNG,227,1886,225,1845
202510,17,PULOGADUNG,211,1787,210,1760
202510,18,PULOGADUNG,208,1774,208,1781
202510,19,PULOGADUNG,208,1701,209,1739
202510,20,PULOGADUNG,230,1870,227,1908
202510,21,PULOGADUNG,223,1833,220,1841
202510,22,PULOGADUNG,220,1774,215,1778
202510,23,PULOGADUNG,217,1847,215,1810
202510,24,PULOGADUNG,220,1833,216,1818
202510,25,PULOGADUNG,207,1703,205,1681
202510,26,PULOGADUNG,205,1651,202,1622
202510,27,PULOGADUNG,228,1930,224,1909
202510,28,PULOGADUNG,226,1929,224,1915
202510,29,PULOGADUNG,222,1892,223,1961
202510,30,PULOGADUNG,223,1941,222,1967
202510,31,PULOGADUNG,209,1705,209,1752
202603,26,BLOK M,502,6163,502,7307
202603,27,BLOK M,498,6410,498,7908
202603,28,BLOK M,445,7294,445,7681
202603,29,BLOK M,444,5929,444,7401
202603,30,BLOK M,534,6933,534,8451
202603,31,BLOK M,617,6629,617,8141
202603,1,CILILITAN,192,9532,192,10066
202603,2,CILILITAN,231,11288,231,11269
202603,3,CILILITAN,231,10254,231,10233
202603,4,CILILITAN,231,10971,231,10859
202603,5,CILILITAN,231,12031,231,10564
202603,6,CILILITAN,231,12529,231,11479
202603,7,CILILITAN,194,9738,194,10228
202603,8,CILILITAN,194,10253,194,9507
202603,9,CILILITAN,236,11545,236,10138
202603,10,CILILITAN,236,12076,236,11862
202603,11,CILILITAN,236,11474,236,11682
202603,12,CILILITAN,236,10942,236,11577
202603,13,CILILITAN,236,12759,236,12358
202603,14,CILILITAN,197,11037,197,10457
202603,15,CILILITAN,197,8443,197,8667
202603,16,CILILITAN,233,12647,233,11864
202603,17,CILILITAN,233,12095,233,11618
202603,18,CILILITAN,226,11634,226,11328
202603,19,CILILITAN,191,6988,191,7138
202603,20,CILILITAN,191,6291,191,5996
202509,1,KAMPUNG RAMBUTAN,203,912,74,521
202509,2,KAMPUNG RAMBUTAN,174,927,85,479
202509,3,KAMPUNG RAMBUTAN,199,878,69,607
202509,4,KAMPUNG RAMBUTAN,235,1040,102,1256
202509,5,KAMPUNG RAMBUTAN,221,984,66,859
202509,6,KAMPUNG RAMBUTAN,223,1012,73,346
202509,7,KAMPUNG RAMBUTAN,233,1027,67,569
202509,8,KAMPUNG RAMBUTAN,286,1182,102,485
202509,9,KAMPUNG RAMBUTAN,203,885,71,432
202509,10,KAMPUNG RAMBUTAN,182,915,82,418
202509,11,KAMPUNG RAMBUTAN,184,926,70,404
202509,12,KAMPUNG RAMBUTAN,223,1182,64,398
202509,13,KAMPUNG RAMBUTAN,193,986,60,453
202509,14,KAMPUNG RAMBUTAN,213,1131,71,592
202509,15,KAMPUNG RAMBUTAN,194,994,55,373
202509,16,KAMPUNG RAMBUTAN,187,833,73,354
202509,17,KAMPUNG RAMBUTAN,180,863,66,405
202509,18,KAMPUNG RAMBUTAN,175,924,76,474
202509,19,KAMPUNG RAMBUTAN,211,959,62,519
202509,20,KAMPUNG RAMBUTAN,209,902,55,415
202509,21,KAMPUNG RAMBUTAN,226,1077,59,406
202509,22,KAMPUNG RAMBUTAN,194,962,55,328
202509,23,KAMPUNG RAMBUTAN,181,921,57,365
202509,24,KAMPUNG RAMBUTAN,182,852,71,393
202509,25,KAMPUNG RAMBUTAN,198,921,64,417
202509,26,KAMPUNG RAMBUTAN,193,821,73,402
202509,27,KAMPUNG RAMBUTAN,202,849,74,614
202509,28,KAMPUNG RAMBUTAN,219,984,57,383
202509,29,KAMPUNG RAMBUTAN,208,919,67,401
202509,30,KAMPUNG RAMBUTAN,189,865,55,411
202509,1,KALIDERES,83,707,73,654
202509,2,KALIDERES,80,663,70,632
202509,3,KALIDERES,77,646,67,607
202509,4,KALIDERES,96,611,85,1259
202509,5,KALIDERES,92,652,81,963
202509,6,KALIDERES,89,675,78,776
202509,7,KALIDERES,86,734,76,698
202509,8,KALIDERES,84,699,74,662
202509,9,KALIDERES,81,668,71,631
202509,10,KALIDERES,77,630,67,615
202509,11,KALIDERES,83,617,73,640
202509,12,KALIDERES,88,643,77,674
202509,13,KALIDERES,94,656,83,732
202509,14,KALIDERES,91,681,80,697
202509,15,KALIDERES,87,722,77,669
202509,16,KALIDERES,84,695,74,633
202509,17,KALIDERES,80,664,70,616
202509,18,KALIDERES,77,639,67,648
202509,19,KALIDERES,83,618,73,672
202509,20,KALIDERES,89,640,78,721
202509,21,KALIDERES,86,667,75,695
202509,22,KALIDERES,83,713,73,660
202509,23,KALIDERES,80,686,70,634
202509,24,KALIDERES,76,651,66,612
202509,25,KALIDERES,79,632,69,647
202509,26,KALIDERES,84,615,73,689
202509,27,KALIDERES,89,644,78,723
202509,28,KALIDERES,87,679,76,696
202509,29,KALIDERES,84,718,74,662
202509,30,KALIDERES,81,687,71,638
202509,1,TANJUNG PRIOK,78,288,69,224
202604,7,SENEN,238,1581,238,1759
202604,8,SENEN,240,1554,240,1906
202604,9,SENEN,240,1562,239,1911
202604,10,SENEN,238,1316,237,1808
202604,11,SENEN,191,1315,191,1794
202604,12,SENEN,188,1309,188,1790
202604,13,SENEN,242,1577,242,1781
202604,14,SENEN,241,1591,241,1784
202604,15,SENEN,238,1573,238,1770
202604,16,SENEN,240,1563,240,1901
202604,17,SENEN,236,1311,236,1780
202604,18,SENEN,191,1299,191,1655
202604,19,SENEN,188,1288,188,1789
202604,20,SENEN,242,1578,242,1780
202604,21,SENEN,242,1589,242,1771
202604,22,SENEN,239,1582,239,1767
202604,23,SENEN,239,1592,239,1806
202604,24,SENEN,236,1364,236,1754
202604,25,SENEN,191,1320,191,1806
202604,26,SENEN,188,1319,188,1791
202604,27,SENEN,242,1560,242,1775
202604,28,SENEN,242,1585,242,1774
202604,29,SENEN,239,1582,239,1767
202604,30,SENEN,239,1578,239,1765
202604,1,MANGGARAI,46,8488,46,8627
202604,2,MANGGARAI,46,2872,46,2927
202604,3,MANGGARAI,36,1811,36,1722
202604,4,MANGGARAI,36,1734,36,1762
202604,5,MANGGARAI,36,1586,36,1454
202604,6,MANGGARAI,46,8442,46,8551
202604,7,MANGGARAI,46,8006,46,8069
202604,8,MANGGARAI,46,2828,46,2892
202604,9,MANGGARAI,46,3012,46,3079
202604,10,MANGGARAI,46,2561,46,2627
202604,11,MANGGARAI,36,1761,36,1790
202604,12,MANGGARAI,36,4163,36,4259
202604,13,MANGGARAI,46,8516,46,8575
202604,14,MANGGARAI,46,3677,46,2957
202604,15,MANGGARAI,46,2577,46,2743
202604,16,MANGGARAI,46,3571,46,2838
202604,17,MANGGARAI,46,2794,46,2767
202604,18,MANGGARAI,36,5407,36,5399
202604,19,MANGGARAI,36,4012,36,4046
202604,20,MANGGARAI,46,2972,46,3042
202604,21,MANGGARAI,46,2636,46,2949
202604,22,MANGGARAI,46,2718,46,2739
202604,23,MANGGARAI,46,2649,46,2708
202604,24,MANGGARAI,46,7642,46,7711
202604,25,MANGGARAI,36,5285,36,5272
202604,26,MANGGARAI,36,1716,36,1712
202604,27,MANGGARAI,36,2054,36,2117
202604,28,MANGGARAI,46,2958,46,3020
202604,29,MANGGARAI,46,10372,46,10442
202604,30,MANGGARAI,46,8356,46,8560
202604,1,PULOGADUNG,225,1997,223,1987
202604,2,PULOGADUNG,227,2001,223,2015
202604,3,PULOGADUNG,215,1810,215,1870
202604,4,PULOGADUNG,220,1800,217,1837
202604,5,PULOGADUNG,220,1804,215,1852
202604,6,PULOGADUNG,229,1986,227,2020
202604,7,PULOGADUNG,226,1992,223,1978
202604,8,PULOGADUNG,228,2005,227,2004
202604,9,PULOGADUNG,225,2015,221,1999
202604,10,PULOGADUNG,228,2006,220,1990
202604,11,PULOGADUNG,215,1823,214,1842
202604,12,PULOGADUNG,216,1828,214,1834
202604,13,PULOGADUNG,227,1991,225,2004
202604,14,PULOGADUNG,228,1993,223,1985
202506,10,CILILITAN,235,26629,235,30483
202506,11,CILILITAN,235,28029,235,30813
202506,12,CILILITAN,235,28522,235,31507
202506,13,CILILITAN,236,27293,236,31126
202506,14,CILILITAN,196,17155,196,22242
202506,15,CILILITAN,196,16410,196,20881
202506,16,CILILITAN,235,26619,235,32741
202506,17,CILILITAN,234,27573,234,29368
202506,18,CILILITAN,234,27317,234,30261
202506,19,CILILITAN,234,25286,234,29764
202506,20,CILILITAN,205,18048,205,45836
202506,21,CILILITAN,196,16841,196,20783
202506,22,CILILITAN,228,21725,228,23249
202506,23,CILILITAN,234,26093,234,29670
202506,24,CILILITAN,234,25980,234,29601
202506,25,CILILITAN,236,28048,236,31101
202506,26,CILILITAN,235,28009,235,30048
202506,27,CILILITAN,193,17080,193,22062
202506,28,CILILITAN,193,17985,193,21636
202506,29,CILILITAN,193,16621,193,20157
202506,30,CILILITAN,235,25337,235,28608
202506,1,KLENDER,136,293,138,297
202506,2,KLENDER,138,294,140,304
202506,3,KLENDER,134,295,139,300
202506,4,KLENDER,140,302,145,315
202506,5,KLENDER,143,313,147,323
202506,6,KLENDER,141,307,144,314
202506,7,KLENDER,138,301,140,310
202506,8,KLENDER,140,295,143,305
202506,9,KLENDER,137,295,141,306
202506,10,KLENDER,139,300,142,306
202506,11,KLENDER,137,295,140,302
202506,12,KLENDER,138,294,139,308
202506,13,KLENDER,136,287,138,292
202506,14,KLENDER,139,289,140,293
202506,15,KLENDER,137,289,139,296
202506,16,KLENDER,134,295,139,300
202506,17,KLENDER,133,287,135,292
202506,18,KLENDER,136,283,138,288
202506,19,KLENDER,137,283,140,289
202506,20,KLENDER,138,280,141,283
202506,21,KLENDER,140,291,143,294
202506,22,KLENDER,139,288,141,298
202506,23,KLENDER,136,290,138,296
202506,24,KLENDER,139,300,142,306
202506,25,KLENDER,137,298,140,304
202506,26,KLENDER,138,301,140,308
202506,27,KLENDER,136,293,138,299
202506,28,KLENDER,141,301,143,308
202506,29,KLENDER,138,296,140,305
202506,30,KLENDER,137,295,140,302
202506,1,PASAR MINGGU,109,236,109,249
202506,2,PASAR MINGGU,111,246,111,255
202506,3,PASAR MINGGU,112,251,112,259
202506,4,PASAR MINGGU,108,239,108,244
202506,5,PASAR MINGGU,109,237,110,243
202506,6,PASAR MINGGU,102,224,102,228
202506,7,PASAR MINGGU,105,233,105,241
202506,8,PASAR MINGGU,109,239,109,249
202506,9,PASAR MINGGU,111,247,111,254
202506,10,PASAR MINGGU,105,247,105,254
202603,21,CILILITAN,187,7043,187,5614
202603,22,CILILITAN,191,8334,191,7027
202603,23,CILILITAN,191,7518,191,7866
202603,24,CILILITAN,191,7241,191,8354
202603,25,CILILITAN,191,9048,191,9050
202603,26,CILILITAN,226,10704,226,10997
202603,27,CILILITAN,235,11521,235,12808
202603,28,CILILITAN,194,10888,194,10529
202603,29,CILILITAN,194,7958,194,8236
202603,30,CILILITAN,236,10508,236,10530
202603,31,CILILITAN,236,10326,236,10727
202603,1,KLENDER,525,869,467,712
202603,2,KLENDER,614,1112,579,927
202603,3,KLENDER,684,1175,642,1049
202603,4,KLENDER,657,1123,630,1001
202603,5,KLENDER,683,1136,624,1002
202603,6,KLENDER,905,1486,844,1417
202603,7,KLENDER,558,989,527,858
202603,8,KLENDER,554,927,497,891
202603,9,KLENDER,676,1121,673,868
202603,10,KLENDER,558,989,557,858
202603,11,KLENDER,735,1218,684,1120
202603,12,KLENDER,655,1007,572,849
202603,13,KLENDER,1092,1663,986,1559
202603,14,KLENDER,1242,1995,893,1448
202603,15,KLENDER,556,978,539,916
202603,16,KLENDER,649,1225,631,1089
202603,17,KLENDER,778,1261,698,990
202603,18,KLENDER,666,1151,666,860
202603,19,KLENDER,601,887,553,849
202603,20,KLENDER,571,979,521,916
202603,21,KLENDER,327,565,296,493
202603,22,KLENDER,491,808,468,767
202603,23,KLENDER,573,1023,529,946
202603,24,KLENDER,637,1165,604,1060
202603,25,KLENDER,680,1127,677,986
202603,26,KLENDER,573,1209,580,970
202603,27,KLENDER,698,1224,685,1006
202603,28,KLENDER,585,1051,555,979
202603,29,KLENDER,1000,1933,792,1524
202603,30,KLENDER,1126,4420,1028,2625
202603,31,KLENDER,851,1367,811,1214
202603,1,PASAR MINGGU,112,287,112,291
202603,2,PASAR MINGGU,112,279,112,286
202603,3,PASAR MINGGU,113,288,113,294
202603,4,PASAR MINGGU,113,291,113,303
202603,5,PASAR MINGGU,113,288,113,293
202603,6,PASAR MINGGU,112,283,112,287
202603,7,PASAR MINGGU,110,289,110,291
202603,8,PASAR MINGGU,113,289,113,295
202603,9,PASAR MINGGU,111,286,111,289
202603,10,PASAR MINGGU,113,286,113,290
202603,11,PASAR MINGGU,113,286,113,292
202603,12,PASAR MINGGU,111,289,111,293
202603,13,PASAR MINGGU,111,293,111,290
202603,14,PASAR MINGGU,114,293,114,291
202603,15,PASAR MINGGU,112,287,112,288
202603,16,PASAR MINGGU,111,290,111,290
202603,17,PASAR MINGGU,113,291,113,284
202603,18,PASAR MINGGU,113,266,113,259
202603,19,PASAR MINGGU,110,267,110,264
202509,2,TANJUNG PRIOK,89,316,78,328
202509,3,TANJUNG PRIOK,86,342,79,346
202509,4,TANJUNG PRIOK,91,296,83,488
202509,5,TANJUNG PRIOK,92,412,84,544
202509,6,TANJUNG PRIOK,75,311,67,348
202509,7,TANJUNG PRIOK,82,322,74,429
202509,8,TANJUNG PRIOK,84,308,76,326
202509,9,TANJUNG PRIOK,89,346,78,326
202509,10,TANJUNG PRIOK,80,368,71,280
202509,11,TANJUNG PRIOK,76,312,67,215
202509,12,TANJUNG PRIOK,86,279,74,482
202509,13,TANJUNG PRIOK,93,443,84,568
202509,14,TANJUNG PRIOK,90,386,82,426
202509,15,TANJUNG PRIOK,86,348,76,237
202509,16,TANJUNG PRIOK,72,320,63,340
202509,17,TANJUNG PRIOK,75,341,67,338
202509,18,TANJUNG PRIOK,88,246,76,368
202509,19,TANJUNG PRIOK,92,457,84,302
202509,20,TANJUNG PRIOK,85,552,76,311
202509,21,TANJUNG PRIOK,90,481,80,379
202509,22,TANJUNG PRIOK,87,386,78,232
202509,23,TANJUNG PRIOK,72,320,63,248
202509,24,TANJUNG PRIOK,90,386,82,426
202509,25,TANJUNG PRIOK,89,287,78,342
202509,26,TANJUNG PRIOK,93,342,84,558
202509,27,TANJUNG PRIOK,89,397,79,478
202509,28,TANJUNG PRIOK,91,384,79,366
202509,29,TANJUNG PRIOK,87,346,77,268
202509,30,TANJUNG PRIOK,73,326,62,256
202509,1,GROGOL,101,41,101,106
202509,2,GROGOL,114,62,114,117
202509,3,GROGOL,118,53,118,124
202509,4,GROGOL,126,31,126,217
202509,5,GROGOL,115,37,115,172
202509,6,GROGOL,106,44,106,138
202509,7,GROGOL,113,49,113,119
202509,8,GROGOL,98,68,98,105
202509,9,GROGOL,103,63,103,115
202509,10,GROGOL,117,56,117,133
202509,11,GROGOL,106,47,106,118
202509,12,GROGOL,114,37,114,132
202509,13,GROGOL,119,31,119,148
202509,14,GROGOL,108,41,108,117
202509,15,GROGOL,112,67,112,124
202509,16,GROGOL,102,61,102,98
202509,17,GROGOL,113,49,113,119
202509,18,GROGOL,118,41,118,131
202509,19,GROGOL,126,33,126,157
202509,20,GROGOL,123,37,123,149
202509,21,GROGOL,111,48,111,118
202509,22,GROGOL,117,72,117,109
202509,23,GROGOL,109,65,109,112
202509,24,GROGOL,115,53,115,118
202509,25,GROGOL,119,47,119,129
202509,26,GROGOL,123,34,123,147
202509,27,GROGOL,126,39,126,129
202509,28,GROGOL,118,45,118,112
202509,29,GROGOL,114,62,114,103
202509,30,GROGOL,106,56,106,112
202509,1,MUARA ANGKE,5,52,5,63
202509,2,MUARA ANGKE,5,59,5,51
202509,3,MUARA ANGKE,5,59,5,51
202604,15,PULOGADUNG,220,2006,218,1983
202604,16,PULOGADUNG,226,2002,225,2008
202604,17,PULOGADUNG,221,1980,212,1977
202604,18,PULOGADUNG,227,2001,221,1998
202604,19,PULOGADUNG,216,1815,216,1859
202604,20,PULOGADUNG,223,1975,221,2013
202604,21,PULOGADUNG,224,1998,223,1982
202604,22,PULOGADUNG,226,1993,224,1982
202604,23,PULOGADUNG,221,1986,224,1985
202604,24,PULOGADUNG,223,1997,223,1990
202604,25,PULOGADUNG,218,1817,215,1849
202604,26,PULOGADUNG,217,1808,214,1850
202604,27,PULOGADUNG,225,1989,226,1995
202604,28,PULOGADUNG,226,1996,223,2006
202604,29,PULOGADUNG,224,1992,216,2013
202604,30,PULOGADUNG,227,1997,220,2016
202605,1,KAMPUNG RAMBUTAN,87,549,80,783
202605,2,KAMPUNG RAMBUTAN,63,505,49,296
202605,3,KAMPUNG RAMBUTAN,89,790,60,511
202605,4,KAMPUNG RAMBUTAN,85,734,44,324
202605,5,KAMPUNG RAMBUTAN,64,633,53,241
202605,6,KAMPUNG RAMBUTAN,71,522,63,369
202605,7,KAMPUNG RAMBUTAN,74,586,76,432
202605,8,KAMPUNG RAMBUTAN,79,613,74,367
202605,9,KAMPUNG RAMBUTAN,69,539,73,376
202605,10,KAMPUNG RAMBUTAN,86,763,50,411
202605,11,KAMPUNG RAMBUTAN,72,577,55,434
202605,12,KAMPUNG RAMBUTAN,58,442,36,335
202605,13,KAMPUNG RAMBUTAN,92,792,81,1367
202605,14,KAMPUNG RAMBUTAN,80,574,66,773
202605,15,KAMPUNG RAMBUTAN,66,589,46,447
202605,16,KAMPUNG RAMBUTAN,71,612,64,303
202605,17,KAMPUNG RAMBUTAN,95,1027,88,511
202605,18,KAMPUNG RAMBUTAN,85,751,50,334
202605,19,KAMPUNG RAMBUTAN,77,607,76,500
202605,20,KAMPUNG RAMBUTAN,69,530,61,454
202605,21,KAMPUNG RAMBUTAN,73,526,64,584
202605,22,KAMPUNG RAMBUTAN,74,594,71,412
202605,23,KAMPUNG RAMBUTAN,58,514,54,520
202605,24,KAMPUNG RAMBUTAN,85,752,58,581
202605,25,KAMPUNG RAMBUTAN,94,649,94,776
202605,26,KAMPUNG RAMBUTAN,90,803,81,1129
202605,27,KAMPUNG RAMBUTAN,56,431,62,639
202605,28,KAMPUNG RAMBUTAN,71,520,57,481
202605,29,KAMPUNG RAMBUTAN,85,755,68,754
202605,30,KAMPUNG RAMBUTAN,71,632,70,390
202605,31,KAMPUNG RAMBUTAN,67,595,64,439
202605,1,KALIDERES,91,617,80,720
202605,2,KALIDERES,88,640,77,692
202605,3,KALIDERES,85,663,75,678
202605,4,KALIDERES,82,716,75,644
202605,5,KALIDERES,79,675,69,619
202605,6,KALIDERES,83,632,73,651
202605,7,KALIDERES,86,614,76,673
202605,8,KALIDERES,89,638,79,705
202605,9,KALIDERES,93,652,82,730
202605,10,KALIDERES,90,681,80,696
202605,11,KALIDERES,88,729,75,667
202605,12,KALIDERES,83,687,73,632
202605,13,KALIDERES,102,654,90,1123
202605,14,KALIDERES,91,632,80,895
202605,15,KALIDERES,85,654,75,710
202605,16,KALIDERES,88,678,78,742
202605,17,KALIDERES,84,696,74,708
202605,18,KALIDERES,87,735,71,674
202605,19,KALIDERES,79,682,69,649
202605,20,KALIDERES,83,651,73,626
202506,24,KAMPUNG MELAYU,333,5334,337,5069
202506,25,KAMPUNG MELAYU,359,7367,359,6963
202506,26,KAMPUNG MELAYU,314,3515,311,3790
202506,27,KAMPUNG MELAYU,291,2305,291,2062
202506,28,KAMPUNG MELAYU,266,3321,266,3297
202506,29,KAMPUNG MELAYU,303,3745,304,3200
202506,30,KAMPUNG MELAYU,332,5309,337,5104
202506,1,SENEN,188,1329,188,1801
202506,2,SENEN,241,1582,241,1776
202506,3,SENEN,240,1353,240,1769
202506,4,SENEN,238,1576,238,1762
202506,5,SENEN,237,1363,237,1748
202506,6,SENEN,237,1329,237,1690
202506,7,SENEN,191,1323,191,1678
202506,8,SENEN,188,1321,188,1791
202506,9,SENEN,239,1573,239,1761
202506,11,PASAR MINGGU,110,250,110,258
202506,12,PASAR MINGGU,109,246,109,256
202506,13,PASAR MINGGU,107,242,107,249
202506,14,PASAR MINGGU,111,247,111,257
202506,15,PASAR MINGGU,109,242,109,252
202506,16,PASAR MINGGU,109,254,109,254
202506,17,PASAR MINGGU,107,244,107,255
202506,18,PASAR MINGGU,109,242,109,250
202506,19,PASAR MINGGU,104,239,104,252
202506,20,PASAR MINGGU,105,235,105,244
202506,21,PASAR MINGGU,102,240,102,252
202506,22,PASAR MINGGU,103,243,103,251
202506,23,PASAR MINGGU,107,245,107,253
202506,24,PASAR MINGGU,102,239,102,254
202506,25,PASAR MINGGU,99,241,99,241
202506,26,PASAR MINGGU,105,244,105,252
202506,27,PASAR MINGGU,106,252,106,258
202506,28,PASAR MINGGU,99,243,99,248
202506,29,PASAR MINGGU,104,242,104,253
202506,30,PASAR MINGGU,109,247,109,256
202506,1,KAMPUNG MELAYU,162,2561,162,3452
202506,2,KAMPUNG MELAYU,313,3592,313,6005
202506,3,KAMPUNG MELAYU,240,4577,243,3589
202506,4,KAMPUNG MELAYU,350,3877,350,4591
202506,5,KAMPUNG MELAYU,349,3896,348,2980
202506,6,KAMPUNG MELAYU,165,1990,173,2028
202506,7,KAMPUNG MELAYU,299,2186,298,2086
202506,8,KAMPUNG MELAYU,248,2288,247,2134
202506,9,KAMPUNG MELAYU,264,2739,264,2410
202506,10,KAMPUNG MELAYU,349,5287,349,5047
202506,11,KAMPUNG MELAYU,294,3616,302,3754
202506,12,KAMPUNG MELAYU,399,4274,399,4351
202506,13,KAMPUNG MELAYU,349,3896,349,2980
202506,14,KAMPUNG MELAYU,298,4135,300,3973
202506,15,KAMPUNG MELAYU,231,2839,231,2447
202506,16,KAMPUNG MELAYU,383,5599,382,6229
202506,17,KAMPUNG MELAYU,333,5334,337,5069
202506,18,KAMPUNG MELAYU,310,4673,310,5603
202506,19,KAMPUNG MELAYU,285,7205,285,4240
202506,20,KAMPUNG MELAYU,278,3307,275,2922
202506,21,KAMPUNG MELAYU,182,1974,183,2093
202506,22,KAMPUNG MELAYU,291,2305,291,2062
202506,23,KAMPUNG MELAYU,344,3836,345,6540
202506,10,SENEN,240,1360,240,1771
202507,1,KAMPUNG RAMBUTAN,255,1117,96,638
202507,2,KAMPUNG RAMBUTAN,251,1130,64,603
202507,3,KAMPUNG RAMBUTAN,266,1006,61,509
202507,4,KAMPUNG RAMBUTAN,248,1126,76,588
202507,5,KAMPUNG RAMBUTAN,240,1039,69,531
202507,6,KAMPUNG RAMBUTAN,255,1154,75,659
202507,7,KAMPUNG RAMBUTAN,278,1208,74,471
202507,8,KAMPUNG RAMBUTAN,232,1139,79,669
202507,9,KAMPUNG RAMBUTAN,234,1108,95,729
202507,10,KAMPUNG RAMBUTAN,254,1179,84,755
202507,11,KAMPUNG RAMBUTAN,266,1286,78,770
202507,12,KAMPUNG RAMBUTAN,247,1149,64,635
202507,13,KAMPUNG RAMBUTAN,265,1377,70,765
202507,14,KAMPUNG RAMBUTAN,247,1338,95,548
202507,15,KAMPUNG RAMBUTAN,206,997,80,470
202507,16,KAMPUNG RAMBUTAN,185,616,72,401
202507,17,KAMPUNG RAMBUTAN,194,939,66,354
202507,18,KAMPUNG RAMBUTAN,174,949,71,602
202507,19,KAMPUNG RAMBUTAN,204,955,63,376
202507,20,KAMPUNG RAMBUTAN,227,1068,71,428
202507,21,KAMPUNG RAMBUTAN,216,1039,72,401
202507,22,KAMPUNG RAMBUTAN,188,897,62,274
202507,23,KAMPUNG RAMBUTAN,193,961,73,328
202507,24,KAMPUNG RAMBUTAN,193,901,71,457
202507,25,KAMPUNG RAMBUTAN,209,891,84,457
202507,26,KAMPUNG RAMBUTAN,215,919,61,425
202507,27,KAMPUNG RAMBUTAN,220,963,58,482
202507,28,KAMPUNG RAMBUTAN,209,1053,54,345
202507,29,KAMPUNG RAMBUTAN,203,1186,63,445
202507,30,KAMPUNG RAMBUTAN,203,968,71,437
202507,31,KAMPUNG RAMBUTAN,200,958,75,333
202507,1,KALIDERES,86,687,76,715
202507,2,KALIDERES,83,651,73,674
202507,3,KALIDERES,80,622,70,643
202507,4,KALIDERES,87,604,77,689
202507,5,KALIDERES,94,638,83,762
202507,6,KALIDERES,90,663,79,715
202507,7,KALIDERES,87,727,75,668
202507,8,KALIDERES,84,696,74,641
202507,9,KALIDERES,80,661,70,627
202507,10,KALIDERES,85,639,75,663
202507,11,KALIDERES,91,652,80,708
202507,12,KALIDERES,97,675,86,754
202507,13,KALIDERES,93,764,81,716
202507,14,KALIDERES,89,728,78,679
202507,15,KALIDERES,86,683,76,645
202507,16,KALIDERES,82,657,72,610
202507,17,KALIDERES,79,626,69,632
202507,18,KALIDERES,85,641,75,677
202507,19,KALIDERES,92,662,81,733
202507,20,KALIDERES,90,689,79,691
202507,21,KALIDERES,86,730,76,658
202507,22,KALIDERES,83,695,73,624
202507,23,KALIDERES,80,664,70,606
202507,24,KALIDERES,85,638,75,635
202507,25,KALIDERES,89,667,78,682
202507,26,KALIDERES,95,681,84,737
202507,27,KALIDERES,91,703,80,689
202507,28,KALIDERES,88,746,75,642
202507,29,KALIDERES,83,691,72,613
202507,30,KALIDERES,79,652,69,638
202509,4,MUARA ANGKE,5,47,5,52
202509,5,MUARA ANGKE,5,50,5,55
202509,6,MUARA ANGKE,5,51,5,57
202509,7,MUARA ANGKE,5,43,5,62
202509,8,MUARA ANGKE,5,40,5,67
202509,9,MUARA ANGKE,5,41,5,56
202509,10,MUARA ANGKE,5,57,5,49
202509,11,MUARA ANGKE,5,62,5,50
202509,12,MUARA ANGKE,5,51,5,47
202509,13,MUARA ANGKE,5,50,5,55
202509,14,MUARA ANGKE,5,48,5,61
202509,15,MUARA ANGKE,5,51,5,68
202509,16,MUARA ANGKE,5,48,5,60
202509,17,MUARA ANGKE,5,52,5,63
202509,18,MUARA ANGKE,5,49,5,55
202509,19,MUARA ANGKE,5,47,5,59
202509,20,MUARA ANGKE,5,59,5,51
202509,21,MUARA ANGKE,5,41,5,60
202509,22,MUARA ANGKE,5,53,5,64
202509,23,MUARA ANGKE,5,50,5,58
202509,24,MUARA ANGKE,5,50,5,59
202509,25,MUARA ANGKE,5,62,5,50
202509,26,MUARA ANGKE,5,41,5,56
202509,27,MUARA ANGKE,5,47,5,52
202509,28,MUARA ANGKE,5,39,5,59
202509,29,MUARA ANGKE,5,62,5,50
202509,30,MUARA ANGKE,5,52,5,63
202509,1,LEBAK BULUS,30,0,30,43
202509,2,LEBAK BULUS,31,0,31,45
202509,3,LEBAK BULUS,30,0,30,47
202509,4,LEBAK BULUS,33,0,33,55
202509,5,LEBAK BULUS,31,0,31,69
202509,6,LEBAK BULUS,32,0,32,67
202509,7,LEBAK BULUS,31,0,31,59
202509,8,LEBAK BULUS,31,0,31,69
202509,9,LEBAK BULUS,23,0,23,33
202509,10,LEBAK BULUS,31,0,31,47
202509,11,LEBAK BULUS,29,0,29,53
202509,12,LEBAK BULUS,32,0,32,51
202509,13,LEBAK BULUS,32,0,32,53
202509,14,LEBAK BULUS,30,0,30,49
202509,15,LEBAK BULUS,29,0,29,44
202509,16,LEBAK BULUS,29,0,29,40
202509,17,LEBAK BULUS,30,0,30,47
202509,18,LEBAK BULUS,30,0,30,45
202509,19,LEBAK BULUS,30,0,30,49
202509,20,LEBAK BULUS,29,0,29,46
202509,21,LEBAK BULUS,31,0,31,48
202509,22,LEBAK BULUS,31,0,31,50
202509,23,LEBAK BULUS,29,0,29,47
202509,24,LEBAK BULUS,30,0,30,49
202509,25,LEBAK BULUS,30,0,30,46
202509,26,LEBAK BULUS,32,0,32,53
202509,27,LEBAK BULUS,23,0,23,33
202509,28,LEBAK BULUS,30,0,30,48
202509,29,LEBAK BULUS,31,0,31,46
202509,30,LEBAK BULUS,30,0,30,47
202509,1,PINANGRANTI,89,220,89,238
202509,2,PINANGRANTI,89,405,89,457
202509,3,PINANGRANTI,89,443,89,498
202509,4,PINANGRANTI,89,456,89,501
202509,5,PINANGRANTI,89,462,89,509
202509,6,PINANGRANTI,79,293,79,299
202605,5,PINANGRANTI,89,586,89,601
202605,6,PINANGRANTI,89,568,89,582
202605,7,PINANGRANTI,89,594,89,605
202605,8,PINANGRANTI,89,599,89,611
202605,9,PINANGRANTI,79,401,79,415
202605,10,PINANGRANTI,79,390,79,403
202605,11,PINANGRANTI,89,582,89,591
202605,12,PINANGRANTI,89,578,89,627
202605,13,PINANGRANTI,89,567,89,581
202605,14,PINANGRANTI,89,527,89,522
202605,15,PINANGRANTI,89,453,89,462
202605,16,PINANGRANTI,79,422,79,420
202605,17,PINANGRANTI,79,391,79,378
202605,18,PINANGRANTI,89,594,89,605
202605,19,PINANGRANTI,89,585,89,593
202605,20,PINANGRANTI,89,581,89,607
202605,21,PINANGRANTI,89,588,89,608
202605,22,PINANGRANTI,89,578,89,589
202605,23,PINANGRANTI,79,472,79,473
202605,24,PINANGRANTI,79,390,79,393
202605,25,PINANGRANTI,89,599,89,614
202605,26,PINANGRANTI,89,581,89,598
202605,27,PINANGRANTI,89,527,89,545
202605,28,PINANGRANTI,89,396,89,406
202605,29,PINANGRANTI,89,600,89,587
202605,30,PINANGRANTI,79,420,79,431
202605,31,PINANGRANTI,79,408,79,417
202605,1,RAWAMANGUN,98,469,98,1370
202605,2,RAWAMANGUN,98,479,98,511
202605,3,RAWAMANGUN,98,491,98,517
202605,4,RAWAMANGUN,98,497,98,524
202605,5,RAWAMANGUN,98,492,98,523
202605,6,RAWAMANGUN,98,500,98,519
202605,7,RAWAMANGUN,98,508,98,532
202605,8,RAWAMANGUN,98,501,98,521
202605,9,RAWAMANGUN,98,500,98,535
202605,10,RAWAMANGUN,98,505,98,521
202605,11,RAWAMANGUN,98,516,98,539
202605,12,RAWAMANGUN,98,522,98,541
202605,13,RAWAMANGUN,98,530,98,547
202605,14,RAWAMANGUN,98,537,98,555
202605,15,RAWAMANGUN,98,493,98,509
202605,16,RAWAMANGUN,98,476,98,493
202605,17,RAWAMANGUN,98,493,98,512
202605,18,RAWAMANGUN,91,458,91,471
202605,19,RAWAMANGUN,91,464,91,484
202605,20,RAWAMANGUN,94,496,96,511
202605,21,RAWAMANGUN,94,484,94,511
202605,22,RAWAMANGUN,95,480,95,530
202605,23,RAWAMANGUN,95,491,95,531
202605,24,RAWAMANGUN,95,491,95,532
202605,25,RAWAMANGUN,97,523,97,546
202605,26,RAWAMANGUN,98,502,98,550
202605,27,RAWAMANGUN,98,513,98,564
202605,28,RAWAMANGUN,98,510,98,545
202605,29,RAWAMANGUN,98,530,98,569
202605,30,RAWAMANGUN,98,520,98,558
202605,31,RAWAMANGUN,98,508,98,546
202605,1,RAGUNAN,62,1204,62,1258
202605,2,RAGUNAN,62,1221,62,1237
202605,3,RAGUNAN,61,1209,61,1265
202605,4,RAGUNAN,65,1213,65,1245
202605,5,RAGUNAN,65,1184,65,1228
202605,6,RAGUNAN,65,1198,65,1235
202605,7,RAGUNAN,65,1202,65,1222
202605,8,RAGUNAN,65,1243,65,1253
202605,9,RAGUNAN,62,1190,62,1224
202605,10,RAGUNAN,60,1246,60,1232
202605,11,RAGUNAN,65,1220,65,1215
202506,11,SENEN,238,1579,238,1761
202506,12,SENEN,237,1369,237,1665
202506,13,SENEN,237,1338,237,1679
202506,14,SENEN,191,1320,191,1684
202506,15,SENEN,188,1326,188,1796
202506,16,SENEN,242,1594,242,1781
202506,17,SENEN,239,1571,240,1764
202506,18,SENEN,238,1580,238,1763
202506,19,SENEN,237,1367,237,1751
202506,20,SENEN,237,1327,237,1688
202506,21,SENEN,191,1320,191,1711
202506,22,SENEN,188,1334,188,1806
202506,23,SENEN,242,1592,242,1777
202506,24,SENEN,240,1583,240,1774
202506,25,SENEN,238,1581,238,1759
202506,26,SENEN,237,1376,237,1762
202506,27,SENEN,237,1338,237,1884
202506,28,SENEN,191,1328,191,1700
202506,29,SENEN,188,1337,188,1795
202506,30,SENEN,242,1594,242,1789
202506,1,MANGGARAI,24,2735,24,9761
202506,2,MANGGARAI,36,4825,36,13018
202506,3,MANGGARAI,36,4913,36,12909
202506,4,MANGGARAI,36,4721,36,13106
202506,5,MANGGARAI,36,4882,36,13180
202506,6,MANGGARAI,24,2721,24,9441
202506,7,MANGGARAI,24,2834,24,9779
202506,8,MANGGARAI,24,2634,24,9800
202506,9,MANGGARAI,24,2776,24,9650
202506,10,MANGGARAI,36,4825,36,13201
202506,11,MANGGARAI,36,4725,36,13023
202506,12,MANGGARAI,36,4635,36,13105
202506,13,MANGGARAI,36,4825,36,12924
202506,14,MANGGARAI,24,2735,24,9661
202506,15,MANGGARAI,24,2615,24,9885
202506,16,MANGGARAI,36,4716,36,12917
202506,17,MANGGARAI,36,4825,36,13019
202506,18,MANGGARAI,36,4613,36,12918
202506,19,MANGGARAI,36,4825,36,13198
202506,20,MANGGARAI,36,4921,36,13007
202506,21,MANGGARAI,24,2734,24,9671
202506,22,MANGGARAI,24,2815,24,9768
202506,23,MANGGARAI,36,4725,36,13003
202506,24,MANGGARAI,36,4635,36,13200
202506,25,MANGGARAI,36,4725,36,12924
202506,26,MANGGARAI,36,4812,36,13198
202506,27,MANGGARAI,24,2736,24,9753
202506,28,MANGGARAI,24,2841,24,9832
202506,29,MANGGARAI,24,2613,24,9769
202506,30,MANGGARAI,36,4825,36,13006
202506,1,PULOGADUNG,238,1967,240,1917
202506,2,PULOGADUNG,212,1929,215,2006
202506,3,PULOGADUNG,218,1942,222,2025
202506,4,PULOGADUNG,225,1953,234,1946
202506,5,PULOGADUNG,220,1980,222,2049
202506,6,PULOGADUNG,225,1907,221,2023
202506,7,PULOGADUNG,225,1706,243,1975
202506,8,PULOGADUNG,214,1929,215,2013
202506,9,PULOGADUNG,263,1982,263,2100
202506,10,PULOGADUNG,236,2026,255,2025
202506,11,PULOGADUNG,218,1688,244,1984
202506,12,PULOGADUNG,229,1943,241,1944
202507,31,KALIDERES,84,629,74,671
202507,1,TANJUNG PRIOK,79,426,71,240
202507,2,TANJUNG PRIOK,75,310,67,338
202507,3,TANJUNG PRIOK,82,332,74,429
202507,4,TANJUNG PRIOK,84,372,76,481
202507,5,TANJUNG PRIOK,88,406,79,442
202507,6,TANJUNG PRIOK,91,524,82,336
202507,7,TANJUNG PRIOK,80,368,71,280
202507,8,TANJUNG PRIOK,76,312,67,215
202507,9,TANJUNG PRIOK,82,367,73,327
202507,10,TANJUNG PRIOK,83,403,74,495
202507,11,TANJUNG PRIOK,85,469,76,411
202507,12,TANJUNG PRIOK,90,571,82,356
202507,13,TANJUNG PRIOK,91,532,81,317
202507,14,TANJUNG PRIOK,71,359,62,209
202507,15,TANJUNG PRIOK,70,314,61,185
202507,16,TANJUNG PRIOK,74,278,65,249
202507,17,TANJUNG PRIOK,78,236,70,331
202507,18,TANJUNG PRIOK,84,217,75,354
202507,19,TANJUNG PRIOK,88,189,80,416
202507,20,TANJUNG PRIOK,91,437,83,325
202507,21,TANJUNG PRIOK,75,341,67,220
202507,22,TANJUNG PRIOK,72,232,63,215
202507,23,TANJUNG PRIOK,74,210,65,238
202507,24,TANJUNG PRIOK,78,179,70,289
202507,25,TANJUNG PRIOK,84,204,76,351
202507,26,TANJUNG PRIOK,86,247,79,392
202507,27,TANJUNG PRIOK,90,371,80,284
202507,28,TANJUNG PRIOK,92,457,84,242
202507,29,TANJUNG PRIOK,63,198,55,261
202507,30,TANJUNG PRIOK,70,157,62,273
202507,31,TANJUNG PRIOK,72,164,64,281
202507,1,GROGOL,103,61,103,97
202507,2,GROGOL,109,49,109,113
202507,3,GROGOL,113,38,113,128
202507,4,GROGOL,124,33,124,144
202507,5,GROGOL,116,26,116,128
202507,6,GROGOL,105,37,105,109
202507,7,GROGOL,114,49,114,101
202507,8,GROGOL,106,53,106,96
202507,9,GROGOL,111,59,111,92
202507,10,GROGOL,119,46,119,124
202507,11,GROGOL,127,37,127,146
202507,12,GROGOL,117,32,117,141
202507,13,GROGOL,113,41,113,128
202507,14,GROGOL,121,62,121,116
202507,15,GROGOL,115,68,115,96
202507,16,GROGOL,106,51,106,92
202507,17,GROGOL,114,46,114,116
202507,18,GROGOL,129,38,129,123
202507,19,GROGOL,124,32,124,131
202507,20,GROGOL,114,53,114,108
202507,21,GROGOL,118,66,118,94
202507,22,GROGOL,104,57,104,88
202507,23,GROGOL,99,52,99,84
202507,24,GROGOL,103,41,103,91
202507,25,GROGOL,115,33,115,109
202507,26,GROGOL,109,39,109,114
202507,27,GROGOL,116,46,116,119
202507,28,GROGOL,119,52,119,111
202507,29,GROGOL,102,47,102,94
202507,30,GROGOL,108,39,108,99
202509,7,PINANGRANTI,79,283,79,269
202509,8,PINANGRANTI,89,409,89,462
202509,9,PINANGRANTI,89,455,89,489
202509,10,PINANGRANTI,89,451,89,495
202509,11,PINANGRANTI,89,457,89,497
202509,12,PINANGRANTI,89,489,89,509
202509,13,PINANGRANTI,79,282,79,294
202509,14,PINANGRANTI,79,289,79,307
202509,15,PINANGRANTI,89,438,89,489
202509,16,PINANGRANTI,89,454,89,501
202509,17,PINANGRANTI,89,456,89,496
202509,18,PINANGRANTI,89,470,89,527
202509,19,PINANGRANTI,89,499,89,559
202509,20,PINANGRANTI,79,319,79,369
202509,21,PINANGRANTI,79,345,79,380
202509,22,PINANGRANTI,89,440,89,505
202509,23,PINANGRANTI,89,492,89,555
202509,24,PINANGRANTI,89,483,89,519
202509,25,PINANGRANTI,89,499,89,529
202509,26,PINANGRANTI,89,501,89,535
202509,27,PINANGRANTI,79,337,79,376
202509,28,PINANGRANTI,79,285,79,314
202509,29,PINANGRANTI,89,469,89,502
202509,30,PINANGRANTI,89,463,89,498
202509,1,RAWAMANGUN,42,288,42,316
202509,2,RAWAMANGUN,42,325,44,325
202509,3,RAWAMANGUN,42,289,42,288
202509,4,RAWAMANGUN,43,307,43,328
202509,5,RAWAMANGUN,45,337,45,353
202509,6,RAWAMANGUN,44,312,46,294
202509,7,RAWAMANGUN,42,330,42,319
202509,8,RAWAMANGUN,43,316,43,300
202509,9,RAWAMANGUN,43,317,45,298
202509,10,RAWAMANGUN,42,308,42,286
202509,11,RAWAMANGUN,45,315,45,339
202509,12,RAWAMANGUN,45,328,45,326
202509,13,RAWAMANGUN,44,327,44,343
202509,14,RAWAMANGUN,43,330,43,322
202509,15,RAWAMANGUN,41,305,41,324
202509,16,RAWAMANGUN,44,294,44,316
202509,17,RAWAMANGUN,44,321,44,334
202509,18,RAWAMANGUN,46,346,46,374
202509,19,RAWAMANGUN,44,338,44,327
202509,20,RAWAMANGUN,43,300,43,301
202509,21,RAWAMANGUN,42,318,42,302
202509,22,RAWAMANGUN,45,336,45,341
202509,23,RAWAMANGUN,41,276,41,300
202509,24,RAWAMANGUN,45,335,46,350
202509,25,RAWAMANGUN,44,311,47,302
202509,26,RAWAMANGUN,47,324,47,317
202509,27,RAWAMANGUN,46,355,46,331
202509,28,RAWAMANGUN,44,318,44,293
202509,29,RAWAMANGUN,45,315,45,339
202509,30,RAWAMANGUN,44,327,44,343
202509,1,RAGUNAN,65,1164,65,1175
202509,2,RAGUNAN,65,1176,65,1171
202509,3,RAGUNAN,65,1144,65,1158
202509,4,RAGUNAN,65,1158,65,1140
202509,5,RAGUNAN,62,1132,62,1160
202509,6,RAGUNAN,63,1150,63,1203
202509,7,RAGUNAN,62,1185,62,1221
202509,8,RAGUNAN,65,1127,65,1181
202605,27,SENEN,239,1356,239,1773
202605,28,SENEN,239,1360,239,1752
202605,29,SENEN,236,1317,236,1699
202605,30,SENEN,191,1301,191,1650
202605,31,SENEN,188,1290,188,1686
202605,1,MANGGARAI,36,3910,36,3951
202605,2,MANGGARAI,36,4465,36,4508
202605,3,MANGGARAI,36,3621,36,3662
202605,4,MANGGARAI,46,1101,46,1169
202605,5,MANGGARAI,46,9007,46,10143
202605,6,MANGGARAI,46,8043,46,7315
202605,7,MANGGARAI,46,7132,46,3656
202605,8,MANGGARAI,46,6607,46,6666
202605,9,MANGGARAI,36,4196,36,4232
202605,10,MANGGARAI,36,5981,36,6020
202605,11,MANGGARAI,46,5927,46,13215
202605,12,MANGGARAI,46,6787,46,6870
202605,13,MANGGARAI,46,7458,46,7525
202605,14,MANGGARAI,46,2032,46,2769
202605,15,MANGGARAI,46,4801,46,3835
202605,16,MANGGARAI,36,3738,36,4096
202605,17,MANGGARAI,36,2934,36,2950
202605,18,MANGGARAI,46,7047,46,7116
202605,19,MANGGARAI,46,7001,46,7064
202605,20,MANGGARAI,46,7255,46,7418
202605,21,MANGGARAI,46,6732,46,6872
202605,22,MANGGARAI,46,5919,46,5979
202605,23,MANGGARAI,36,3834,36,3871
202605,24,MANGGARAI,36,2764,36,2794
202605,25,MANGGARAI,46,6786,46,6683
202605,26,MANGGARAI,46,6537,46,6592
202605,27,MANGGARAI,36,1952,36,9689
202605,28,MANGGARAI,36,3686,36,1766
202605,29,MANGGARAI,36,2769,36,1919
202605,30,MANGGARAI,36,3731,36,1940
202605,31,MANGGARAI,36,2953,36,1651
202605,1,PULOGADUNG,215,1857,215,1928
202605,2,PULOGADUNG,217,1819,216,1850
202605,3,PULOGADUNG,216,1856,217,1855
202605,4,PULOGADUNG,226,1979,226,2008
202605,5,PULOGADUNG,225,1988,223,2000
202605,6,PULOGADUNG,226,2014,222,1993
202605,7,PULOGADUNG,224,1995,223,2016
202605,8,PULOGADUNG,223,2021,222,1997
202605,9,PULOGADUNG,214,1800,214,1850
202605,10,PULOGADUNG,219,1814,216,2057
202605,11,PULOGADUNG,224,2008,222,1999
202605,12,PULOGADUNG,225,1998,220,1969
202605,13,PULOGADUNG,224,1993,219,1965
202605,14,PULOGADUNG,212,1798,212,1827
202605,15,PULOGADUNG,215,1800,215,1840
202605,16,PULOGADUNG,215,1808,216,1832
202605,17,PULOGADUNG,215,1818,213,1796
202605,18,PULOGADUNG,225,1973,222,1990
202605,19,PULOGADUNG,220,1944,221,1968
202605,20,PULOGADUNG,224,1961,224,1897
202605,21,PULOGADUNG,223,1944,220,1970
202605,22,PULOGADUNG,219,1989,221,1974
202605,23,PULOGADUNG,218,1827,215,1863
202605,24,PULOGADUNG,218,1823,216,1870
202605,25,PULOGADUNG,225,2000,221,1972
202605,26,PULOGADUNG,226,1960,220,1952
202605,27,PULOGADUNG,214,1821,214,1851
202605,28,PULOGADUNG,215,1824,213,1865
202605,29,PULOGADUNG,222,1981,220,1964
202605,30,PULOGADUNG,217,1800,216,1852
202605,31,PULOGADUNG,215,1802,215,1838
202506,13,PULOGADUNG,213,1895,220,2021
202506,14,PULOGADUNG,229,1899,236,2026
202506,15,PULOGADUNG,232,1863,237,2028
202506,16,PULOGADUNG,218,1940,218,1999
202506,17,PULOGADUNG,226,1941,229,2028
202506,18,PULOGADUNG,219,1702,245,1996
202506,19,PULOGADUNG,214,1930,217,2011
202506,20,PULOGADUNG,248,1849,239,1961
202506,21,PULOGADUNG,246,1843,250,1968
202506,22,PULOGADUNG,222,1741,232,1935
202506,23,PULOGADUNG,230,1959,237,2019
202506,24,PULOGADUNG,230,1937,238,1909
202506,25,PULOGADUNG,244,1787,235,1971
202506,26,PULOGADUNG,227,1766,237,1933
202506,27,PULOGADUNG,222,1924,211,2063
202506,28,PULOGADUNG,234,1929,244,1985
202506,29,PULOGADUNG,229,1940,238,1982
202506,30,PULOGADUNG,223,1879,235,1936
202603,1,KAMPUNG RAMBUTAN,83,708,61,323
202603,2,KAMPUNG RAMBUTAN,66,334,45,298
202603,3,KAMPUNG RAMBUTAN,85,408,58,551
202603,4,KAMPUNG RAMBUTAN,77,381,50,228
202603,5,KAMPUNG RAMBUTAN,56,341,49,279
202603,6,KAMPUNG RAMBUTAN,68,450,62,365
202603,7,KAMPUNG RAMBUTAN,85,408,58,551
202603,8,KAMPUNG RAMBUTAN,84,600,63,672
202603,9,KAMPUNG RAMBUTAN,76,611,77,525
202603,10,KAMPUNG RAMBUTAN,88,671,82,625
202603,11,KAMPUNG RAMBUTAN,71,403,68,587
202603,12,KAMPUNG RAMBUTAN,84,554,81,700
202603,13,KAMPUNG RAMBUTAN,154,749,147,1694
202603,14,KAMPUNG RAMBUTAN,158,941,154,2303
202603,15,KAMPUNG RAMBUTAN,157,1019,119,2756
202603,16,KAMPUNG RAMBUTAN,133,791,121,3071
202603,17,KAMPUNG RAMBUTAN,162,867,153,4059
202603,18,KAMPUNG RAMBUTAN,215,896,217,5336
202603,19,KAMPUNG RAMBUTAN,161,878,177,3464
202603,20,KAMPUNG RAMBUTAN,118,657,128,1337
202603,21,KAMPUNG RAMBUTAN,77,457,72,594
202603,22,KAMPUNG RAMBUTAN,102,645,73,631
202603,23,KAMPUNG RAMBUTAN,163,2251,125,1326
202603,24,KAMPUNG RAMBUTAN,212,4907,139,1184
202603,25,KAMPUNG RAMBUTAN,217,7144,141,1003
202603,26,KAMPUNG RAMBUTAN,215,5896,152,114
202603,27,KAMPUNG RAMBUTAN,174,4381,154,1186
202603,28,KAMPUNG RAMBUTAN,165,3184,148,1061
202603,29,KAMPUNG RAMBUTAN,213,6386,141,1008
202603,30,KAMPUNG RAMBUTAN,157,3322,86,563
202603,31,KAMPUNG RAMBUTAN,126,1915,65,869
202603,1,KALIDERES,88,679,78,692
202603,2,KALIDERES,85,717,75,674
202603,3,KALIDERES,82,673,72,646
202603,4,KALIDERES,78,646,68,619
202603,5,KALIDERES,75,615,65,630
202603,6,KALIDERES,78,632,68,671
202603,7,KALIDERES,85,654,75,697
202603,8,KALIDERES,82,628,72,662
202603,9,KALIDERES,79,680,69,645
202603,10,KALIDERES,84,651,74,680
202603,11,KALIDERES,92,629,81,868
202507,31,GROGOL,117,33,117,126
202507,1,MUARA ANGKE,5,45,5,50
202507,2,MUARA ANGKE,5,41,5,56
202507,3,MUARA ANGKE,5,55,5,61
202507,4,MUARA ANGKE,5,40,5,63
202507,5,MUARA ANGKE,5,34,5,67
202507,6,MUARA ANGKE,5,52,5,58
202507,7,MUARA ANGKE,5,50,5,47
202507,8,MUARA ANGKE,5,47,5,58
202507,9,MUARA ANGKE,5,44,5,53
202507,10,MUARA ANGKE,5,43,5,60
202507,11,MUARA ANGKE,5,40,5,62
202507,12,MUARA ANGKE,5,41,5,67
202507,13,MUARA ANGKE,5,53,5,57
202507,14,MUARA ANGKE,5,42,5,59
202507,15,MUARA ANGKE,5,44,5,58
202507,16,MUARA ANGKE,5,49,5,55
202507,17,MUARA ANGKE,5,50,5,61
202507,18,MUARA ANGKE,5,40,5,66
202507,19,MUARA ANGKE,5,38,5,69
202507,20,MUARA ANGKE,5,46,5,59
202507,21,MUARA ANGKE,5,60,5,50
202507,22,MUARA ANGKE,5,54,5,53
202507,23,MUARA ANGKE,5,50,5,58
202507,24,MUARA ANGKE,5,46,5,51
202507,25,MUARA ANGKE,5,40,5,57
202507,26,MUARA ANGKE,5,36,5,65
202507,27,MUARA ANGKE,5,35,5,61
202507,28,MUARA ANGKE,5,49,5,55
202507,29,MUARA ANGKE,5,53,5,60
202507,30,MUARA ANGKE,5,47,5,54
202507,31,MUARA ANGKE,5,49,5,58
202507,1,LEBAK BULUS,31,0,31,77
202507,2,LEBAK BULUS,33,0,33,83
202507,3,LEBAK BULUS,30,0,30,35
202507,4,LEBAK BULUS,33,12,33,57
202507,5,LEBAK BULUS,35,0,35,71
202507,6,LEBAK BULUS,35,13,35,65
202507,7,LEBAK BULUS,31,0,31,59
202507,8,LEBAK BULUS,33,0,33,57
202507,9,LEBAK BULUS,33,0,33,61
202507,10,LEBAK BULUS,35,0,35,59
202507,11,LEBAK BULUS,5,25,35,59
202507,12,LEBAK BULUS,33,15,33,71
202507,13,LEBAK BULUS,32,0,32,55
202507,14,LEBAK BULUS,30,0,30,56
202507,15,LEBAK BULUS,31,0,31,57
202507,16,LEBAK BULUS,32,0,32,55
202507,17,LEBAK BULUS,31,0,31,51
202507,18,LEBAK BULUS,33,13,33,57
202507,19,LEBAK BULUS,31,11,31,55
202507,20,LEBAK BULUS,30,0,30,57
202507,21,LEBAK BULUS,31,0,31,55
202507,22,LEBAK BULUS,29,0,29,49
202507,23,LEBAK BULUS,29,0,29,51
202507,24,LEBAK BULUS,30,15,30,57
202507,25,LEBAK BULUS,33,0,33,75
202507,26,LEBAK BULUS,35,14,35,69
202507,27,LEBAK BULUS,33,10,33,57
202507,28,LEBAK BULUS,31,0,31,51
202507,29,LEBAK BULUS,31,0,31,49
202507,30,LEBAK BULUS,30,0,30,29
202507,31,LEBAK BULUS,33,21,33,65
202507,1,PINANGRANTI,99,297,99,311
202509,9,RAGUNAN,65,1154,65,1192
202509,10,RAGUNAN,65,1149,65,1184
202509,11,RAGUNAN,65,1140,65,1171
202509,12,RAGUNAN,65,1163,65,1168
202509,13,RAGUNAN,61,1163,61,1202
202509,14,RAGUNAN,61,1154,61,1221
202509,15,RAGUNAN,65,1130,65,1169
202509,16,RAGUNAN,65,1163,65,1177
202509,17,RAGUNAN,65,1173,65,1195
202509,18,RAGUNAN,65,1157,65,1172
202509,19,RAGUNAN,66,1171,66,1174
202509,20,RAGUNAN,62,1182,62,1206
202509,21,RAGUNAN,61,1226,61,1216
202509,22,RAGUNAN,65,1157,65,1187
202509,23,RAGUNAN,65,1174,65,1186
202509,24,RAGUNAN,65,1164,65,1192
202509,25,RAGUNAN,65,1153,65,1149
202509,26,RAGUNAN,65,1128,65,1179
202509,27,RAGUNAN,62,1150,62,1204
202509,28,RAGUNAN,60,1164,60,1190
202509,29,RAGUNAN,65,1143,65,1184
202509,30,RAGUNAN,65,1170,65,1145
202509,1,BLOK M,402,4517,402,4907
202509,2,BLOK M,411,4932,411,5193
202509,3,BLOK M,413,5122,413,5303
202509,4,BLOK M,429,5059,429,5289
202509,5,BLOK M,331,4352,331,4773
202509,6,BLOK M,331,4461,331,4811
202509,7,BLOK M,329,4342,329,4732
202509,8,BLOK M,412,5552,412,5558
202509,9,BLOK M,407,5529,407,5566
202509,10,BLOK M,423,5733,423,5717
202509,11,BLOK M,424,5510,424,5582
202509,12,BLOK M,429,5699,429,5756
202509,13,BLOK M,329,4754,329,4995
202509,14,BLOK M,342,4576,342,4897
202509,15,BLOK M,442,5719,442,5772
202509,16,BLOK M,442,5596,442,5697
202509,17,BLOK M,442,5622,442,5715
202509,18,BLOK M,447,5470,447,5606
202509,19,BLOK M,408,5641,408,5697
202509,20,BLOK M,358,4806,358,5038
202509,21,BLOK M,341,4659,341,4927
202509,22,BLOK M,447,5672,447,5729
202509,23,BLOK M,447,5460,447,5597
202509,24,BLOK M,451,5896,451,5871
202509,25,BLOK M,440,5409,440,5548
202509,26,BLOK M,440,5486,440,5567
202509,27,BLOK M,350,4868,350,5093
202509,28,BLOK M,353,4607,353,4913
202509,29,BLOK M,438,5652,438,5655
202509,30,BLOK M,436,5640,436,5647
202509,1,CILILITAN,237,5734,237,5923
202509,2,CILILITAN,237,7710,237,6101
202509,3,CILILITAN,236,8261,236,8554
202509,4,CILILITAN,236,10626,236,8650
202509,5,CILILITAN,193,7388,193,7602
202509,6,CILILITAN,193,7646,193,8118
202509,7,CILILITAN,193,7547,193,8485
202509,8,CILILITAN,237,10710,237,12273
202509,9,CILILITAN,236,10575,236,12116
202509,10,CILILITAN,236,10970,236,12627
202603,12,KALIDERES,108,607,96,1042
202603,13,KALIDERES,126,573,112,1484
202603,14,KALIDERES,146,546,132,1779
202603,15,KALIDERES,169,505,153,2276
202603,16,KALIDERES,152,482,138,1861
202603,17,KALIDERES,191,464,174,2947
202603,18,KALIDERES,238,394,216,3653
202603,19,KALIDERES,152,338,136,1745
202603,20,KALIDERES,95,221,73,940
202603,21,KALIDERES,77,159,52,652
202603,22,KALIDERES,89,247,65,778
202603,23,KALIDERES,104,780,72,674
202603,24,KALIDERES,141,1893,81,789
202603,25,KALIDERES,176,2456,74,691
202603,26,KALIDERES,148,1945,70,656
202603,27,KALIDERES,133,1472,82,831
202603,28,KALIDERES,120,1264,91,957
202603,29,KALIDERES,182,2718,82,803
202603,30,KALIDERES,137,1511,74,715
202603,31,KALIDERES,105,989,71,670
202603,1,TANJUNG PRIOK,87,419,77,447
202603,2,TANJUNG PRIOK,84,389,73,376
202603,3,TANJUNG PRIOK,81,397,70,368
202603,4,TANJUNG PRIOK,78,386,66,379
202603,5,TANJUNG PRIOK,75,375,65,324
202603,6,TANJUNG PRIOK,84,398,73,413
202603,7,TANJUNG PRIOK,85,409,75,439
202603,8,TANJUNG PRIOK,81,423,71,441
202603,9,TANJUNG PRIOK,77,386,66,353
202603,10,TANJUNG PRIOK,79,413,67,398
202603,11,TANJUNG PRIOK,83,408,72,372
202603,12,TANJUNG PRIOK,85,427,74,449
202603,13,TANJUNG PRIOK,85,398,75,519
202603,14,TANJUNG PRIOK,95,469,82,729
202603,15,TANJUNG PRIOK,114,654,102,1298
202603,16,TANJUNG PRIOK,121,667,108,1407
202603,17,TANJUNG PRIOK,133,595,119,1734
202603,18,TANJUNG PRIOK,159,641,147,2496
202603,19,TANJUNG PRIOK,138,617,126,1386
202603,20,TANJUNG PRIOK,86,293,75,833
202603,21,TANJUNG PRIOK,67,225,58,567
202603,22,TANJUNG PRIOK,78,412,66,543
202603,23,TANJUNG PRIOK,87,798,75,528
202603,24,TANJUNG PRIOK,109,1421,94,683
202603,25,TANJUNG PRIOK,121,1235,91,539
202603,26,TANJUNG PRIOK,127,1527,98,636
202603,27,TANJUNG PRIOK,118,1198,103,786
202603,28,TANJUNG PRIOK,121,1306,105,531
202603,29,TANJUNG PRIOK,125,1522,97,423
202603,30,TANJUNG PRIOK,89,279,78,183
202603,31,TANJUNG PRIOK,85,397,75,273
202603,1,GROGOL,101,64,101,162
202603,2,GROGOL,106,59,106,150
202603,3,GROGOL,101,54,101,145
202603,4,GROGOL,105,55,105,156
202603,5,GROGOL,96,59,96,144
202603,6,GROGOL,112,51,112,178
202603,7,GROGOL,103,37,103,160
202603,8,GROGOL,104,53,104,152
202603,9,GROGOL,112,48,112,178
202603,10,GROGOL,102,44,102,158
202507,2,PINANGRANTI,99,297,99,312
202507,3,PINANGRANTI,99,272,99,294
202507,4,PINANGRANTI,99,280,99,291
202507,5,PINANGRANTI,79,270,79,284
202507,6,PINANGRANTI,79,261,79,274
202507,7,PINANGRANTI,89,276,89,292
202507,8,PINANGRANTI,89,282,89,295
202507,9,PINANGRANTI,89,288,89,309
202507,10,PINANGRANTI,89,284,89,302
202507,11,PINANGRANTI,89,278,89,293
202507,12,PINANGRANTI,79,236,79,250
202507,13,PINANGRANTI,79,235,79,243
202507,14,PINANGRANTI,89,292,89,306
202507,15,PINANGRANTI,89,298,89,312
202507,16,PINANGRANTI,89,308,89,328
202507,17,PINANGRANTI,89,316,89,340
202507,18,PINANGRANTI,89,306,89,331
202507,19,PINANGRANTI,79,313,79,329
202507,20,PINANGRANTI,79,256,79,273
202507,21,PINANGRANTI,89,299,89,327
202507,22,PINANGRANTI,89,299,89,322
202507,23,PINANGRANTI,89,300,89,318
202507,24,PINANGRANTI,89,307,89,329
202507,25,PINANGRANTI,89,289,89,305
202507,26,PINANGRANTI,79,289,79,306
202507,27,PINANGRANTI,79,257,79,270
202507,28,PINANGRANTI,89,305,89,323
202507,29,PINANGRANTI,89,306,89,323
202507,30,PINANGRANTI,89,311,89,328
202507,31,PINANGRANTI,89,311,89,327
202507,1,RAWAMANGUN,43,316,43,336
202507,2,RAWAMANGUN,48,357,48,336
202507,3,RAWAMANGUN,43,333,43,302
202507,4,RAWAMANGUN,45,338,45,363
202507,5,RAWAMANGUN,45,349,45,337
202507,6,RAWAMANGUN,42,317,42,310
202507,7,RAWAMANGUN,43,316,43,285
202507,8,RAWAMANGUN,46,343,46,351
202507,9,RAWAMANGUN,43,345,43,340
202507,10,RAWAMANGUN,45,349,45,341
202507,11,RAWAMANGUN,42,323,42,311
202507,12,RAWAMANGUN,43,320,43,323
202507,13,RAWAMANGUN,44,335,44,358
202507,14,RAWAMANGUN,43,296,43,319
202507,15,RAWAMANGUN,44,323,44,325
202507,16,RAWAMANGUN,44,312,44,338
202507,17,RAWAMANGUN,41,299,41,301
202507,18,RAWAMANGUN,45,353,45,328
202507,19,RAWAMANGUN,43,313,43,322
202507,20,RAWAMANGUN,43,306,43,327
202507,21,RAWAMANGUN,44,303,44,338
202507,22,RAWAMANGUN,45,323,45,327
202507,23,RAWAMANGUN,44,357,44,317
202507,24,RAWAMANGUN,43,328,43,326
202507,25,RAWAMANGUN,44,360,44,342
202507,26,RAWAMANGUN,44,316,44,336
202507,27,RAWAMANGUN,39,274,39,241
202507,28,RAWAMANGUN,42,330,42,314
202507,29,RAWAMANGUN,42,306,42,281
202507,30,RAWAMANGUN,43,322,43,310
202507,31,RAWAMANGUN,45,333,45,334
202507,1,RAGUNAN,65,1158,65,1165
202509,11,CILILITAN,235,11035,235,12534
202509,12,CILILITAN,235,11213,235,12017
202509,13,CILILITAN,196,8138,196,8888
202509,14,CILILITAN,196,7569,196,8274
202509,15,CILILITAN,236,10497,236,11731
202509,16,CILILITAN,236,10564,236,11250
202509,17,CILILITAN,236,11430,236,11899
202509,18,CILILITAN,233,11057,233,11077
202509,19,CILILITAN,236,10673,236,12365
202509,20,CILILITAN,196,7510,196,8912
202509,21,CILILITAN,194,7308,194,8301
202509,22,CILILITAN,225,10915,225,12311
202509,23,CILILITAN,235,10977,235,12121
202509,24,CILILITAN,235,11393,235,11625
202509,25,CILILITAN,235,11249,235,11987
202509,26,CILILITAN,236,11217,236,9627
202509,27,CILILITAN,194,8283,194,8794
202509,28,CILILITAN,194,7440,194,8087
202509,29,CILILITAN,235,9983,235,11295
202509,30,CILILITAN,235,9935,235,11526
202509,1,KLENDER,136,279,138,288
202509,2,KLENDER,139,282,141,289
202509,3,KLENDER,134,280,137,285
202509,4,KLENDER,137,283,139,290
202509,5,KLENDER,138,292,140,297
202509,6,KLENDER,135,286,138,297
202509,7,KLENDER,137,290,141,303
202509,8,KLENDER,139,294,142,298
202509,9,KLENDER,138,290,140,296
202509,10,KLENDER,136,290,139,296
202509,11,KLENDER,140,294,142,301
202509,12,KLENDER,137,290,138,294
202509,13,KLENDER,139,296,140,303
202509,14,KLENDER,138,293,139,297
202509,15,KLENDER,137,290,138,296
202509,16,KLENDER,138,290,140,296
202509,17,KLENDER,136,285,139,289
202509,18,KLENDER,134,277,138,282
202509,19,KLENDER,137,281,140,287
202509,20,KLENDER,138,287,139,296
202509,21,KLENDER,136,286,138,293
202509,22,KLENDER,134,290,137,296
202509,23,KLENDER,138,287,140,296
202509,24,KLENDER,136,286,139,295
202509,25,KLENDER,134,286,137,293
202509,26,KLENDER,137,284,138,293
202509,27,KLENDER,139,291,141,297
202509,28,KLENDER,138,286,140,294
202509,29,KLENDER,139,282,141,289
202509,30,KLENDER,134,290,137,296
202509,1,PASAR MINGGU,102,203,102,211
202509,2,PASAR MINGGU,106,223,106,233
202509,3,PASAR MINGGU,109,237,109,246
202509,4,PASAR MINGGU,106,231,106,242
202509,5,PASAR MINGGU,106,228,106,243
202509,6,PASAR MINGGU,108,237,108,246
202509,7,PASAR MINGGU,106,241,106,250
202509,8,PASAR MINGGU,105,233,105,246
202509,9,PASAR MINGGU,110,238,110,250
202509,10,PASAR MINGGU,113,251,113,260
202509,11,PASAR MINGGU,113,250,113,261
202605,12,RAGUNAN,65,1198,65,1223
202605,13,RAGUNAN,65,1159,65,1186
202605,14,RAGUNAN,60,1192,60,1255
202605,15,RAGUNAN,61,1206,61,1219
202605,16,RAGUNAN,61,1253,61,1259
202605,17,RAGUNAN,61,1201,61,1231
202605,18,RAGUNAN,65,1197,65,1212
202605,19,RAGUNAN,65,1195,65,1221
202605,20,RAGUNAN,65,1177,65,1218
202605,21,RAGUNAN,65,1212,65,1213
202605,22,RAGUNAN,65,1186,65,1241
202605,23,RAGUNAN,62,1238,62,1240
202605,24,RAGUNAN,61,1212,61,1245
202605,25,RAGUNAN,65,1197,65,1225
202605,26,RAGUNAN,65,1202,65,1250
202605,27,RAGUNAN,60,1170,60,1164
202605,28,RAGUNAN,60,1249,60,1238
202605,29,RAGUNAN,65,1202,65,1229
202605,30,RAGUNAN,62,1220,62,1236
202605,31,RAGUNAN,61,1192,61,1248
202605,1,BLOK M,318,29027,318,38660
202605,2,BLOK M,317,29307,317,39043
202605,3,BLOK M,314,28849,314,38442
202605,4,BLOK M,411,41820,411,55700
202605,5,BLOK M,409,41261,409,54972
202605,6,BLOK M,425,41433,425,55198
202605,7,BLOK M,423,41372,423,55106
202605,8,BLOK M,422,41495,422,55279
202605,9,BLOK M,350,29282,350,38995
202605,10,BLOK M,348,28990,348,38605
202605,11,BLOK M,431,41553,431,55322
202605,12,BLOK M,437,41552,437,55350
202605,13,BLOK M,432,41736,1532,55601
202605,14,BLOK M,329,29170,329,38859
202605,15,BLOK M,331,29085,331,38737
202605,16,BLOK M,331,29119,331,38791
202605,17,BLOK M,327,28879,327,42769
202605,18,BLOK M,440,41798,440,55687
202605,19,BLOK M,434,41698,434,55557
202605,20,BLOK M,432,41889,432,55769
202605,21,BLOK M,433,41786,433,55667
202605,22,BLOK M,429,42077,429,56055
202605,23,BLOK M,340,29368,340,39115
202605,24,BLOK M,332,28973,332,38585
202605,25,BLOK M,436,41805,436,55701
202605,26,BLOK M,429,41892,429,55814
202605,27,BLOK M,328,29066,328,38716
202605,28,BLOK M,345,29354,345,39118
202605,29,BLOK M,433,41739,433,55618
202605,30,BLOK M,336,29296,336,39043
202605,31,BLOK M,350,29420,350,39187
202605,1,CILILITAN,196,10078,196,9782
202605,2,CILILITAN,196,10462,196,10826
202605,3,CILILITAN,195,10130,195,9700
202605,4,CILILITAN,234,10297,234,11690
202605,5,CILILITAN,235,12419,235,10663
202605,6,CILILITAN,235,12358,235,11582
202605,7,CILILITAN,235,12461,235,11029
202605,8,CILILITAN,235,12593,235,10123
202605,9,CILILITAN,196,9608,196,9111
202605,10,CILILITAN,195,9574,195,9415
202605,11,CILILITAN,236,10436,236,11024
202605,12,CILILITAN,236,11348,236,11012
202605,13,CILILITAN,236,12197,236,11173
202605,14,CILILITAN,196,9475,196,9421
202605,15,CILILITAN,196,9048,196,8698
202605,16,CILILITAN,196,10067,196,9848
202605,17,CILILITAN,196,7455,196,8203
202603,11,GROGOL,108,43,108,166
202603,12,GROGOL,115,38,115,181
202603,13,GROGOL,119,48,119,189
202603,14,GROGOL,128,39,128,235
202603,15,GROGOL,141,34,141,269
202603,16,GROGOL,130,31,130,249
202603,17,GROGOL,153,30,153,281
202603,18,GROGOL,158,24,158,306
202603,19,GROGOL,128,25,128,222
202603,20,GROGOL,97,17,97,176
202603,21,GROGOL,76,18,76,145
202603,22,GROGOL,83,15,83,166
202603,23,GROGOL,91,36,91,159
202603,24,GROGOL,97,28,97,225
202603,25,GROGOL,92,67,92,192
202603,26,GROGOL,91,70,91,159
202603,27,GROGOL,94,79,94,164
202603,28,GROGOL,92,84,92,156
202603,29,GROGOL,90,60,90,150
202603,30,GROGOL,99,61,99,145
202603,31,GROGOL,105,57,105,155
202603,1,MUARA ANGKE,5,107,5,102
202603,2,MUARA ANGKE,4,78,4,95
202603,3,MUARA ANGKE,4,113,4,132
202603,4,MUARA ANGKE,4,113,4,141
202603,5,MUARA ANGKE,4,50,4,115
202603,6,MUARA ANGKE,4,40,4,94
202603,7,MUARA ANGKE,4,40,4,93
202603,8,MUARA ANGKE,4,85,4,83
202603,9,MUARA ANGKE,4,98,4,129
202603,24,RAGUNAN,68,1210,68,1231
202603,25,RAGUNAN,68,1221,68,1261
202603,26,RAGUNAN,68,1163,68,1213
202603,27,RAGUNAN,69,1299,69,1340
202603,28,RAGUNAN,63,1235,63,1294
202603,29,RAGUNAN,62,1319,62,1345
202603,30,RAGUNAN,65,1136,65,1189
202603,31,RAGUNAN,65,1150,65,1184
202603,1,BLOK M,399,5941,399,6898
202603,2,BLOK M,508,6972,508,7573
202603,3,BLOK M,513,6986,513,7584
202603,4,BLOK M,521,7061,521,7655
202603,5,BLOK M,519,6863,519,7507
202603,6,BLOK M,517,6759,517,7445
202603,7,BLOK M,460,5935,460,6758
202603,8,BLOK M,461,5726,461,6623
202603,9,BLOK M,502,6888,502,7523
202603,10,BLOK M,529,6917,529,7550
202603,11,BLOK M,525,6861,525,7516
202603,12,BLOK M,512,6937,512,7561
202603,13,BLOK M,515,6908,515,7527
202603,14,BLOK M,429,6062,429,6959
202603,15,BLOK M,408,5959,408,6900
202603,16,BLOK M,474,6597,474,8931
202603,17,BLOK M,488,6723,488,8394
202603,18,BLOK M,374,5988,374,7441
202603,19,BLOK M,349,5939,349,7401
202603,20,BLOK M,351,5707,351,7194
202603,21,BLOK M,357,5262,357,6650
202603,22,BLOK M,366,6003,366,7510
202603,23,BLOK M,401,6131,401,7593
202603,24,BLOK M,408,6172,408,7674
202603,25,BLOK M,494,6424,494,7921
202507,2,RAGUNAN,65,1168,65,1209
202507,3,RAGUNAN,66,1158,66,1184
202507,4,RAGUNAN,66,1161,66,1232
202507,5,RAGUNAN,62,1178,62,1216
202507,6,RAGUNAN,61,1193,61,1237
202507,7,RAGUNAN,65,1157,65,1164
202507,8,RAGUNAN,63,1168,63,1179
202507,9,RAGUNAN,67,1155,67,1245
202507,10,RAGUNAN,66,1185,66,1216
202507,11,RAGUNAN,68,1192,68,1226
202507,12,RAGUNAN,62,1196,62,1220
202507,13,RAGUNAN,62,1193,62,1205
202507,14,RAGUNAN,65,1165,65,1174
202507,15,RAGUNAN,65,1157,65,1162
202507,16,RAGUNAN,65,1165,65,1154
202507,17,RAGUNAN,65,1166,65,1155
202507,18,RAGUNAN,65,1134,65,1152
202507,19,RAGUNAN,61,1157,61,1159
202507,20,RAGUNAN,60,1136,60,1161
202507,21,RAGUNAN,65,1154,65,1155
202507,22,RAGUNAN,65,1136,65,1169
202507,23,RAGUNAN,65,1144,65,1159
202507,24,RAGUNAN,65,1158,65,863
202507,25,RAGUNAN,67,1200,67,1217
202507,26,RAGUNAN,66,1194,66,1236
202507,27,RAGUNAN,61,1128,61,1204
202507,28,RAGUNAN,65,1167,65,1200
202507,29,RAGUNAN,65,1156,65,1185
202507,30,RAGUNAN,65,1161,65,1172
202507,31,RAGUNAN,65,1140,65,1169
202507,1,BLOK M,366,5280,366,5436
202507,2,BLOK M,340,5507,340,5607
202507,3,BLOK M,369,5357,369,5487
202507,4,BLOK M,407,5494,407,5603
202507,5,BLOK M,336,4724,336,5021
202507,6,BLOK M,326,4508,326,4841
202507,7,BLOK M,407,5616,407,5670
202507,8,BLOK M,404,5546,404,5609
202507,9,BLOK M,402,5611,402,5663
202507,10,BLOK M,407,5259,407,5415
202507,11,BLOK M,414,5487,414,5620
202507,12,BLOK M,329,4763,329,5071
202507,13,BLOK M,326,4704,326,5004
202507,14,BLOK M,404,5633,404,5681
202507,15,BLOK M,399,5711,399,5737
202507,16,BLOK M,483,5815,483,5886
202507,17,BLOK M,411,5738,411,5789
202507,18,BLOK M,398,5757,398,5778
202507,19,BLOK M,332,4830,332,5061
202507,20,BLOK M,329,4666,329,4949
202507,21,BLOK M,400,5591,400,5622
202507,22,BLOK M,405,5677,405,5706
202507,23,BLOK M,404,5722,404,5740
202507,24,BLOK M,405,5742,405,5751
202507,25,BLOK M,395,5850,395,5817
202507,26,BLOK M,346,5003,346,5243
202507,27,BLOK M,324,4794,324,5050
202507,28,BLOK M,407,5736,407,5764
202507,29,BLOK M,410,5691,410,5747
202507,30,BLOK M,419,5736,419,5793
202507,31,BLOK M,411,5626,411,5707
202507,1,CILILITAN,240,25919,240,30159
202509,12,PASAR MINGGU,113,251,113,262
202509,13,PASAR MINGGU,113,246,113,254
202509,14,PASAR MINGGU,113,255,113,261
202509,15,PASAR MINGGU,105,238,105,247
202509,16,PASAR MINGGU,107,235,107,246
202509,17,PASAR MINGGU,110,249,110,259
202509,18,PASAR MINGGU,105,255,105,264
202509,19,PASAR MINGGU,107,256,107,268
202509,20,PASAR MINGGU,106,255,106,265
202509,21,PASAR MINGGU,107,261,107,271
202509,22,PASAR MINGGU,105,253,105,260
202509,23,PASAR MINGGU,107,246,107,256
202509,24,PASAR MINGGU,103,250,103,259
202509,25,PASAR MINGGU,104,248,104,254
202509,26,PASAR MINGGU,108,249,108,256
202509,27,PASAR MINGGU,107,247,107,253
202509,28,PASAR MINGGU,105,246,105,257
202509,29,PASAR MINGGU,111,243,111,253
202509,30,PASAR MINGGU,110,238,110,250
202509,1,KAMPUNG MELAYU,131,931,132,646
202509,2,KAMPUNG MELAYU,247,3632,247,3724
202509,3,KAMPUNG MELAYU,351,3638,351,3786
202509,4,KAMPUNG MELAYU,363,4339,363,3901
202509,5,KAMPUNG MELAYU,278,3307,275,2922
202509,6,KAMPUNG MELAYU,286,2371,292,2457
202509,7,KAMPUNG MELAYU,193,1713,196,2330
202509,8,KAMPUNG MELAYU,403,6501,403,4658
202509,9,KAMPUNG MELAYU,307,5245,307,7635
202509,10,KAMPUNG MELAYU,403,6605,403,5442
202509,11,KAMPUNG MELAYU,327,5678,344,6569
202509,12,KAMPUNG MELAYU,380,5226,380,7387
202509,13,KAMPUNG MELAYU,249,2347,252,2243
202509,14,KAMPUNG MELAYU,223,2154,231,4406
202509,15,KAMPUNG MELAYU,370,3839,369,4629
202509,16,KAMPUNG MELAYU,352,4334,352,4345
202509,17,KAMPUNG MELAYU,376,8042,376,7313
202509,18,KAMPUNG MELAYU,287,4226,277,5827
202509,19,KAMPUNG MELAYU,380,6011,380,6874
202509,20,KAMPUNG MELAYU,306,2096,306,2085
202509,21,KAMPUNG MELAYU,295,3229,295,3883
202509,22,KAMPUNG MELAYU,338,6279,338,7817
202509,23,KAMPUNG MELAYU,383,5824,383,5589
202509,24,KAMPUNG MELAYU,324,7998,324,7835
202509,25,KAMPUNG MELAYU,372,5577,372,5444
202509,26,KAMPUNG MELAYU,319,5616,319,5999
202509,27,KAMPUNG MELAYU,305,2653,305,2905
202509,28,KAMPUNG MELAYU,261,2159,261,2285
202509,29,KAMPUNG MELAYU,392,6203,393,9367
202509,30,KAMPUNG MELAYU,322,9457,322,7754
202509,1,SENEN,242,1599,242,1790
202509,2,SENEN,240,1589,240,1780
202509,3,SENEN,240,1568,240,1780
202509,4,SENEN,237,1322,237,1813
202509,5,SENEN,237,1320,237,1812
202509,6,SENEN,191,1324,191,1694
202509,7,SENEN,188,1325,188,1806
202509,8,SENEN,242,1597,242,1783
202509,9,SENEN,240,1581,240,1776
202509,10,SENEN,240,1565,240,1776
202509,11,SENEN,237,1323,237,1814
202510,1,KAMPUNG RAMBUTAN,197,884,55,446
202510,2,KAMPUNG RAMBUTAN,193,781,76,418
202510,3,KAMPUNG RAMBUTAN,225,1059,73,558
202510,4,KAMPUNG RAMBUTAN,192,979,82,470
202510,5,KAMPUNG RAMBUTAN,206,1251,80,645
202510,6,KAMPUNG RAMBUTAN,205,1198,65,379
202510,7,KAMPUNG RAMBUTAN,195,913,57,472
202510,8,KAMPUNG RAMBUTAN,185,898,57,392
202510,9,KAMPUNG RAMBUTAN,173,832,49,288
202510,10,KAMPUNG RAMBUTAN,186,928,74,521
202510,11,KAMPUNG RAMBUTAN,197,1143,72,523
202510,12,KAMPUNG RAMBUTAN,210,1072,72,553
202510,13,KAMPUNG RAMBUTAN,201,882,89,489
202510,14,KAMPUNG RAMBUTAN,166,705,52,412
202510,15,KAMPUNG RAMBUTAN,182,763,48,317
202510,16,KAMPUNG RAMBUTAN,173,757,58,475
202510,17,KAMPUNG RAMBUTAN,197,881,40,314
202510,18,KAMPUNG RAMBUTAN,183,819,63,301
202510,19,KAMPUNG RAMBUTAN,220,862,70,618
202510,20,KAMPUNG RAMBUTAN,189,821,76,433
202510,21,KAMPUNG RAMBUTAN,177,767,66,360
202510,22,KAMPUNG RAMBUTAN,176,881,54,386
202510,23,KAMPUNG RAMBUTAN,176,781,69,337
202510,24,KAMPUNG RAMBUTAN,197,871,70,550
202510,25,KAMPUNG RAMBUTAN,199,895,61,500
202510,26,KAMPUNG RAMBUTAN,239,1193,75,454
202510,27,KAMPUNG RAMBUTAN,202,895,69,440
202510,28,KAMPUNG RAMBUTAN,175,880,70,373
202510,29,KAMPUNG RAMBUTAN,178,787,73,435
202510,30,KAMPUNG RAMBUTAN,162,799,54,309
202510,31,KAMPUNG RAMBUTAN,199,1099,79,531
202510,1,KALIDERES,78,653,68,616
202510,2,KALIDERES,82,626,72,641
202510,3,KALIDERES,85,641,75,685
202510,4,KALIDERES,92,662,81,720
202510,5,KALIDERES,89,685,78,694
202510,6,KALIDERES,86,724,76,662
202510,7,KALIDERES,83,689,73,638
202510,8,KALIDERES,80,658,70,617
202510,9,KALIDERES,78,627,68,649
202510,10,KALIDERES,84,608,74,673
202510,11,KALIDERES,89,634,78,738
202510,12,KALIDERES,87,687,76,696
202510,13,KALIDERES,84,723,74,661
202510,14,KALIDERES,81,696,71,635
202510,15,KALIDERES,79,651,69,610
202510,16,KALIDERES,83,622,73,644
202510,17,KALIDERES,87,645,77,672
202510,18,KALIDERES,93,664,82,718
202510,19,KALIDERES,90,689,79,697
202510,20,KALIDERES,86,728,76,667
202510,21,KALIDERES,83,687,73,639
202510,22,KALIDERES,79,653,69,615
202510,23,KALIDERES,82,626,72,640
202510,24,KALIDERES,87,645,77,684
202510,25,KALIDERES,92,664,81,712
202510,26,KALIDERES,89,681,78,698
202510,27,KALIDERES,86,712,76,656
202510,28,KALIDERES,83,694,73,631
202510,29,KALIDERES,80,659,70,615
202510,30,KALIDERES,84,628,74,640
202507,2,CILILITAN,240,25836,240,30030
202507,3,CILILITAN,236,28056,236,30808
202507,4,CILILITAN,236,27583,236,30151
202507,5,CILILITAN,196,18178,196,21056
202507,6,CILILITAN,196,16028,196,18005
202507,7,CILILITAN,238,24007,238,26197
202507,8,CILILITAN,238,25183,238,28709
202507,9,CILILITAN,238,26519,238,29178
202507,10,CILILITAN,238,26730,238,30361
202507,11,CILILITAN,238,26654,238,28809
202507,12,CILILITAN,225,18740,225,22136
202507,13,CILILITAN,196,17145,196,20824
202507,14,CILILITAN,238,25219,238,30074
202507,15,CILILITAN,236,26031,236,28800
202507,16,CILILITAN,238,27204,238,29100
202507,17,CILILITAN,238,25716,238,29382
202507,18,CILILITAN,238,11388,238,11345
202507,19,CILILITAN,196,7642,196,8169
202507,20,CILILITAN,196,6987,196,7377
202507,21,CILILITAN,238,9896,238,11226
202507,22,CILILITAN,238,10197,238,11447
202507,23,CILILITAN,237,10861,237,10600
202507,24,CILILITAN,237,10031,237,10318
202507,25,CILILITAN,236,12379,236,11811
202507,26,CILILITAN,196,6201,196,7330
202507,27,CILILITAN,196,5323,196,7896
202507,28,CILILITAN,235,9956,235,11392
202507,29,CILILITAN,235,10353,235,12119
202507,30,CILILITAN,235,10499,235,11569
202507,31,CILILITAN,237,10646,237,11644
202507,1,KLENDER,136,283,138,288
202507,2,KLENDER,138,282,140,291
202507,3,KLENDER,141,302,143,308
202507,4,KLENDER,139,289,140,293
202507,5,KLENDER,137,289,139,296
202507,6,KLENDER,134,295,139,300
202507,7,KLENDER,138,291,140,300
202507,8,KLENDER,137,292,139,296
202507,9,KLENDER,140,286,142,293
202507,10,KLENDER,136,287,139,292
202507,11,KLENDER,137,290,138,295
202507,12,KLENDER,138,292,141,299
202507,13,KLENDER,136,291,139,297
202507,14,KLENDER,139,287,141,293
202507,15,KLENDER,137,291,139,298
202507,16,KLENDER,135,287,137,290
202507,17,KLENDER,141,288,143,294
202507,18,KLENDER,137,279,139,283
202507,19,KLENDER,139,281,141,286
202507,20,KLENDER,140,287,143,292
202507,21,KLENDER,136,281,116,286
202507,22,KLENDER,138,286,140,290
202507,23,KLENDER,140,287,142,294
202507,24,KLENDER,137,289,141,294
202507,25,KLENDER,141,293,143,298
202507,26,KLENDER,139,292,140,296
202507,27,KLENDER,138,293,141,302
202507,28,KLENDER,136,292,139,297
202507,29,KLENDER,138,297,140,301
202507,30,KLENDER,135,290,139,299
202507,31,KLENDER,136,291,139,297
202509,12,SENEN,237,1333,237,1803
202509,13,SENEN,191,1330,191,1716
202509,14,SENEN,188,1325,188,1808
202509,15,SENEN,242,1605,242,1792
202509,16,SENEN,240,1574,240,1779
202509,17,SENEN,237,1322,237,1807
202509,18,SENEN,237,1313,237,1812
202509,19,SENEN,237,1335,237,1814
202509,20,SENEN,191,1317,191,1694
202509,21,SENEN,188,1322,188,1810
202509,22,SENEN,242,1613,242,1790
202509,23,SENEN,242,1589,242,1769
202509,24,SENEN,240,1534,240,1814
202509,25,SENEN,237,1315,237,1813
202509,26,SENEN,237,1328,237,1816
202509,27,SENEN,191,1316,191,1708
202509,28,SENEN,188,1325,188,1800
202509,29,SENEN,242,1610,242,1789
202509,30,SENEN,242,1577,242,1789
202509,1,MANGGARAI,36,2744,36,9938
202509,2,MANGGARAI,36,2834,36,10036
202509,3,MANGGARAI,36,2984,36,10081
202509,4,MANGGARAI,36,2583,36,10145
202509,5,MANGGARAI,24,2821,24,9394
202509,6,MANGGARAI,24,2890,24,9476
202509,7,MANGGARAI,24,2750,24,9372
202509,8,MANGGARAI,36,4522,36,9992
202509,9,MANGGARAI,36,3955,36,9005
202509,10,MANGGARAI,36,4150,36,10150
202509,11,MANGGARAI,36,2999,36,10032
202509,12,MANGGARAI,36,2765,36,9625
202509,13,MANGGARAI,24,2645,24,9485
202509,14,MANGGARAI,24,2777,24,9468
202509,15,MANGGARAI,36,2865,36,9963
202509,16,MANGGARAI,36,2966,36,10026
202509,17,MANGGARAI,36,2950,36,9891
202509,18,MANGGARAI,36,2780,36,9871
202509,19,MANGGARAI,36,2950,36,9986
202509,20,MANGGARAI,24,2565,24,9944
202509,21,MANGGARAI,24,2595,24,9969
202509,22,MANGGARAI,36,3232,36,10030
202509,23,MANGGARAI,36,3322,36,10067
202509,24,MANGGARAI,36,4121,36,11071
202509,25,MANGGARAI,36,3955,36,10119
202509,26,MANGGARAI,36,4411,36,10142
202509,27,MANGGARAI,24,2878,24,9972
202509,28,MANGGARAI,24,2888,24,9943
202509,29,MANGGARAI,36,4566,36,11130
202509,30,MANGGARAI,36,4666,36,11123
202509,1,PULOGADUNG,219,1937,217,1998
202509,2,PULOGADUNG,215,1945,217,1970
202509,3,PULOGADUNG,230,1974,224,2025
202509,4,PULOGADUNG,229,1984,217,1965
202509,5,PULOGADUNG,217,1946,213,1975
202509,6,PULOGADUNG,207,1877,204,1892
202509,7,PULOGADUNG,232,2000,230,2013
202509,8,PULOGADUNG,231,1984,221,1988
202509,9,PULOGADUNG,227,1991,229,1984
202509,10,PULOGADUNG,224,1757,226,1746
202509,11,PULOGADUNG,216,1979,221,2027
202509,12,PULOGADUNG,206,1684,226,1765
202509,13,PULOGADUNG,204,1616,215,1667
202605,21,KALIDERES,86,623,76,658
202605,22,KALIDERES,90,606,80,684
202605,23,KALIDERES,104,635,92,1249
202605,24,KALIDERES,113,652,101,1421
202605,25,KALIDERES,98,677,89,1063
202605,26,KALIDERES,107,694,96,1345
202605,27,KALIDERES,89,668,79,870
202605,28,KALIDERES,85,646,75,782
202605,29,KALIDERES,88,665,78,828
202605,30,KALIDERES,92,682,81,874
202605,31,KALIDERES,90,701,79,816
202605,1,TANJUNG PRIOK,95,581,85,650
202605,2,TANJUNG PRIOK,84,476,75,453
202605,3,TANJUNG PRIOK,90,476,80,381
202605,4,TANJUNG PRIOK,81,378,74,394
202605,5,TANJUNG PRIOK,83,377,75,392
202605,6,TANJUNG PRIOK,85,384,76,389
202605,7,TANJUNG PRIOK,84,371,73,385
202605,8,TANJUNG PRIOK,88,386,78,467
202605,9,TANJUNG PRIOK,90,460,78,498
202605,10,TANJUNG PRIOK,86,445,74,382
202605,11,TANJUNG PRIOK,90,398,78,365
202605,12,TANJUNG PRIOK,88,370,76,396
202605,13,TANJUNG PRIOK,90,393,77,642
202605,14,TANJUNG PRIOK,99,423,86,647
202605,15,TANJUNG PRIOK,94,490,82,464
202605,16,TANJUNG PRIOK,87,567,76,400
202605,17,TANJUNG PRIOK,90,603,80,404
202605,18,TANJUNG PRIOK,81,397,73,389
202605,19,TANJUNG PRIOK,87,399,78,383
202605,20,TANJUNG PRIOK,84,381,77,389
202605,21,TANJUNG PRIOK,86,396,78,370
202605,22,TANJUNG PRIOK,87,378,75,439
202605,23,TANJUNG PRIOK,87,443,76,484
202605,24,TANJUNG PRIOK,85,442,75,378
202605,25,TANJUNG PRIOK,79,389,71,375
202605,26,TANJUNG PRIOK,90,405,79,652
202605,27,TANJUNG PRIOK,83,391,74,394
202605,28,TANJUNG PRIOK,90,587,80,386
202605,29,TANJUNG PRIOK,90,402,79,657
202605,30,TANJUNG PRIOK,87,441,77,500
202605,31,TANJUNG PRIOK,85,427,74,411
202605,1,GROGOL,113,45,113,159
202605,2,GROGOL,112,56,112,149
202605,3,GROGOL,104,67,104,136
202605,4,GROGOL,106,62,106,141
202605,5,GROGOL,98,48,98,128
202605,6,GROGOL,102,39,102,142
202605,7,GROGOL,106,42,106,150
202605,8,GROGOL,113,43,113,166
202605,9,GROGOL,112,37,112,149
202605,10,GROGOL,106,43,106,139
202605,11,GROGOL,101,67,101,131
202605,12,GROGOL,98,55,98,127
202605,13,GROGOL,117,37,117,169
202605,14,GROGOL,102,24,102,134
202605,15,GROGOL,110,43,110,148
202605,16,GROGOL,101,46,101,134
202605,17,GROGOL,98,43,98,129
202605,18,GROGOL,104,69,104,133
202605,19,GROGOL,101,59,101,129
202605,20,GROGOL,103,42,103,135
202605,21,GROGOL,99,48,99,131
202605,22,GROGOL,112,35,112,160
202605,23,GROGOL,109,32,109,141
202605,24,GROGOL,114,44,114,157
202605,25,GROGOL,111,30,111,168
202605,26,GROGOL,131,34,131,221
202605,27,GROGOL,108,25,108,155
202510,31,KALIDERES,88,647,78,684
202510,1,TANJUNG PRIOK,72,175,62,198
202510,2,TANJUNG PRIOK,72,169,64,316
202510,3,TANJUNG PRIOK,92,312,84,428
202510,4,TANJUNG PRIOK,89,392,79,442
202510,5,TANJUNG PRIOK,90,466,80,382
202510,6,TANJUNG PRIOK,74,310,65,229
202510,7,TANJUNG PRIOK,86,264,77,312
202510,8,TANJUNG PRIOK,76,214,67,287
202510,9,TANJUNG PRIOK,73,322,64,258
202510,10,TANJUNG PRIOK,91,428,82,452
202510,11,TANJUNG PRIOK,88,476,80,384
202510,12,TANJUNG PRIOK,90,382,79,346
202510,13,TANJUNG PRIOK,78,282,68,246
202510,14,TANJUNG PRIOK,89,312,80,268
202510,15,TANJUNG PRIOK,74,288,63,264
202510,16,TANJUNG PRIOK,88,308,80,384
202510,17,TANJUNG PRIOK,85,232,73,346
202510,18,TANJUNG PRIOK,91,362,82,378
202510,19,TANJUNG PRIOK,90,347,79,362
202510,20,TANJUNG PRIOK,78,264,69,218
202510,21,TANJUNG PRIOK,88,326,80,248
202510,22,TANJUNG PRIOK,86,219,77,266
202510,23,TANJUNG PRIOK,87,316,80,264
202510,24,TANJUNG PRIOK,90,382,82,314
202510,25,TANJUNG PRIOK,89,416,80,328
202510,26,TANJUNG PRIOK,90,364,81,306
202510,27,TANJUNG PRIOK,88,213,80,264
202510,28,TANJUNG PRIOK,78,236,69,274
202510,29,TANJUNG PRIOK,83,264,74,296
202510,30,TANJUNG PRIOK,84,286,75,349
202510,31,TANJUNG PRIOK,89,316,81,364
202510,1,GROGOL,112,51,112,126
202510,2,GROGOL,118,46,118,138
202510,3,GROGOL,127,35,127,153
202510,4,GROGOL,122,48,122,138
202510,5,GROGOL,116,65,116,122
202510,6,GROGOL,119,59,119,137
202510,7,GROGOL,113,52,113,123
202510,8,GROGOL,118,48,118,133
202510,9,GROGOL,115,43,115,126
202510,10,GROGOL,119,35,119,137
202510,11,GROGOL,122,39,122,152
202510,12,GROGOL,111,49,111,123
202510,13,GROGOL,106,59,106,114
202510,14,GROGOL,101,48,101,98
202510,15,GROGOL,112,43,112,119
202510,16,GROGOL,107,45,107,126
202510,17,GROGOL,118,36,118,135
202510,18,GROGOL,122,39,122,139
202510,19,GROGOL,113,45,113,118
202510,20,GROGOL,102,41,102,106
202510,21,GROGOL,97,34,97,91
202510,22,GROGOL,104,39,104,111
202510,23,GROGOL,101,32,101,117
202510,24,GROGOL,112,37,112,128
202510,25,GROGOL,108,42,108,119
202510,26,GROGOL,103,48,103,112
202510,27,GROGOL,111,54,111,104
202510,28,GROGOL,107,64,107,97
202510,29,GROGOL,113,58,113,108
202510,30,GROGOL,116,53,116,119
202507,1,PASAR MINGGU,109,248,109,256
202507,2,PASAR MINGGU,106,243,106,254
202507,3,PASAR MINGGU,107,247,107,256
202507,4,PASAR MINGGU,107,239,107,248
202507,5,PASAR MINGGU,108,245,108,253
202507,6,PASAR MINGGU,108,251,108,259
202507,7,PASAR MINGGU,106,234,106,245
202507,8,PASAR MINGGU,109,241,109,251
202507,9,PASAR MINGGU,106,239,106,248
202507,10,PASAR MINGGU,112,248,112,256
202507,11,PASAR MINGGU,107,245,107,252
202507,12,PASAR MINGGU,106,247,106,254
202507,13,PASAR MINGGU,107,248,107,255
202507,14,PASAR MINGGU,111,247,111,256
202507,15,PASAR MINGGU,107,239,107,250
202507,16,PASAR MINGGU,103,235,103,245
202507,17,PASAR MINGGU,109,236,109,247
202507,18,PASAR MINGGU,109,243,109,254
202507,19,PASAR MINGGU,105,238,105,247
202507,20,PASAR MINGGU,108,246,108,253
202507,21,PASAR MINGGU,108,243,108,252
202507,22,PASAR MINGGU,104,238,104,248
202507,23,PASAR MINGGU,107,244,107,253
202507,24,PASAR MINGGU,106,245,106,253
202507,25,PASAR MINGGU,109,238,109,249
202507,26,PASAR MINGGU,110,240,110,249
202507,27,PASAR MINGGU,105,235,105,246
202507,28,PASAR MINGGU,110,238,110,251
202507,29,PASAR MINGGU,109,241,109,248
202507,30,PASAR MINGGU,106,241,106,254
202507,31,PASAR MINGGU,108,240,108,251
202507,1,KAMPUNG MELAYU,292,4400,292,4831
202507,2,KAMPUNG MELAYU,248,4664,248,4292
202507,3,KAMPUNG MELAYU,313,5027,313,6266
202507,4,KAMPUNG MELAYU,281,4121,281,4234
202507,5,KAMPUNG MELAYU,260,2781,268,3803
202507,6,KAMPUNG MELAYU,291,3570,291,4186
202507,7,KAMPUNG MELAYU,377,6757,366,6086
202507,8,KAMPUNG MELAYU,434,8080,434,8985
202507,9,KAMPUNG MELAYU,248,4664,248,4292
202507,10,KAMPUNG MELAYU,323,5948,323,4950
202507,11,KAMPUNG MELAYU,280,3049,282,3808
202507,12,KAMPUNG MELAYU,235,2199,235,2095
202507,13,KAMPUNG MELAYU,262,2659,262,3563
202507,14,KAMPUNG MELAYU,264,5427,264,5025
202507,15,KAMPUNG MELAYU,309,7348,299,8154
202507,16,KAMPUNG MELAYU,307,4796,307,8110
202507,17,KAMPUNG MELAYU,267,5237,267,9232
202507,18,KAMPUNG MELAYU,330,3737,330,3564
202507,19,KAMPUNG MELAYU,234,2560,234,2674
202507,20,KAMPUNG MELAYU,240,2855,240,3853
202507,21,KAMPUNG MELAYU,323,9680,323,5600
202507,22,KAMPUNG MELAYU,297,6417,297,9937
202507,23,KAMPUNG MELAYU,301,5158,301,7573
202507,24,KAMPUNG MELAYU,433,5427,429,6626
202507,25,KAMPUNG MELAYU,387,4639,387,6134
202507,26,KAMPUNG MELAYU,231,3439,231,3908
202507,27,KAMPUNG MELAYU,293,2690,293,4474
202507,28,KAMPUNG MELAYU,368,4744,368,10029
202509,14,PULOGADUNG,205,1565,220,1624
202509,15,PULOGADUNG,219,1881,217,1834
202509,16,PULOGADUNG,231,2014,219,1828
202509,17,PULOGADUNG,228,1854,223,1885
202509,18,PULOGADUNG,229,1851,226,1912
202509,19,PULOGADUNG,221,1701,230,1880
202509,20,PULOGADUNG,204,1599,205,1695
202509,21,PULOGADUNG,204,1599,205,1697
202509,22,PULOGADUNG,220,1868,215,1870
202509,23,PULOGADUNG,217,1854,212,1852
202509,24,PULOGADUNG,224,1778,221,1832
202509,25,PULOGADUNG,224,1848,220,1878
202509,26,PULOGADUNG,222,1830,216,1779
202509,27,PULOGADUNG,217,1763,219,1776
202509,28,PULOGADUNG,216,1730,217,1715
202509,29,PULOGADUNG,231,1860,229,1892
202509,30,PULOGADUNG,235,1962,233,1930
202603,27,LEBAK BULUS,32,390,34,369
202603,28,LEBAK BULUS,36,287,38,349
202603,29,LEBAK BULUS,43,466,42,351
202603,30,LEBAK BULUS,31,401,34,374
202603,31,LEBAK BULUS,34,336,36,355
202603,1,PINANGRANTI,79,390,79,308
202603,2,PINANGRANTI,89,550,89,568
202603,3,PINANGRANTI,89,573,89,586
202603,4,PINANGRANTI,89,526,89,521
202603,5,PINANGRANTI,89,585,89,609
202603,6,PINANGRANTI,89,598,89,629
202603,7,PINANGRANTI,79,445,79,457
202603,8,PINANGRANTI,79,434,79,446
202603,9,PINANGRANTI,89,601,89,616
202603,10,PINANGRANTI,89,582,89,608
202603,11,PINANGRANTI,89,604,89,623
202603,12,PINANGRANTI,89,633,89,641
202603,13,PINANGRANTI,89,656,89,665
202603,14,PINANGRANTI,79,615,79,635
202603,15,PINANGRANTI,79,455,79,470
202603,16,PINANGRANTI,89,619,89,637
202603,17,PINANGRANTI,89,515,89,515
202603,18,PINANGRANTI,89,404,89,415
202603,19,PINANGRANTI,89,324,89,333
202603,20,PINANGRANTI,89,299,755,308
202603,21,PINANGRANTI,79,438,79,451
202603,22,PINANGRANTI,79,424,79,433
202603,23,PINANGRANTI,89,388,89,397
202603,24,PINANGRANTI,89,514,89,530
202603,25,PINANGRANTI,89,543,89,567
202603,26,PINANGRANTI,89,517,89,522
202603,27,PINANGRANTI,89,599,89,610
202603,28,PINANGRANTI,79,456,79,467
202603,29,PINANGRANTI,79,430,79,451
202603,30,PINANGRANTI,89,621,89,632
202603,31,PINANGRANTI,89,591,89,610
202603,1,RAWAMANGUN,40,237,40,232
202603,2,RAWAMANGUN,40,241,40,231
202603,3,RAWAMANGUN,40,243,40,246
202603,4,RAWAMANGUN,40,232,39,244
202603,5,RAWAMANGUN,40,219,40,266
202603,6,RAWAMANGUN,43,224,43,286
202603,7,RAWAMANGUN,41,228,41,289
202603,8,RAWAMANGUN,43,219,43,298
202605,18,CILILITAN,236,10511,236,9335
202605,19,CILILITAN,235,11013,235,11564
202605,20,CILILITAN,235,11271,235,10663
202605,21,CILILITAN,235,11523,235,11655
202605,22,CILILITAN,235,10921,235,8944
202605,23,CILILITAN,196,8924,52,8816
202605,24,CILILITAN,196,7835,196,7522
202605,25,CILILITAN,235,10903,235,10974
202605,26,CILILITAN,235,10490,235,11161
202605,27,CILILITAN,196,8177,196,7326
202605,28,CILILITAN,196,8040,196,8213
202605,29,CILILITAN,196,9690,196,9811
202605,30,CILILITAN,196,8242,196,7957
202605,31,CILILITAN,196,7714,196,8306
202605,1,KLENDER,554,996,535,952
202605,2,KLENDER,548,995,510,946
202605,3,KLENDER,567,1025,542,991
202605,4,KLENDER,671,1230,666,988
202605,5,KLENDER,578,1099,567,968
202605,6,KLENDER,676,1197,658,1147
202605,7,KLENDER,748,1452,707,1266
202605,8,KLENDER,738,2394,710,1245
202605,9,KLENDER,584,1123,550,1070
202605,10,KLENDER,513,1000,482,953
202605,11,KLENDER,680,1078,659,1041
202605,12,KLENDER,534,988,495,844
202605,13,KLENDER,657,1078,643,894
202605,14,KLENDER,544,1009,519,968
202605,15,KLENDER,502,965,487,912
202605,16,KLENDER,1091,3814,1022,2752
202605,17,KLENDER,542,1105,509,1054
202605,18,KLENDER,679,1187,657,1132
202605,19,KLENDER,644,1066,616,1105
202605,20,KLENDER,783,1257,766,957
202605,21,KLENDER,687,1246,658,974
202605,22,KLENDER,666,1151,636,1100
202605,23,KLENDER,540,951,516,917
202605,24,KLENDER,656,1254,633,1100
202605,25,KLENDER,684,1083,656,1035
202605,26,KLENDER,693,1097,661,1046
202605,27,KLENDER,692,1137,694,998
202605,28,KLENDER,550,1109,525,1070
202605,29,KLENDER,694,1154,650,1121
202605,30,KLENDER,808,1298,687,1132
202605,31,KLENDER,542,1060,521,1026
202605,1,PASAR MINGGU,109,262,109,265
202605,2,PASAR MINGGU,109,265,109,271
202605,3,PASAR MINGGU,108,261,108,265
202605,4,PASAR MINGGU,110,268,110,276
202605,5,PASAR MINGGU,110,264,110,268
202605,6,PASAR MINGGU,110,278,110,282
202605,7,PASAR MINGGU,108,266,108,270
202605,8,PASAR MINGGU,108,263,108,266
202605,9,PASAR MINGGU,108,271,108,274
202605,10,PASAR MINGGU,108,259,108,261
202605,11,PASAR MINGGU,109,269,109,280
202605,12,PASAR MINGGU,109,264,109,269
202605,13,PASAR MINGGU,106,254,106,260
202605,14,PASAR MINGGU,108,263,108,265
202605,15,PASAR MINGGU,108,261,108,265
202605,16,PASAR MINGGU,108,270,108,273
202605,17,PASAR MINGGU,108,259,108,263
202605,18,PASAR MINGGU,110,270,110,281
202605,19,PASAR MINGGU,110,263,110,270
202605,20,PASAR MINGGU,111,271,111,280
202605,21,PASAR MINGGU,111,264,111,269
202605,22,PASAR MINGGU,112,257,110,261
202510,31,GROGOL,102,41,102,106
202510,1,MUARA ANGKE,5,51,5,68
202510,2,MUARA ANGKE,5,48,5,61
202510,3,MUARA ANGKE,5,52,5,63
202510,4,MUARA ANGKE,5,49,5,55
202510,5,MUARA ANGKE,5,47,5,59
202510,6,MUARA ANGKE,5,59,5,51
202510,7,MUARA ANGKE,5,41,5,60
202510,8,MUARA ANGKE,5,53,5,64
202510,9,MUARA ANGKE,5,50,5,58
202510,10,MUARA ANGKE,5,50,5,59
202510,11,MUARA ANGKE,5,62,5,50
202510,12,MUARA ANGKE,5,41,5,56
202510,13,MUARA ANGKE,5,47,5,52
202510,14,MUARA ANGKE,5,39,5,59
202510,15,MUARA ANGKE,5,62,5,50
202510,16,MUARA ANGKE,5,52,5,63
202510,17,MUARA ANGKE,5,52,5,63
202510,18,MUARA ANGKE,5,59,5,51
202510,19,MUARA ANGKE,5,59,5,51
202510,20,MUARA ANGKE,5,47,5,52
202510,21,MUARA ANGKE,5,51,5,57
202510,22,MUARA ANGKE,5,43,5,62
202510,23,MUARA ANGKE,5,40,5,67
202510,24,MUARA ANGKE,5,41,5,56
202510,25,MUARA ANGKE,5,57,5,49
202510,26,MUARA ANGKE,5,62,5,50
202510,27,MUARA ANGKE,5,47,5,52
202510,28,MUARA ANGKE,5,48,5,61
202510,29,MUARA ANGKE,5,51,5,68
202510,30,MUARA ANGKE,5,48,5,61
202510,31,MUARA ANGKE,5,41,5,56
202510,1,LEBAK BULUS,30,0,30,49
202510,2,LEBAK BULUS,30,0,30,46
202510,3,LEBAK BULUS,32,0,32,53
202510,4,LEBAK BULUS,23,0,23,33
202510,5,LEBAK BULUS,30,0,30,48
202510,6,LEBAK BULUS,31,0,31,46
202510,7,LEBAK BULUS,30,0,30,47
202510,8,LEBAK BULUS,30,0,30,49
202510,9,LEBAK BULUS,30,0,30,46
202510,10,LEBAK BULUS,31,0,31,51
202510,11,LEBAK BULUS,33,0,33,55
202510,12,LEBAK BULUS,32,0,32,53
202510,13,LEBAK BULUS,31,0,31,51
202510,14,LEBAK BULUS,29,0,29,49
202510,15,LEBAK BULUS,29,0,29,35
202510,16,LEBAK BULUS,31,0,31,45
202510,17,LEBAK BULUS,30,0,30,49
202510,18,LEBAK BULUS,29,0,29,46
202510,19,LEBAK BULUS,31,0,31,48
202510,20,LEBAK BULUS,31,0,31,33
202510,21,LEBAK BULUS,30,0,30,47
202510,22,LEBAK BULUS,29,0,29,35
202510,23,LEBAK BULUS,30,0,30,46
202510,24,LEBAK BULUS,32,0,32,53
202510,25,LEBAK BULUS,23,0,23,33
202510,26,LEBAK BULUS,30,0,30,48
202510,27,LEBAK BULUS,31,0,31,46
202510,28,LEBAK BULUS,30,0,30,47
202510,29,LEBAK BULUS,30,0,30,49
202510,30,LEBAK BULUS,30,0,30,46
202510,31,LEBAK BULUS,32,0,32,53
202510,1,PINANGRANTI,89,485,89,511
202507,29,KAMPUNG MELAYU,372,7797,372,8373
202507,30,KAMPUNG MELAYU,322,4462,322,8718
202507,31,KAMPUNG MELAYU,300,7311,300,7571
202507,1,SENEN,240,1582,240,1770
202507,2,SENEN,240,1577,240,1777
202507,3,SENEN,238,1371,238,1753
202507,4,SENEN,237,1331,237,1814
202507,5,SENEN,191,1316,191,1708
202507,6,SENEN,188,1336,188,1791
202507,7,SENEN,242,1583,242,1787
202507,8,SENEN,240,1568,240,1778
202507,9,SENEN,240,1585,240,1770
202507,10,SENEN,238,1382,238,1768
202507,11,SENEN,237,1322,237,1811
202507,12,SENEN,191,1327,191,1700
202507,13,SENEN,188,1325,188,1805
202507,14,SENEN,242,1591,242,1776
202507,15,SENEN,240,1582,240,1772
202507,16,SENEN,239,1598,239,1776
202507,17,SENEN,238,1360,238,1756
202507,18,SENEN,237,1309,237,1805
202507,19,SENEN,191,1308,191,1688
202507,20,SENEN,188,1321,188,1798
202507,21,SENEN,242,1586,242,1792
202507,22,SENEN,240,1580,240,1781
202507,23,SENEN,239,1580,239,1767
202507,24,SENEN,238,1373,238,1762
202507,25,SENEN,240,1319,240,1810
202507,26,SENEN,193,1328,193,1688
202507,27,SENEN,188,1319,188,1818
202507,28,SENEN,242,1581,242,1780
202507,29,SENEN,240,1586,240,1792
202507,30,SENEN,239,1593,239,1781
202507,31,SENEN,238,1369,238,1769
202507,1,MANGGARAI,36,4752,36,13206
202507,2,MANGGARAI,36,4631,36,13006
202507,3,MANGGARAI,36,4721,36,13208
202507,4,MANGGARAI,36,4836,36,13006
202507,5,MANGGARAI,24,2743,24,9755
202507,6,MANGGARAI,24,2851,24,9840
202507,7,MANGGARAI,36,4825,36,13029
202507,8,MANGGARAI,36,4921,36,13018
202507,9,MANGGARAI,36,4736,36,13194
202507,10,MANGGARAI,36,4635,36,13029
202507,11,MANGGARAI,36,4712,36,12924
202507,12,MANGGARAI,24,2735,24,9758
202507,13,MANGGARAI,24,2861,24,9852
202507,14,MANGGARAI,36,4825,36,13200
202507,15,MANGGARAI,36,4631,36,12907
202507,16,MANGGARAI,36,4772,36,13015
202507,17,MANGGARAI,36,4752,36,13206
202507,18,MANGGARAI,36,4821,36,13095
202507,19,MANGGARAI,24,2761,24,9762
202507,20,MANGGARAI,24,2043,24,9638
202507,21,MANGGARAI,36,4721,36,13016
202507,22,MANGGARAI,36,4831,36,13189
202507,23,MANGGARAI,36,4613,36,12895
202507,24,MANGGARAI,36,4734,36,13025
202507,25,MANGGARAI,36,4821,36,13088
202507,26,MANGGARAI,24,2761,24,9758
202507,27,MANGGARAI,24,2843,24,9672
202507,28,MANGGARAI,36,4872,36,13019
202603,9,RAWAMANGUN,43,222,43,279
202603,10,RAWAMANGUN,43,215,43,310
202603,11,RAWAMANGUN,43,214,43,288
202603,12,RAWAMANGUN,43,228,43,254
202603,13,RAWAMANGUN,44,225,43,295
202603,14,RAWAMANGUN,44,227,44,299
202603,15,RAWAMANGUN,44,231,44,301
202603,16,RAWAMANGUN,44,234,44,307
202603,17,RAWAMANGUN,44,236,44,312
202603,18,RAWAMANGUN,44,237,44,309
202603,19,RAWAMANGUN,44,240,44,314
202603,20,RAWAMANGUN,44,241,44,327
202603,21,RAWAMANGUN,44,248,44,328
202603,22,RAWAMANGUN,44,286,44,349
202603,23,RAWAMANGUN,44,346,44,338
202603,24,RAWAMANGUN,44,307,44,286
202603,25,RAWAMANGUN,44,286,44,260
202603,26,RAWAMANGUN,44,303,44,272
202603,27,RAWAMANGUN,44,310,44,280
202603,28,RAWAMANGUN,44,311,44,282
202603,29,RAWAMANGUN,44,318,44,290
202603,30,RAWAMANGUN,44,309,44,277
202603,31,RAWAMANGUN,44,314,44,286
202603,1,RAGUNAN,59,1133,59,1129
202603,2,RAGUNAN,65,1143,65,1163
202603,3,RAGUNAN,65,1148,65,1167
202603,4,RAGUNAN,65,1160,65,1170
202603,5,RAGUNAN,65,1146,65,1154
202603,6,RAGUNAN,65,1163,65,1161
202603,7,RAGUNAN,61,1151,61,1140
202603,8,RAGUNAN,60,1107,60,1101
202603,9,RAGUNAN,65,1148,65,1172
202603,10,RAGUNAN,65,1154,68,1150
202603,11,RAGUNAN,65,1146,65,1140
202603,12,RAGUNAN,65,1127,65,1150
202603,13,RAGUNAN,65,1127,65,1137
202603,14,RAGUNAN,62,1110,62,1128
202603,15,RAGUNAN,61,1078,61,1113
202603,16,RAGUNAN,65,1126,65,1143
202603,17,RAGUNAN,65,1126,65,1142
202603,18,RAGUNAN,65,1126,65,1139
202603,19,RAGUNAN,65,1073,65,1079
202603,20,RAGUNAN,68,1048,68,1055
202603,21,RAGUNAN,61,1130,61,1186
202603,22,RAGUNAN,61,1211,61,1238
202603,23,RAGUNAN,68,1190,68,1241
202604,1,KAMPUNG RAMBUTAN,104,1585,64,604
202604,2,KAMPUNG RAMBUTAN,95,1288,87,781
202604,3,KAMPUNG RAMBUTAN,104,1208,88,775
202604,4,KAMPUNG RAMBUTAN,75,916,77,576
202604,5,KAMPUNG RAMBUTAN,110,1048,87,497
202604,6,KAMPUNG RAMBUTAN,107,1092,68,835
202604,7,KAMPUNG RAMBUTAN,94,659,74,444
202604,8,KAMPUNG RAMBUTAN,97,643,64,575
202604,9,KAMPUNG RAMBUTAN,86,758,65,582
202604,10,KAMPUNG RAMBUTAN,94,727,64,551
202604,11,KAMPUNG RAMBUTAN,81,625,54,437
202604,12,KAMPUNG RAMBUTAN,105,855,66,541
202604,13,KAMPUNG RAMBUTAN,94,763,81,587
202604,14,KAMPUNG RAMBUTAN,79,612,57,360
202604,15,KAMPUNG RAMBUTAN,84,675,56,592
202604,16,KAMPUNG RAMBUTAN,76,698,65,434
202604,17,KAMPUNG RAMBUTAN,81,579,65,604
202510,2,PINANGRANTI,89,491,89,511
202510,3,PINANGRANTI,89,481,89,523
202510,4,PINANGRANTI,79,276,79,337
202510,5,PINANGRANTI,79,295,79,296
202510,6,PINANGRANTI,89,464,89,504
202510,7,PINANGRANTI,89,500,89,529
202510,8,PINANGRANTI,89,488,89,515
202510,9,PINANGRANTI,89,506,89,538
202510,10,PINANGRANTI,89,318,89,369
202510,11,PINANGRANTI,79,269,79,285
202510,12,PINANGRANTI,79,269,79,282
202510,13,PINANGRANTI,89,477,89,521
202510,14,PINANGRANTI,89,492,89,511
202510,15,PINANGRANTI,89,508,89,517
202510,16,PINANGRANTI,89,494,89,523
202510,17,PINANGRANTI,89,440,89,467
202510,18,PINANGRANTI,79,263,79,303
202510,19,PINANGRANTI,79,272,79,301
202510,20,PINANGRANTI,89,449,89,502
202510,21,PINANGRANTI,89,488,89,525
202510,22,PINANGRANTI,89,499,89,530
202510,23,PINANGRANTI,89,485,89,519
202510,24,PINANGRANTI,89,470,89,444
202510,25,PINANGRANTI,79,299,79,319
202510,26,PINANGRANTI,79,277,79,310
202510,27,PINANGRANTI,89,479,89,513
202510,28,PINANGRANTI,89,502,89,538
202510,29,PINANGRANTI,89,490,89,540
202510,30,PINANGRANTI,89,489,89,524
202510,31,PINANGRANTI,89,485,89,509
202510,1,RAWAMANGUN,44,339,44,336
202510,2,RAWAMANGUN,44,317,44,348
202510,3,RAWAMANGUN,43,315,43,311
202510,4,RAWAMANGUN,42,278,42,293
202510,5,RAWAMANGUN,43,310,43,307
202510,6,RAWAMANGUN,43,299,45,313
202510,7,RAWAMANGUN,43,316,43,316
202510,8,RAWAMANGUN,46,350,45,354
202510,9,RAWAMANGUN,46,316,47,323
202510,10,RAWAMANGUN,44,337,44,334
202510,11,RAWAMANGUN,43,314,43,320
202510,12,RAWAMANGUN,46,333,46,345
202510,13,RAWAMANGUN,42,278,42,293
202510,14,RAWAMANGUN,42,293,42,291
202510,15,RAWAMANGUN,46,328,46,352
202510,16,RAWAMANGUN,44,310,44,329
202510,17,RAWAMANGUN,42,319,42,315
202510,18,RAWAMANGUN,43,339,43,324
202510,19,RAWAMANGUN,44,320,44,314
202510,20,RAWAMANGUN,43,316,43,316
202510,21,RAWAMANGUN,41,292,41,291
202510,22,RAWAMANGUN,43,300,43,300
202510,23,RAWAMANGUN,43,317,43,333
202510,24,RAWAMANGUN,43,326,43,333
202510,25,RAWAMANGUN,43,305,43,299
202510,26,RAWAMANGUN,46,371,46,328
202510,27,RAWAMANGUN,43,290,43,324
202510,28,RAWAMANGUN,44,330,44,325
202510,29,RAWAMANGUN,45,301,46,320
202510,30,RAWAMANGUN,42,311,42,307
202510,31,RAWAMANGUN,43,331,43,329
202510,1,RAGUNAN,65,1126,65,1162
202507,29,MANGGARAI,36,4927,36,13206
202507,30,MANGGARAI,36,4831,36,13007
202507,31,MANGGARAI,36,4761,39,12807
202507,1,PULOGADUNG,258,2012,261,2049
202507,2,PULOGADUNG,245,1884,245,2017
202507,3,PULOGADUNG,249,1861,251,1985
202507,4,PULOGADUNG,217,1902,220,2049
202507,5,PULOGADUNG,231,1918,227,2047
202507,6,PULOGADUNG,243,1890,238,2009
202507,7,PULOGADUNG,260,2038,245,2062
202507,8,PULOGADUNG,241,1910,248,1997
202507,9,PULOGADUNG,219,1946,220,2039
202507,10,PULOGADUNG,223,1682,245,2018
202507,11,PULOGADUNG,218,1906,219,2054
202507,12,PULOGADUNG,228,1842,238,2028
202507,13,PULOGADUNG,247,1908,240,1945
202507,14,PULOGADUNG,233,1938,238,2041
202507,15,PULOGADUNG,225,1930,233,1908
202507,16,PULOGADUNG,241,1880,234,1997
202507,17,PULOGADUNG,229,1780,238,1932
202507,18,PULOGADUNG,230,1758,239,1925
202507,19,PULOGADUNG,221,1936,218,2070
202507,20,PULOGADUNG,230,1968,242,1960
202507,21,PULOGADUNG,219,1964,209,2073
202507,22,PULOGADUNG,229,2005,240,1998
202507,23,PULOGADUNG,223,1687,243,1944
202507,24,PULOGADUNG,228,1959,237,1960
202507,25,PULOGADUNG,248,1826,239,1984
202507,26,PULOGADUNG,230,1705,239,1887
202507,27,PULOGADUNG,235,1910,248,2037
202507,28,PULOGADUNG,222,1915,237,1992
202507,29,PULOGADUNG,220,1973,221,2041
202507,30,PULOGADUNG,227,1906,230,2094
202507,31,PULOGADUNG,233,1449,234,1512
202602,3,PULOGADUNG,226,1999,224,2005
202602,4,PULOGADUNG,223,1989,220,1983
202602,5,PULOGADUNG,224,1995,221,1995
202602,6,PULOGADUNG,223,1994,223,1997
202602,7,PULOGADUNG,216,1818,218,1832
202602,8,PULOGADUNG,215,1814,213,1840
202602,9,PULOGADUNG,227,1993,225,2000
202602,10,PULOGADUNG,224,2011,222,2003
202602,11,PULOGADUNG,223,1979,221,1999
202602,12,PULOGADUNG,224,1996,222,2011
202602,13,PULOGADUNG,225,1994,223,1991
202602,14,PULOGADUNG,214,1806,215,1628
202602,15,PULOGADUNG,219,1810,217,1847
202602,16,PULOGADUNG,218,1822,218,1828
202602,17,PULOGADUNG,221,1820,220,1854
202602,18,PULOGADUNG,227,1985,225,1987
202602,19,PULOGADUNG,225,2004,222,2010
202602,20,PULOGADUNG,223,1978,221,1981
202602,21,PULOGADUNG,215,1801,213,1832
202602,22,PULOGADUNG,217,1823,215,1822
202602,23,PULOGADUNG,225,1988,223,2010
202602,24,PULOGADUNG,226,1991,224,2009
202602,25,PULOGADUNG,224,2001,223,2001
202602,26,PULOGADUNG,227,2006,224,1945
202602,27,PULOGADUNG,224,1987,220,2002
202602,28,PULOGADUNG,217,1815,215,1837
202604,18,KAMPUNG RAMBUTAN,78,590,57,557
202604,19,KAMPUNG RAMBUTAN,89,789,63,487
202604,20,KAMPUNG RAMBUTAN,77,550,59,411
202604,21,KAMPUNG RAMBUTAN,74,560,69,428
202604,22,KAMPUNG RAMBUTAN,74,561,65,341
202604,23,KAMPUNG RAMBUTAN,70,590,64,358
202604,24,KAMPUNG RAMBUTAN,87,723,50,475
202604,25,KAMPUNG RAMBUTAN,69,541,60,382
202604,26,KAMPUNG RAMBUTAN,83,611,55,324
202604,27,KAMPUNG RAMBUTAN,89,658,56,598
202604,28,KAMPUNG RAMBUTAN,67,541,60,341
202604,29,KAMPUNG RAMBUTAN,70,441,71,424
202604,30,KAMPUNG RAMBUTAN,87,560,83,638
202604,1,KALIDERES,89,767,69,642
202604,2,KALIDERES,83,710,73,678
202604,3,KALIDERES,89,673,79,724
202604,4,KALIDERES,86,656,76,689
202604,5,KALIDERES,84,695,74,651
202604,6,KALIDERES,81,732,71,636
202604,7,KALIDERES,78,684,68,607
202604,8,KALIDERES,75,638,65,643
202604,9,KALIDERES,80,611,70,675
202604,10,KALIDERES,87,639,77,690
202604,11,KALIDERES,93,657,82,742
202604,12,KALIDERES,90,680,80,708
202604,13,KALIDERES,88,723,76,674
202604,14,KALIDERES,83,686,73,638
202604,15,KALIDERES,79,645,69,611
202604,16,KALIDERES,81,612,71,636
202604,17,KALIDERES,86,634,76,681
202604,18,KALIDERES,92,658,81,727
202604,19,KALIDERES,89,681,79,693
202604,20,KALIDERES,86,719,76,665
202604,21,KALIDERES,82,687,72,630
202604,22,KALIDERES,79,650,69,612
202604,23,KALIDERES,84,623,74,648
202604,24,KALIDERES,89,646,78,684
202604,25,KALIDERES,93,665,82,729
202604,26,KALIDERES,90,682,82,696
202604,27,KALIDERES,87,724,77,661
202604,28,KALIDERES,83,688,73,63
202604,29,KALIDERES,80,651,70,613
202604,30,KALIDERES,87,639,77,685
202604,1,TANJUNG PRIOK,83,439,72,358
202604,2,TANJUNG PRIOK,93,403,82,579
202604,3,TANJUNG PRIOK,88,363,78,632
202604,4,TANJUNG PRIOK,82,537,71,428
202604,5,TANJUNG PRIOK,79,413,69,237
202604,6,TANJUNG PRIOK,77,379,65,293
202604,7,TANJUNG PRIOK,82,621,71,597
202604,8,TANJUNG PRIOK,76,593,66,487
202604,9,TANJUNG PRIOK,72,503,61,393
202604,10,TANJUNG PRIOK,78,437,67,498
202604,11,TANJUNG PRIOK,86,483,76,592
202604,12,TANJUNG PRIOK,84,462,74,396
202604,13,TANJUNG PRIOK,87,541,75,497
202604,14,TANJUNG PRIOK,82,391,71,253
202604,15,TANJUNG PRIOK,77,479,67,383
202604,16,TANJUNG PRIOK,75,433,64,362
202604,17,TANJUNG PRIOK,83,392,71,493
202604,18,TANJUNG PRIOK,87,473,77,567
202604,19,TANJUNG PRIOK,81,382,71,412
202604,20,TANJUNG PRIOK,85,391,74,442
202604,21,TANJUNG PRIOK,90,456,79,492
202604,22,TANJUNG PRIOK,88,503,77,482
202604,23,TANJUNG PRIOK,86,495,75,502
202604,24,TANJUNG PRIOK,96,548,84,577
202604,25,TANJUNG PRIOK,96,577,86,626
202605,28,GROGOL,105,41,105,133
202605,29,GROGOL,113,27,113,158
202605,30,GROGOL,106,25,106,152
202605,31,GROGOL,101,39,101,137
202605,1,MUARA ANGKE,4,72,4,98
202605,2,MUARA ANGKE,4,81,4,86
202605,3,MUARA ANGKE,4,94,4,81
202605,4,MUARA ANGKE,4,51,4,96
202605,5,MUARA ANGKE,4,60,4,94
202605,6,MUARA ANGKE,4,64,4,82
202605,7,MUARA ANGKE,4,78,4,80
202605,8,MUARA ANGKE,4,77,4,96
202605,9,MUARA ANGKE,4,76,4,85
202605,10,MUARA ANGKE,4,51,4,90
202605,11,MUARA ANGKE,4,51,4,96
202605,12,MUARA ANGKE,4,84,4,113
202605,13,MUARA ANGKE,4,86,4,75
202605,14,MUARA ANGKE,4,57,4,41
202605,15,MUARA ANGKE,4,97,4,99
202605,16,MUARA ANGKE,4,51,4,86
202605,17,MUARA ANGKE,4,51,4,96
202605,18,MUARA ANGKE,4,75,4,89
202605,19,MUARA ANGKE,4,98,4,89
202605,20,MUARA ANGKE,4,94,4,109
202605,21,MUARA ANGKE,4,94,4,112
202605,22,MUARA ANGKE,4,61,4,106
202605,23,MUARA ANGKE,4,56,4,92
202605,24,MUARA ANGKE,5,80,5,153
202605,25,MUARA ANGKE,5,90,5,173
202605,26,MUARA ANGKE,5,72,5,232
202605,27,MUARA ANGKE,3,48,3,113
202605,28,MUARA ANGKE,4,49,4,83
202605,29,MUARA ANGKE,4,47,4,74
202605,30,MUARA ANGKE,4,67,4,60
202605,31,MUARA ANGKE,6,166,6,98
202605,1,LEBAK BULUS,30,62,30,137
202605,2,LEBAK BULUS,22,71,21,158
202605,3,LEBAK BULUS,28,73,28,190
202605,4,LEBAK BULUS,25,69,25,116
202605,5,LEBAK BULUS,29,67,29,144
202605,6,LEBAK BULUS,29,67,28,138
202605,7,LEBAK BULUS,22,0,22,56
202605,8,LEBAK BULUS,15,0,15,32
202605,9,LEBAK BULUS,19,0,19,47
202605,10,LEBAK BULUS,15,7,15,46
202605,11,LEBAK BULUS,18,0,18,44
202605,12,LEBAK BULUS,27,48,27,118
202605,13,LEBAK BULUS,32,58,32,168
202605,14,LEBAK BULUS,29,37,29,144
202605,15,LEBAK BULUS,23,34,23,107
202605,16,LEBAK BULUS,26,46,26,131
202605,17,LEBAK BULUS,22,16,22,65
202605,18,LEBAK BULUS,26,57,26,121
202605,19,LEBAK BULUS,27,38,27,100
202605,20,LEBAK BULUS,29,32,29,125
202605,21,LEBAK BULUS,27,37,27,114
202605,22,LEBAK BULUS,16,0,16,45
202605,23,LEBAK BULUS,31,43,31,166
202605,24,LEBAK BULUS,23,0,23,88
202605,25,LEBAK BULUS,21,50,21,222
202605,26,LEBAK BULUS,25,0,25,123
202605,27,LEBAK BULUS,26,0,26,114
202605,28,LEBAK BULUS,15,0,15,69
202605,29,LEBAK BULUS,20,0,20,70
202605,30,LEBAK BULUS,16,0,16,43
202605,31,LEBAK BULUS,19,0,19,86
202605,1,PINANGRANTI,79,433,79,443
202605,2,PINANGRANTI,79,389,79,416
202605,3,PINANGRANTI,79,407,79,401
202605,4,PINANGRANTI,89,591,89,600
202510,2,RAGUNAN,65,1145,65,1175
202510,3,RAGUNAN,65,1155,65,1216
202510,4,RAGUNAN,64,1188,64,1228
202510,5,RAGUNAN,62,1190,62,1248
202510,6,RAGUNAN,65,1170,65,1179
202510,7,RAGUNAN,65,1163,65,1180
202510,8,RAGUNAN,65,1145,65,1229
202510,9,RAGUNAN,65,1164,65,1195
202510,10,RAGUNAN,65,1145,65,1188
202510,11,RAGUNAN,64,1218,64,1206
202510,12,RAGUNAN,62,1232,62,1211
202510,13,RAGUNAN,65,1164,65,1187
202510,14,RAGUNAN,65,1148,65,1181
202510,15,RAGUNAN,65,1163,65,1187
202510,16,RAGUNAN,65,1179,65,1205
202510,17,RAGUNAN,66,1143,66,1191
202510,18,RAGUNAN,62,1198,62,1183
202510,19,RAGUNAN,61,1165,61,1171
202510,20,RAGUNAN,65,1116,65,1119
202510,21,RAGUNAN,65,1134,65,1147
202510,22,RAGUNAN,65,1185,65,1177
202510,23,RAGUNAN,65,1158,65,1203
202510,24,RAGUNAN,65,1126,65,1153
202510,25,RAGUNAN,62,1193,62,1182
202510,26,RAGUNAN,61,1180,61,1189
202510,27,RAGUNAN,65,1139,65,1196
202510,28,RAGUNAN,65,1186,65,1185
202510,29,RAGUNAN,65,1132,65,1201
202510,30,RAGUNAN,65,1151,65,1169
202510,31,RAGUNAN,62,1198,62,1183
202510,1,BLOK M,429,5541,429,5609
202510,2,BLOK M,428,5503,428,5596
202510,3,BLOK M,434,5437,434,5551
202510,4,BLOK M,362,4804,362,5068
202510,5,BLOK M,369,4672,369,4975
202510,6,BLOK M,423,5517,423,5601
202510,7,BLOK M,423,5569,423,5631
202510,8,BLOK M,421,5656,421,5712
202510,9,BLOK M,428,5542,428,5627
202510,10,BLOK M,435,5608,435,5675
202510,11,BLOK M,350,4763,350,5051
202510,12,BLOK M,343,4567,343,4920
202510,13,BLOK M,420,5556,420,5621
202510,14,BLOK M,419,5613,419,5672
202510,15,BLOK M,412,5499,412,5594
202510,16,BLOK M,411,5556,411,5631
202510,17,BLOK M,430,5497,430,5614
202510,18,BLOK M,352,4813,352,5061
202510,19,BLOK M,351,4519,351,4883
202510,20,BLOK M,423,5517,423,5601
202510,21,BLOK M,429,5546,429,5622
202510,22,BLOK M,433,5497,433,5601
202510,23,BLOK M,434,5441,434,5572
202510,24,BLOK M,428,5163,428,5389
202510,25,BLOK M,356,4723,356,5009
202510,26,BLOK M,352,4491,352,4863
202510,27,BLOK M,428,5489,428,5607
202510,28,BLOK M,433,5390,433,5537
202510,29,BLOK M,435,5558,435,5653
202510,30,BLOK M,420,5648,420,5719
202510,31,BLOK M,412,5468,412,5553
202510,1,CILILITAN,235,11707,235,11994
202603,20,PASAR MINGGU,106,268,106,271
202603,21,PASAR MINGGU,103,251,103,258
202603,22,PASAR MINGGU,122,265,122,270
202603,23,PASAR MINGGU,108,277,108,280
202603,24,PASAR MINGGU,112,285,112,282
202603,25,PASAR MINGGU,112,277,112,281
202603,26,PASAR MINGGU,112,278,112,281
202603,27,PASAR MINGGU,109,280,109,283
202603,28,PASAR MINGGU,109,281,109,285
202603,29,PASAR MINGGU,112,279,112,284
202603,30,PASAR MINGGU,107,270,107,276
202603,31,PASAR MINGGU,111,275,111,283
202603,1,KAMPUNG MELAYU,242,3915,238,4061
202603,2,KAMPUNG MELAYU,264,5911,265,4713
202603,3,KAMPUNG MELAYU,239,3359,240,4125
202603,4,KAMPUNG MELAYU,365,4734,365,2107
202603,5,KAMPUNG MELAYU,304,5073,315,5866
202603,6,KAMPUNG MELAYU,315,5616,315,5878
202603,7,KAMPUNG MELAYU,258,2709,258,2944
202603,8,KAMPUNG MELAYU,226,2967,226,3002
202603,9,KAMPUNG MELAYU,333,6452,333,6669
202603,10,KAMPUNG MELAYU,380,5196,380,4324
202603,11,KAMPUNG MELAYU,340,5354,340,7797
202603,12,KAMPUNG MELAYU,482,4321,487,6811
202603,13,KAMPUNG MELAYU,312,3639,311,4847
202603,14,KAMPUNG MELAYU,300,2831,300,2941
202603,15,KAMPUNG MELAYU,278,3690,280,4016
202603,16,KAMPUNG MELAYU,330,6298,330,6573
202603,17,KAMPUNG MELAYU,314,3932,314,6522
202603,18,KAMPUNG MELAYU,369,4360,369,4415
202603,19,KAMPUNG MELAYU,165,2632,173,3566
202603,20,KAMPUNG MELAYU,135,2015,135,1618
202603,21,KAMPUNG MELAYU,143,1016,143,2119
202603,22,KAMPUNG MELAYU,128,1596,129,1395
202603,23,KAMPUNG MELAYU,182,1424,182,2574
202603,24,KAMPUNG MELAYU,310,4859,310,2647
202603,25,KAMPUNG MELAYU,322,3095,322,5302
202603,26,KAMPUNG MELAYU,403,4134,403,4624
202603,27,KAMPUNG MELAYU,309,3773,309,6226
202603,28,KAMPUNG MELAYU,308,2946,308,3536
202603,29,KAMPUNG MELAYU,316,2906,316,3179
202603,30,KAMPUNG MELAYU,325,7136,325,7694
202603,31,KAMPUNG MELAYU,391,7741,391,7929
202603,1,SENEN,188,1310,188,1807
202603,2,SENEN,242,1581,242,1795
202603,3,SENEN,242,1589,242,1787
202603,4,SENEN,240,1338,240,1865
202603,5,SENEN,238,1441,238,1900
202603,6,SENEN,238,1526,238,1926
202603,7,SENEN,191,1290,194,1551
202603,8,SENEN,242,1593,242,1785
202603,9,SENEN,242,1585,242,1785
202603,10,SENEN,242,1583,242,1786
202603,11,SENEN,240,1352,240,1872
202603,12,SENEN,240,1345,240,1896
202603,13,SENEN,238,1521,238,1922
202603,14,SENEN,191,1301,191,1586
202603,15,SENEN,188,1316,188,1805
202603,16,SENEN,242,1603,242,1792
202603,17,SENEN,242,1542,242,1781
202604,26,TANJUNG PRIOK,94,634,83,551
202604,27,TANJUNG PRIOK,84,406,74,400
202604,28,TANJUNG PRIOK,86,397,77,389
202604,29,TANJUNG PRIOK,83,384,73,399
202604,30,TANJUNG PRIOK,89,454,80,748
202604,1,GROGOL,110,63,110,146
202604,2,GROGOL,120,43,120,175
202604,3,GROGOL,112,45,112,156
202604,4,GROGOL,106,49,106,144
202604,5,GROGOL,109,63,109,131
202604,6,GROGOL,104,50,104,139
202604,7,GROGOL,101,41,101,125
202604,8,GROGOL,99,39,99,131
202604,9,GROGOL,107,36,107,148
202604,10,GROGOL,116,36,116,169
202604,11,GROGOL,108,44,108,161
202604,12,GROGOL,103,59,103,143
202604,13,GROGOL,109,66,109,132
202604,14,GROGOL,98,42,98,125
202604,15,GROGOL,104,40,104,136
202604,16,GROGOL,110,46,110,144
202604,17,GROGOL,112,55,112,149
202604,18,GROGOL,104,46,104,136
202604,19,GROGOL,99,39,99,126
202604,20,GROGOL,107,61,107,136
202604,21,GROGOL,101,52,101,123
202604,22,GROGOL,108,46,108,135
202604,23,GROGOL,113,35,113,156
202604,24,GROGOL,115,45,115,173
202604,25,GROGOL,107,34,107,153
202604,26,GROGOL,102,52,102,138
202604,27,GROGOL,105,57,105,128
202604,28,GROGOL,100,44,100,123
202604,29,GROGOL,112,46,112,149
202604,30,GROGOL,125,56,125,200
202604,1,MUARA ANGKE,5,91,5,80
202604,2,MUARA ANGKE,4,67,4,105
202604,3,MUARA ANGKE,5,81,5,72
202604,4,MUARA ANGKE,4,71,4,91
202604,5,MUARA ANGKE,4,70,4,70
202604,6,MUARA ANGKE,5,91,5,99
202604,7,MUARA ANGKE,4,97,4,82
202604,8,MUARA ANGKE,4,67,4,87
202604,9,MUARA ANGKE,4,65,4,97
202604,10,MUARA ANGKE,3,74,3,97
202604,11,MUARA ANGKE,4,101,4,77
202604,12,MUARA ANGKE,5,103,5,90
202604,13,MUARA ANGKE,4,76,4,75
202604,14,MUARA ANGKE,4,93,4,99
202604,15,MUARA ANGKE,4,102,4,78
202604,16,MUARA ANGKE,4,39,4,86
202604,17,MUARA ANGKE,4,64,4,102
202604,18,MUARA ANGKE,4,48,4,60
202604,19,MUARA ANGKE,5,120,5,103
202604,20,MUARA ANGKE,5,123,5,106
202604,21,MUARA ANGKE,5,92,5,81
202604,22,MUARA ANGKE,4,56,4,73
202604,23,MUARA ANGKE,4,53,4,99
202604,24,MUARA ANGKE,4,84,4,97
202604,25,MUARA ANGKE,4,89,4,104
202604,26,MUARA ANGKE,5,80,5,112
202604,27,MUARA ANGKE,4,97,4,98
202604,28,MUARA ANGKE,4,69,4,94
202604,29,MUARA ANGKE,4,51,4,103
202604,30,MUARA ANGKE,4,82,4,107
202604,1,LEBAK BULUS,32,390,35,367
202604,2,LEBAK BULUS,41,126,41,362
202604,3,LEBAK BULUS,42,129,42,395
202604,4,LEBAK BULUS,36,113,36,305
202604,5,LEBAK BULUS,43,151,43,397
202605,23,PASAR MINGGU,110,269,110,270
202605,24,PASAR MINGGU,109,254,109,258
202605,25,PASAR MINGGU,110,269,110,278
202605,26,PASAR MINGGU,110,264,110,267
202605,27,PASAR MINGGU,99,223,99,230
202605,28,PASAR MINGGU,108,257,108,262
202605,29,PASAR MINGGU,107,259,107,264
202605,30,PASAR MINGGU,107,257,107,261
202605,31,PASAR MINGGU,107,257,107,262
202605,1,KAMPUNG MELAYU,189,3686,189,4929
202605,2,KAMPUNG MELAYU,188,2156,188,4097
202605,3,KAMPUNG MELAYU,227,2019,227,3689
202605,4,KAMPUNG MELAYU,341,7842,342,5438
202605,5,KAMPUNG MELAYU,403,8568,403,6060
202605,6,KAMPUNG MELAYU,329,7366,329,7159
202605,7,KAMPUNG MELAYU,326,8063,326,9620
202605,8,KAMPUNG MELAYU,248,3255,248,5147
202605,9,KAMPUNG MELAYU,333,4727,333,4152
202605,10,KAMPUNG MELAYU,225,4328,225,4831
202605,11,KAMPUNG MELAYU,361,5454,361,9044
202605,12,KAMPUNG MELAYU,339,9402,339,7275
202605,13,KAMPUNG MELAYU,297,3954,297,3847
202605,14,KAMPUNG MELAYU,141,2630,141,2916
202605,15,KAMPUNG MELAYU,133,2358,133,4002
202605,16,KAMPUNG MELAYU,172,2292,172,3034
202605,17,KAMPUNG MELAYU,254,4681,254,4951
202605,18,KAMPUNG MELAYU,301,4061,301,7864
202605,19,KAMPUNG MELAYU,346,4757,346,3626
202605,20,KAMPUNG MELAYU,309,7075,309,8031
202605,21,KAMPUNG MELAYU,297,4550,297,3940
202605,22,KAMPUNG MELAYU,283,2877,282,4239
202605,23,KAMPUNG MELAYU,152,2333,152,3630
202605,24,KAMPUNG MELAYU,260,2849,260,3510
202605,25,KAMPUNG MELAYU,282,5786,282,7688
202605,26,KAMPUNG MELAYU,373,5624,373,5982
202605,27,KAMPUNG MELAYU,122,1722,122,2071
202605,28,KAMPUNG MELAYU,178,2477,178,2180
202605,29,KAMPUNG MELAYU,229,3585,229,6229
202605,30,KAMPUNG MELAYU,140,3151,140,3753
202605,31,KAMPUNG MELAYU,159,2031,159,2980
202605,1,SENEN,236,1360,235,1770
202605,2,SENEN,191,1302,191,1678
202605,3,SENEN,188,1330,188,1793
202605,4,SENEN,242,1565,242,1779
202605,5,SENEN,242,1587,242,1778
202605,6,SENEN,238,1564,238,1764
202605,7,SENEN,239,1588,239,1799
202605,8,SENEN,236,1311,237,1790
202605,9,SENEN,217,1352,217,1741
202605,10,SENEN,188,1321,188,1798
202605,11,SENEN,242,1560,242,1774
202605,12,SENEN,242,1579,242,1770
202605,13,SENEN,240,1357,240,1750
202605,14,SENEN,237,1317,237,1684
202605,15,SENEN,236,1318,237,1806
202605,16,SENEN,191,1301,191,1658
202605,17,SENEN,188,1318,188,1800
202605,18,SENEN,242,1567,242,1786
202605,19,SENEN,242,1582,242,1776
202605,20,SENEN,240,1370,240,1755
202605,21,SENEN,240,1368,240,1762
202605,22,SENEN,236,1313,236,1674
202605,23,SENEN,191,1301,191,1638
202605,24,SENEN,188,1318,188,1796
202605,25,SENEN,242,1596,242,1796
202605,26,SENEN,242,1573,242,1759
202510,2,CILILITAN,235,11675,235,11411
202510,3,CILILITAN,236,11658,236,11586
202510,4,CILILITAN,196,8914,196,9314
202510,5,CILILITAN,196,8672,196,10958
202510,6,CILILITAN,236,11906,236,12946
202510,7,CILILITAN,236,11495,236,12968
202510,8,CILILITAN,235,12263,235,12983
202510,9,CILILITAN,235,12008,235,12457
202510,10,CILILITAN,236,11992,236,12937
202510,11,CILILITAN,195,8511,195,9014
202510,12,CILILITAN,195,7991,195,8659
202510,13,CILILITAN,236,11375,236,12454
202510,14,CILILITAN,235,11239,235,12187
202510,15,CILILITAN,235,11649,235,12452
202510,16,CILILITAN,235,11435,235,12226
202510,17,CILILITAN,234,11610,234,12163
202510,18,CILILITAN,195,8797,195,8783
202510,19,CILILITAN,195,7712,195,8773
202510,20,CILILITAN,236,11172,236,12625
202510,21,CILILITAN,235,11186,235,12822
202510,22,CILILITAN,235,11678,235,12508
202510,23,CILILITAN,231,11434,231,12599
202510,24,CILILITAN,234,11349,234,11688
202510,25,CILILITAN,195,8658,195,8795
202510,26,CILILITAN,195,8736,195,7472
202510,27,CILILITAN,235,10480,235,12042
202510,28,CILILITAN,235,10238,235,12034
202510,29,CILILITAN,235,10687,235,12327
202510,30,CILILITAN,236,11500,236,11149
202510,31,CILILITAN,224,10464,224,11976
202510,1,KLENDER,137,281,139,286
202510,2,KLENDER,139,283,141,288
202510,3,KLENDER,136,290,138,296
202510,4,KLENDER,138,292,140,301
202510,5,KLENDER,140,296,142,300
202510,6,KLENDER,135,291,137,293
202510,7,KLENDER,138,294,140,295
202510,8,KLENDER,139,291,139,295
202510,9,KLENDER,134,278,135,284
202510,10,KLENDER,137,282,138,287
202510,11,KLENDER,140,287,142,286
202510,12,KLENDER,138,291,141,289
202510,13,KLENDER,138,286,140,294
202510,14,KLENDER,136,286,139,295
202510,15,KLENDER,140,289,142,295
202510,16,KLENDER,138,283,141,288
202510,17,KLENDER,137,287,139,295
202510,18,KLENDER,141,295,143,303
202510,19,KLENDER,138,294,140,302
202510,20,KLENDER,135,289,137,293
202510,21,KLENDER,133,285,138,291
202510,22,KLENDER,137,289,139,295
202510,23,KLENDER,139,290,140,296
202510,24,KLENDER,134,294,137,299
202510,25,KLENDER,136,296,138,301
202510,26,KLENDER,137,299,140,305
202510,27,KLENDER,137,281,140,287
202510,28,KLENDER,138,287,139,296
202510,29,KLENDER,134,285,135,289
202510,30,KLENDER,137,280,138,286
202510,31,KLENDER,140,285,142,284
202603,18,SENEN,240,1567,240,1910
202603,19,SENEN,238,1349,238,1736
202603,20,SENEN,238,1355,238,1717
202603,21,SENEN,191,1278,191,1537
202603,22,SENEN,188,1286,188,1544
202603,23,SENEN,242,1563,242,1752
202603,24,SENEN,240,1569,240,1764
202603,25,SENEN,240,1576,240,1910
202603,26,SENEN,240,1357,240,1906
202603,27,SENEN,238,1362,238,1741
202603,28,SENEN,191,1289,191,1572
202603,29,SENEN,188,1320,188,1804
202603,30,SENEN,242,1612,242,1824
202603,31,SENEN,240,1573,240,1759
202603,1,MANGGARAI,36,2903,36,2938
202603,2,MANGGARAI,46,907,46,873
202603,3,MANGGARAI,46,7898,46,8362
202603,4,MANGGARAI,46,3059,46,3112
202603,5,MANGGARAI,46,3300,46,3216
202603,6,MANGGARAI,46,7170,46,7139
202603,7,MANGGARAI,36,4343,36,4377
202603,8,MANGGARAI,36,3424,36,3498
202603,9,MANGGARAI,46,2907,46,2963
202603,10,MANGGARAI,46,2880,46,2941
202603,11,MANGGARAI,46,6961,46,7928
202603,12,MANGGARAI,46,6995,46,7055
202603,13,MANGGARAI,46,7049,46,7113
202603,14,MANGGARAI,36,5581,36,4168
202603,15,MANGGARAI,36,3774,36,3877
202603,16,MANGGARAI,46,5722,46,5776
202603,17,MANGGARAI,46,4590,46,4649
202603,18,MANGGARAI,46,1463,46,1517
202603,19,MANGGARAI,46,2381,46,2415
202603,20,MANGGARAI,46,2092,46,2137
202603,21,MANGGARAI,36,1401,36,1441
202603,22,MANGGARAI,36,1398,36,1431
202603,23,MANGGARAI,46,3764,46,3815
202603,24,MANGGARAI,46,1361,46,1412
202603,25,MANGGARAI,46,4955,46,5009
202603,26,MANGGARAI,46,5426,46,5486
202603,27,MANGGARAI,46,2131,46,2197
202603,28,MANGGARAI,36,1821,36,1864
202603,29,MANGGARAI,36,2589,36,2650
202603,30,MANGGARAI,46,1767,46,2744
202603,31,MANGGARAI,46,7342,46,7662
202603,1,PULOGADUNG,216,1823,216,1848
202603,2,PULOGADUNG,225,1987,222,2007
202603,3,PULOGADUNG,222,1994,222,1979
202603,4,PULOGADUNG,223,1991,222,1988
202603,5,PULOGADUNG,222,2002,221,1995
202603,6,PULOGADUNG,222,1998,220,2011
202603,7,PULOGADUNG,218,1806,214,1833
202603,8,PULOGADUNG,219,1826,220,1839
202603,9,PULOGADUNG,224,1982,222,1992
202603,10,PULOGADUNG,224,1988,223,1981
202603,11,PULOGADUNG,220,1982,220,1973
202603,12,PULOGADUNG,224,1998,223,1999
202603,13,PULOGADUNG,223,1997,221,1955
202603,14,PULOGADUNG,217,1819,216,1840
202603,15,PULOGADUNG,216,1820,219,1852
202603,16,PULOGADUNG,262,1994,233,2071
202603,17,PULOGADUNG,225,1989,223,1999
202604,6,LEBAK BULUS,39,351,41,383
202604,7,LEBAK BULUS,32,298,31,274
202604,8,LEBAK BULUS,39,327,41,281
202604,9,LEBAK BULUS,36,257,39,328
202604,10,LEBAK BULUS,34,179,36,263
202604,11,LEBAK BULUS,33,154,36,355
202604,12,LEBAK BULUS,31,192,36,354
202604,13,LEBAK BULUS,36,276,35,255
202604,14,LEBAK BULUS,34,199,36,260
202604,15,LEBAK BULUS,31,181,32,221
202604,16,LEBAK BULUS,32,202,32,291
202604,17,LEBAK BULUS,28,89,28,153
202604,18,LEBAK BULUS,28,71,28,164
202604,19,LEBAK BULUS,30,98,30,121
202604,20,LEBAK BULUS,32,130,32,118
202604,21,LEBAK BULUS,30,103,30,99
202604,22,LEBAK BULUS,33,97,33,102
202604,23,LEBAK BULUS,12,0,12,40
202604,24,LEBAK BULUS,23,90,23,123
202604,25,LEBAK BULUS,30,85,30,159
202604,26,LEBAK BULUS,31,90,31,174
202604,27,LEBAK BULUS,26,105,26,114
202604,28,LEBAK BULUS,22,60,22,91
202604,29,LEBAK BULUS,22,61,22,91
202604,30,LEBAK BULUS,23,0,23,75
202604,1,PINANGRANTI,89,640,89,654
202604,2,PINANGRANTI,89,610,89,617
202604,3,PINANGRANTI,89,501,89,509
202604,4,PINANGRANTI,79,399,79,400
202604,5,PINANGRANTI,79,376,79,396
202604,6,PINANGRANTI,89,595,89,609
202604,7,PINANGRANTI,89,621,89,637
202604,8,PINANGRANTI,89,558,89,581
202604,9,PINANGRANTI,89,584,89,595
202604,10,PINANGRANTI,89,573,89,595
202604,11,PINANGRANTI,79,464,79,479
202604,12,PINANGRANTI,79,425,79,436
202604,13,PINANGRANTI,89,602,89,618
202604,14,PINANGRANTI,89,580,89,596
202604,15,PINANGRANTI,89,601,89,619
202604,16,PINANGRANTI,89,605,89,619
202604,17,PINANGRANTI,89,598,89,613
202604,18,PINANGRANTI,79,441,79,446
202604,19,PINANGRANTI,79,401,79,422
202604,20,PINANGRANTI,89,601,89,606
202604,21,PINANGRANTI,89,602,89,614
202604,22,PINANGRANTI,90,563,90,588
202604,23,PINANGRANTI,89,591,89,609
202604,24,PINANGRANTI,89,616,89,627
202604,25,PINANGRANTI,79,407,79,397
202604,26,PINANGRANTI,79,394,79,391
202604,27,PINANGRANTI,89,542,89,565
202604,28,PINANGRANTI,89,586,89,593
202604,29,PINANGRANTI,89,581,89,604
202604,30,PINANGRANTI,89,540,89,553
202604,1,RAWAMANGUN,44,320,44,299
202604,2,RAWAMANGUN,43,308,43,305
202604,3,RAWAMANGUN,43,305,43,299
202604,4,RAWAMANGUN,43,308,43,304
202604,5,RAWAMANGUN,43,317,43,309
202604,6,RAWAMANGUN,43,317,43,309
202604,7,RAWAMANGUN,43,323,43,316
202604,8,RAWAMANGUN,45,326,45,318
202604,9,RAWAMANGUN,45,312,45,307
202604,10,RAWAMANGUN,45,323,45,318
202604,11,RAWAMANGUN,45,315,45,312
202604,12,RAWAMANGUN,45,328,45,319
202604,13,RAWAMANGUN,45,330,45,328
202604,14,RAWAMANGUN,45,337,45,337
202510,1,PASAR MINGGU,108,245,108,252
202510,2,PASAR MINGGU,104,239,104,248
202510,3,PASAR MINGGU,106,246,106,255
202510,4,PASAR MINGGU,109,248,109,257
202510,5,PASAR MINGGU,107,237,107,253
202510,6,PASAR MINGGU,107,236,107,246
202510,7,PASAR MINGGU,109,244,109,255
202510,8,PASAR MINGGU,111,245,108,257
202510,9,PASAR MINGGU,110,241,110,248
202510,10,PASAR MINGGU,110,249,110,257
202510,11,PASAR MINGGU,107,245,107,255
202510,12,PASAR MINGGU,113,250,113,261
202510,13,PASAR MINGGU,113,251,113,262
202510,14,PASAR MINGGU,113,244,113,254
202510,15,PASAR MINGGU,116,252,116,260
202510,16,PASAR MINGGU,110,248,110,259
202510,17,PASAR MINGGU,111,246,111,254
202510,18,PASAR MINGGU,115,250,115,259
202510,19,PASAR MINGGU,111,246,111,255
202510,20,PASAR MINGGU,110,241,110,245
202510,21,PASAR MINGGU,110,243,110,252
202510,22,PASAR MINGGU,111,239,111,248
202510,23,PASAR MINGGU,108,241,108,250
202510,24,PASAR MINGGU,113,248,113,258
202510,25,PASAR MINGGU,114,239,114,249
202510,26,PASAR MINGGU,116,245,116,255
202510,27,PASAR MINGGU,114,247,114,256
202510,28,PASAR MINGGU,109,240,109,252
202510,29,PASAR MINGGU,113,246,113,258
202510,30,PASAR MINGGU,109,239,109,250
202510,31,PASAR MINGGU,112,248,112,257
202510,1,KAMPUNG MELAYU,325,4730,325,4232
202510,2,KAMPUNG MELAYU,349,4965,349,9657
202510,3,KAMPUNG MELAYU,298,5957,298,5298
202510,4,KAMPUNG MELAYU,330,4822,330,5256
202510,5,KAMPUNG MELAYU,268,2898,268,3096
202510,6,KAMPUNG MELAYU,309,6440,309,7898
202510,7,KAMPUNG MELAYU,298,7304,298,7400
202510,8,KAMPUNG MELAYU,318,7480,318,4290
202510,9,KAMPUNG MELAYU,312,7701,312,9181
202510,10,KAMPUNG MELAYU,360,4986,363,5287
202510,11,KAMPUNG MELAYU,376,2885,376,4478
202510,12,KAMPUNG MELAYU,213,2174,213,2004
202510,13,KAMPUNG MELAYU,408,8600,408,6843
202510,14,KAMPUNG MELAYU,340,6154,340,6479
202510,15,KAMPUNG MELAYU,483,6228,483,7504
202510,16,KAMPUNG MELAYU,452,5879,452,6039
202510,17,KAMPUNG MELAYU,388,4909,388,6562
202510,18,KAMPUNG MELAYU,337,2740,337,2627
202510,19,KAMPUNG MELAYU,299,2724,299,2906
202510,20,KAMPUNG MELAYU,363,4290,368,3437
202510,21,KAMPUNG MELAYU,356,7091,356,6404
202510,22,KAMPUNG MELAYU,314,6159,330,5220
202510,23,KAMPUNG MELAYU,334,6842,335,6873
202510,24,KAMPUNG MELAYU,345,8033,330,6613
202510,25,KAMPUNG MELAYU,319,2690,319,3095
202510,26,KAMPUNG MELAYU,286,2825,286,4022
202510,27,KAMPUNG MELAYU,312,5857,312,6399
202510,28,KAMPUNG MELAYU,535,5557,526,5732
202506,1,KAMPUNG RAMBUTAN,267,1218,84,671
202506,2,KAMPUNG RAMBUTAN,242,1404,92,534
202506,3,KAMPUNG RAMBUTAN,229,1124,75,718
202506,4,KAMPUNG RAMBUTAN,251,1276,95,983
202506,5,KAMPUNG RAMBUTAN,264,1208,94,1626
202506,6,KAMPUNG RAMBUTAN,231,901,89,885
202506,7,KAMPUNG RAMBUTAN,235,1261,79,581
202506,8,KAMPUNG RAMBUTAN,225,1032,69,554
202506,9,KAMPUNG RAMBUTAN,288,2492,82,542
202506,10,KAMPUNG RAMBUTAN,275,1541,51,386
202506,11,KAMPUNG RAMBUTAN,224,1094,62,360
202506,12,KAMPUNG RAMBUTAN,228,1121,95,514
202506,13,KAMPUNG RAMBUTAN,240,1093,86,536
202506,14,KAMPUNG RAMBUTAN,227,1005,74,458
202506,15,KAMPUNG RAMBUTAN,243,1127,86,656
202506,16,KAMPUNG RAMBUTAN,213,1040,64,530
202506,17,KAMPUNG RAMBUTAN,220,1064,60,382
202506,18,KAMPUNG RAMBUTAN,230,1122,80,493
202506,19,KAMPUNG RAMBUTAN,232,1209,84,537
202506,20,KAMPUNG RAMBUTAN,233,1192,85,613
202506,21,KAMPUNG RAMBUTAN,215,1026,80,604
202506,22,KAMPUNG RAMBUTAN,242,1218,102,614
202506,23,KAMPUNG RAMBUTAN,223,982,73,478
202506,24,KAMPUNG RAMBUTAN,243,1177,78,483
202506,25,KAMPUNG RAMBUTAN,251,1217,48,349
202506,26,KAMPUNG RAMBUTAN,260,1257,85,768
202506,27,KAMPUNG RAMBUTAN,250,1244,94,1081
202506,28,KAMPUNG RAMBUTAN,237,1181,96,646
202506,29,KAMPUNG RAMBUTAN,255,1362,85,817
202506,30,KAMPUNG RAMBUTAN,268,1268,98,835
202506,1,KALIDERES,85,682,74,658
202506,2,KALIDERES,82,732,71,629
202506,3,KALIDERES,78,693,68,607
202506,4,KALIDERES,85,659,74,684
202506,5,KALIDERES,98,634,87,1392
202506,6,KALIDERES,94,611,83,943
202506,7,KALIDERES,89,648,78,705
202506,8,KALIDERES,85,729,74,671
202506,9,KALIDERES,90,865,71,646
202506,10,KALIDERES,83,718,69,610
202506,11,KALIDERES,80,666,67,635
202506,12,KALIDERES,82,620,72,662
202506,13,KALIDERES,89,651,78,693
202506,14,KALIDERES,93,672,82,734
202506,15,KALIDERES,90,693,79,682
202506,16,KALIDERES,88,734,76,657
202506,17,KALIDERES,84,687,74,628
202506,18,KALIDERES,81,648,71,609
202506,19,KALIDERES,86,619,76,636
202506,20,KALIDERES,90,636,79,685
202506,21,KALIDERES,93,655,82,721
202506,22,KALIDERES,89,681,78,694
202506,23,KALIDERES,86,732,74,653
202506,24,KALIDERES,82,690,72,627
202506,25,KALIDERES,79,653,69,608
202506,26,KALIDERES,86,624,76,689
202506,27,KALIDERES,90,608,79,732
202506,28,KALIDERES,112,636,108,1327
202506,29,KALIDERES,93,659,82,846
202506,30,KALIDERES,89,705,79,761
202604,15,RAWAMANGUN,45,326,45,329
202604,16,RAWAMANGUN,48,350,48,364
202604,17,RAWAMANGUN,48,352,48,380
202604,18,RAWAMANGUN,51,376,51,392
202604,19,RAWAMANGUN,51,366,51,381
202604,20,RAWAMANGUN,51,376,51,415
202604,21,RAWAMANGUN,53,405,53,441
202604,22,RAWAMANGUN,53,404,53,442
202604,23,RAWAMANGUN,53,417,53,448
202604,24,RAWAMANGUN,63,464,63,490
202604,25,RAWAMANGUN,63,472,63,493
202604,26,RAWAMANGUN,63,464,63,485
202604,27,RAWAMANGUN,73,468,73,499
202604,28,RAWAMANGUN,83,473,83,505
202604,29,RAWAMANGUN,93,477,93,513
202604,30,RAWAMANGUN,93,490,93,523
202604,1,RAGUNAN,65,1151,65,1178
202604,2,RAGUNAN,65,1166,65,1174
202604,3,RAGUNAN,61,1196,61,1248
202604,4,RAGUNAN,61,1230,61,1247
202604,5,RAGUNAN,61,1202,61,1250
202604,6,RAGUNAN,65,1167,65,1211
202604,7,RAGUNAN,65,1160,65,1158
202604,8,RAGUNAN,65,1179,65,1206
202604,9,RAGUNAN,65,1221,65,1243
202604,10,RAGUNAN,65,1211,65,1239
202604,11,RAGUNAN,62,1208,62,1207
202604,12,RAGUNAN,61,1224,61,1242
202604,13,RAGUNAN,65,1187,65,1229
202604,14,RAGUNAN,65,1170,65,1189
202604,15,RAGUNAN,65,1182,65,1195
202604,16,RAGUNAN,65,1215,65,1218
202604,17,RAGUNAN,65,1243,65,1241
202604,18,RAGUNAN,62,1184,62,1214
202604,19,RAGUNAN,60,1229,60,1257
202604,20,RAGUNAN,65,1193,65,1231
202604,21,RAGUNAN,65,1211,65,1224
202604,22,RAGUNAN,65,1208,65,1247
202604,23,RAGUNAN,65,1214,65,1232
202604,24,RAGUNAN,65,1199,65,1218
202604,25,RAGUNAN,62,1192,62,1226
202604,26,RAGUNAN,60,1174,60,1207
202604,27,RAGUNAN,65,1229,65,1237
202604,28,RAGUNAN,65,1217,65,1238
202604,29,RAGUNAN,65,1184,65,1218
202604,30,RAGUNAN,65,1208,65,1232
202604,1,BLOK M,423,41231,423,54940
202604,2,BLOK M,435,41481,435,55256
202604,3,BLOK M,333,31014,333,41319
202604,4,BLOK M,331,28643,331,38163
202604,5,BLOK M,322,30318,322,40398
202604,6,BLOK M,409,39625,409,52765
202604,7,BLOK M,425,40813,425,54369
202604,8,BLOK M,417,40588,417,54058
202604,9,BLOK M,419,40823,419,54374
202604,10,BLOK M,428,40503,428,53932
202604,11,BLOK M,317,32365,317,43103
202604,12,BLOK M,301,32188,301,42860
202604,13,BLOK M,428,40093,428,53383
202604,14,BLOK M,430,40766,430,54316
202604,15,BLOK M,427,40779,427,54329
202604,16,BLOK M,423,40602,423,54084
202604,17,BLOK M,425,40565,425,54042
202604,18,BLOK M,332,32504,332,43316
202604,19,BLOK M,323,32846,323,43737
202604,20,BLOK M,424,40289,424,53703
202604,21,BLOK M,426,40627,426,54135
202604,22,BLOK M,430,40779,430,54314
202604,23,BLOK M,434,40628,434,54120
202506,3,MUARA ANGKE,5,52,5,61
202506,4,MUARA ANGKE,5,47,5,58
202506,5,MUARA ANGKE,5,44,5,62
202506,6,MUARA ANGKE,5,15,5,31
202506,7,MUARA ANGKE,5,24,5,48
202506,8,MUARA ANGKE,5,32,5,50
202506,9,MUARA ANGKE,5,63,5,46
202506,10,MUARA ANGKE,5,60,5,53
202506,11,MUARA ANGKE,5,51,5,56
202506,12,MUARA ANGKE,5,46,5,52
202506,13,MUARA ANGKE,5,40,5,57
202506,14,MUARA ANGKE,5,44,5,62
202506,15,MUARA ANGKE,5,41,5,52
202506,16,MUARA ANGKE,5,55,5,51
202506,17,MUARA ANGKE,5,47,5,59
202506,18,MUARA ANGKE,5,53,5,62
202506,19,MUARA ANGKE,5,51,5,58
202506,20,MUARA ANGKE,5,43,5,61
202506,21,MUARA ANGKE,5,39,5,64
202506,22,MUARA ANGKE,5,49,5,57
202506,23,MUARA ANGKE,5,52,5,61
202506,24,MUARA ANGKE,5,42,5,55
202506,25,MUARA ANGKE,5,54,5,62
202506,26,MUARA ANGKE,5,48,5,54
202506,27,MUARA ANGKE,5,40,5,67
202506,28,MUARA ANGKE,5,39,5,59
202506,29,MUARA ANGKE,5,46,5,60
202506,30,MUARA ANGKE,5,40,5,52
202506,1,LEBAK BULUS,29,10,29,27
202506,2,LEBAK BULUS,27,6,27,21
202506,3,LEBAK BULUS,31,11,31,35
202506,4,LEBAK BULUS,33,13,33,43
202506,5,LEBAK BULUS,41,0,41,265
202506,6,LEBAK BULUS,23,0,23,77
202506,7,LEBAK BULUS,33,0,33,69
202506,8,LEBAK BULUS,38,11,38,51
202506,9,LEBAK BULUS,35,16,35,49
202506,10,LEBAK BULUS,35,12,35,47
202506,11,LEBAK BULUS,33,0,33,39
202506,12,LEBAK BULUS,33,0,33,35
202506,13,LEBAK BULUS,31,0,31,37
202506,14,LEBAK BULUS,33,0,33,39
202506,15,LEBAK BULUS,33,0,33,37
202506,16,LEBAK BULUS,31,0,31,35
202506,17,LEBAK BULUS,31,0,31,33
202506,18,LEBAK BULUS,29,0,29,35
202506,19,LEBAK BULUS,31,0,31,33
202506,20,LEBAK BULUS,35,0,35,89
202506,21,LEBAK BULUS,33,0,33,79
202506,22,LEBAK BULUS,31,0,31,77
202506,23,LEBAK BULUS,31,0,31,75
202506,24,LEBAK BULUS,33,0,33,79
202506,25,LEBAK BULUS,31,0,31,77
202506,26,LEBAK BULUS,41,0,41,121
202506,27,LEBAK BULUS,39,0,39,99
202506,28,LEBAK BULUS,35,0,35,89
202506,29,LEBAK BULUS,33,0,33,77
202506,30,LEBAK BULUS,32,0,32,75
202506,1,PINANGRANTI,89,281,89,296
202506,2,PINANGRANTI,99,290,99,303
202506,3,PINANGRANTI,99,290,99,309
202506,4,PINANGRANTI,99,282,99,301
202506,5,PINANGRANTI,99,273,99,287
202508,15,KALIDERES,91,606,80,710
202508,16,KALIDERES,97,631,86,749
202508,17,KALIDERES,93,652,82,708
202508,18,KALIDERES,88,690,78,673
202508,19,KALIDERES,84,715,74,646
202508,20,KALIDERES,81,684,71,615
202508,21,KALIDERES,85,639,75,651
202508,22,KALIDERES,89,658,78,694
202508,23,KALIDERES,94,677,82,732
202508,24,KALIDERES,90,693,80,707
202508,25,KALIDERES,85,736,75,679
202508,26,KALIDERES,82,691,72,653
202508,27,KALIDERES,79,652,69,636
202508,28,KALIDERES,83,625,73,658
202508,29,KALIDERES,87,644,76,672
202508,30,KALIDERES,82,669,71,701
202508,31,KALIDERES,86,678,75,685
202508,1,TANJUNG PRIOK,76,246,68,322
202508,2,TANJUNG PRIOK,79,231,71,258
202508,3,TANJUNG PRIOK,81,345,73,215
202508,4,TANJUNG PRIOK,85,346,76,232
202508,5,TANJUNG PRIOK,74,227,65,208
202508,6,TANJUNG PRIOK,63,198,55,261
202508,7,TANJUNG PRIOK,76,262,67,226
202508,8,TANJUNG PRIOK,82,236,72,349
202508,9,TANJUNG PRIOK,88,245,76,413
202508,10,TANJUNG PRIOK,90,427,78,287
202508,11,TANJUNG PRIOK,78,357,68,213
202508,12,TANJUNG PRIOK,70,211,60,225
202508,13,TANJUNG PRIOK,72,198,62,272
202508,14,TANJUNG PRIOK,76,204,67,325
202508,15,TANJUNG PRIOK,103,349,90,1264
202508,16,TANJUNG PRIOK,97,336,84,724
202508,17,TANJUNG PRIOK,77,234,69,312
202508,18,TANJUNG PRIOK,81,539,71,216
202508,19,TANJUNG PRIOK,71,310,61,219
202508,20,TANJUNG PRIOK,70,220,60,240
202508,21,TANJUNG PRIOK,75,185,65,314
202508,22,TANJUNG PRIOK,85,216,72,427
202508,23,TANJUNG PRIOK,83,310,71,219
202508,24,TANJUNG PRIOK,90,389,78,216
202508,25,TANJUNG PRIOK,76,276,67,201
202508,26,TANJUNG PRIOK,72,175,62,198
202508,27,TANJUNG PRIOK,77,214,67,268
202508,28,TANJUNG PRIOK,82,241,72,310
202508,29,TANJUNG PRIOK,86,279,73,483
202508,30,TANJUNG PRIOK,86,297,77,397
202508,31,TANJUNG PRIOK,90,289,78,246
202508,1,GROGOL,122,27,122,136
202508,2,GROGOL,113,22,113,123
202508,3,GROGOL,106,39,106,102
202508,4,GROGOL,114,44,114,119
202508,5,GROGOL,103,49,103,108
202508,6,GROGOL,118,41,118,122
202508,7,GROGOL,113,34,113,134
202508,8,GROGOL,122,28,122,153
202508,9,GROGOL,116,32,116,137
202508,10,GROGOL,121,48,121,125
202508,11,GROGOL,117,52,117,113
202508,12,GROGOL,113,47,113,108
202508,13,GROGOL,116,41,116,121
202508,14,GROGOL,119,37,119,135
202602,19,KAMPUNG RAMBUTAN,94,627,50,343
202602,20,KAMPUNG RAMBUTAN,87,639,57,447
202602,21,KAMPUNG RAMBUTAN,79,637,59,416
202602,22,KAMPUNG RAMBUTAN,100,542,56,379
202602,23,KAMPUNG RAMBUTAN,81,440,47,202
202602,24,KAMPUNG RAMBUTAN,71,424,55,279
202602,25,KAMPUNG RAMBUTAN,65,390,38,195
202602,26,KAMPUNG RAMBUTAN,59,358,48,222
202602,27,KAMPUNG RAMBUTAN,74,611,53,348
202602,28,KAMPUNG RAMBUTAN,77,540,54,426
202602,1,KALIDERES,82,681,71,709
202602,2,KALIDERES,80,727,68,665
202602,3,KALIDERES,76,683,66,631
202602,4,KALIDERES,73,646,63,607
202602,5,KALIDERES,78,615,68,658
202602,6,KALIDERES,84,632,74,693
202602,7,KALIDERES,91,654,80,732
202602,8,KALIDERES,88,679,77,684
202602,9,KALIDERES,85,728,75,656
202602,10,KALIDERES,81,680,71,629
202602,11,KALIDERES,78,651,68,605
202602,12,KALIDERES,83,627,73,640
202602,13,KALIDERES,95,653,84,961
202602,14,KALIDERES,102,676,91,1157
202602,15,KALIDERES,90,655,80,868
202602,16,KALIDERES,85,682,75,703
202602,17,KALIDERES,82,724,72,672
202602,18,KALIDERES,79,679,69,644
202602,19,KALIDERES,76,648,66,616
202602,20,KALIDERES,82,620,72,679
202602,21,KALIDERES,89,651,78,715
202602,22,KALIDERES,86,687,76,690
202602,23,KALIDERES,83,713,73,661
202602,24,KALIDERES,79,673,69,627
202602,25,KALIDERES,76,646,66,608
202602,26,KALIDERES,81,615,71,643
202602,27,KALIDERES,87,632,77,684
202602,28,KALIDERES,91,654,80,736
202602,1,TANJUNG PRIOK,81,386,71,425
202602,2,TANJUNG PRIOK,92,419,81,395
202602,3,TANJUNG PRIOK,90,431,78,387
202602,4,TANJUNG PRIOK,94,403,83,397
202602,5,TANJUNG PRIOK,91,382,79,373
202602,6,TANJUNG PRIOK,86,425,75,451
202602,7,TANJUNG PRIOK,93,439,83,479
202602,8,TANJUNG PRIOK,82,449,72,463
202602,9,TANJUNG PRIOK,92,392,82,342
202602,10,TANJUNG PRIOK,85,373,74,359
202602,11,TANJUNG PRIOK,82,411,72,387
202602,12,TANJUNG PRIOK,76,431,65,419
202602,13,TANJUNG PRIOK,89,472,78,546
202602,14,TANJUNG PRIOK,99,486,88,738
202602,15,TANJUNG PRIOK,95,536,85,818
202602,16,TANJUNG PRIOK,86,431,76,512
202602,17,TANJUNG PRIOK,83,473,72,442
202602,18,TANJUNG PRIOK,78,391,67,364
202602,19,TANJUNG PRIOK,75,376,65,359
202602,20,TANJUNG PRIOK,81,366,71,342
202602,21,TANJUNG PRIOK,77,473,67,392
202602,22,TANJUNG PRIOK,85,429,74,379
202602,23,TANJUNG PRIOK,82,405,71,384
202508,18,MUARA ANGKE,5,49,5,55
202508,19,MUARA ANGKE,5,47,5,59
202508,20,MUARA ANGKE,5,59,5,51
202508,21,MUARA ANGKE,5,41,5,60
202508,22,MUARA ANGKE,5,53,5,64
202508,23,MUARA ANGKE,5,50,5,58
202508,24,MUARA ANGKE,5,50,5,59
202508,25,MUARA ANGKE,5,62,5,50
202508,26,MUARA ANGKE,5,40,5,67
202508,27,MUARA ANGKE,5,47,5,52
202508,28,MUARA ANGKE,5,39,5,59
202508,29,MUARA ANGKE,5,62,5,50
202508,30,MUARA ANGKE,5,45,5,50
202508,31,MUARA ANGKE,5,41,5,56
202508,1,LEBAK BULUS,31,0,31,69
202508,2,LEBAK BULUS,32,0,32,67
202508,3,LEBAK BULUS,31,0,31,59
202508,4,LEBAK BULUS,31,0,31,57
202508,5,LEBAK BULUS,29,0,29,55
202508,6,LEBAK BULUS,31,0,31,53
202508,7,LEBAK BULUS,33,0,33,55
202508,8,LEBAK BULUS,31,0,31,51
202508,9,LEBAK BULUS,33,0,33,55
202508,10,LEBAK BULUS,32,0,32,53
202508,11,LEBAK BULUS,31,0,31,51
202508,12,LEBAK BULUS,29,0,29,49
202508,13,LEBAK BULUS,31,0,31,47
202508,14,LEBAK BULUS,31,0,31,45
202508,15,LEBAK BULUS,35,0,35,79
202508,16,LEBAK BULUS,33,0,33,69
202508,17,LEBAK BULUS,23,0,23,53
202508,18,LEBAK BULUS,31,0,31,49
202508,19,LEBAK BULUS,31,0,31,45
202508,20,LEBAK BULUS,32,0,32,43
202508,21,LEBAK BULUS,31,0,31,41
202508,22,LEBAK BULUS,32,0,32,43
202508,23,LEBAK BULUS,33,0,33,41
202508,24,LEBAK BULUS,33,0,33,39
202508,25,LEBAK BULUS,31,0,31,33
202508,26,LEBAK BULUS,29,0,29,49
202508,27,LEBAK BULUS,31,0,31,44
202508,28,LEBAK BULUS,31,0,31,43
202508,29,LEBAK BULUS,30,0,30,42
202508,30,LEBAK BULUS,31,0,31,39
202508,31,LEBAK BULUS,29,0,29,41
202508,1,PINANGRANTI,89,296,89,319
202508,2,PINANGRANTI,79,295,79,309
202508,3,PINANGRANTI,79,273,79,289
202508,4,PINANGRANTI,89,307,89,325
202508,5,PINANGRANTI,89,309,89,322
202508,6,PINANGRANTI,89,287,89,296
202508,7,PINANGRANTI,89,299,89,320
202508,8,PINANGRANTI,89,359,89,406
202508,9,PINANGRANTI,79,253,79,271
202508,10,PINANGRANTI,79,241,79,250
202508,11,PINANGRANTI,89,306,89,327
202508,12,PINANGRANTI,89,323,89,354
202508,13,PINANGRANTI,89,346,89,386
202508,14,PINANGRANTI,89,361,89,416
202508,15,PINANGRANTI,89,380,89,417
202508,16,PINANGRANTI,79,281,79,290
202508,17,PINANGRANTI,79,359,79,386
202508,18,PINANGRANTI,89,337,89,358
202511,11,CILILITAN,236,11198,236,11986
202511,12,CILILITAN,236,11443,236,12328
202511,13,CILILITAN,236,11414,236,12770
202511,14,CILILITAN,236,11433,236,12823
202511,15,CILILITAN,195,10325,195,10552
202511,16,CILILITAN,195,9783,195,9955
202511,17,CILILITAN,235,11078,235,12643
202511,18,CILILITAN,236,11028,236,12405
202511,19,CILILITAN,236,11619,236,12678
202511,20,CILILITAN,236,11449,236,12949
202511,21,CILILITAN,236,11700,236,11113
202511,22,CILILITAN,195,8771,195,8849
202511,23,CILILITAN,195,8015,195,7870
202511,24,CILILITAN,236,11220,236,11577
202511,25,CILILITAN,236,11510,236,12184
202511,26,CILILITAN,236,11423,236,12402
202511,27,CILILITAN,236,11769,236,13084
202511,28,CILILITAN,235,11640,235,12377
202511,29,CILILITAN,195,11454,195,10618
202511,30,CILILITAN,195,11105,195,9638
202511,1,KLENDER,137,281,139,286
202511,2,KLENDER,135,276,138,284
202511,3,KLENDER,138,279,140,285
202511,4,KLENDER,136,278,139,284
202511,5,KLENDER,134,282,137,288
202511,6,KLENDER,137,285,140,291
202511,7,KLENDER,136,282,138,291
202511,8,KLENDER,138,285,139,294
202511,9,KLENDER,137,289,138,296
202511,10,KLENDER,139,281,140,290
202511,11,KLENDER,136,285,138,295
202511,12,KLENDER,138,283,139,293
202511,13,KLENDER,137,289,140,295
202511,14,KLENDER,136,289,137,294
202511,15,KLENDER,137,289,138,293
202511,16,KLENDER,139,287,141,294
202511,17,KLENDER,135,292,137,301
202511,18,KLENDER,138,291,139,294
202511,19,KLENDER,137,285,138,290
202511,20,KLENDER,139,287,141,292
202511,21,KLENDER,137,287,140,290
202511,22,KLENDER,138,290,139,294
202511,23,KLENDER,137,287,141,295
202511,24,KLENDER,134,286,138,294
202511,25,KLENDER,136,291,140,299
202511,26,KLENDER,138,295,139,303
202511,27,KLENDER,137,290,141,298
202511,28,KLENDER,139,290,140,294
202511,29,KLENDER,137,288,138,291
202511,30,KLENDER,138,291,139,293
202511,1,PASAR MINGGU,108,246,108,252
202511,2,PASAR MINGGU,114,248,114,258
202511,3,PASAR MINGGU,114,252,114,261
202511,4,PASAR MINGGU,113,242,113,249
202511,5,PASAR MINGGU,109,234,109,242
202511,6,PASAR MINGGU,113,240,113,249
202511,7,PASAR MINGGU,109,233,109,242
202511,8,PASAR MINGGU,106,224,106,232
202511,9,PASAR MINGGU,110,232,110,240
202511,10,PASAR MINGGU,112,239,112,248
202511,11,PASAR MINGGU,116,244,116,251
202511,12,PASAR MINGGU,110,237,110,246
202511,13,PASAR MINGGU,110,245,110,254
202511,14,PASAR MINGGU,110,241,110,251
202511,15,PASAR MINGGU,107,241,107,251
202511,16,PASAR MINGGU,103,236,103,246
202511,17,PASAR MINGGU,106,242,106,252
202511,18,PASAR MINGGU,105,245,105,254
202511,19,PASAR MINGGU,108,245,108,252
202511,20,PASAR MINGGU,104,241,104,251
202511,21,PASAR MINGGU,101,249,101,256
202511,22,PASAR MINGGU,103,252,103,262
202511,23,PASAR MINGGU,99,246,99,256
202511,24,PASAR MINGGU,100,250,100,261
202511,25,PASAR MINGGU,102,256,102,268
202511,26,PASAR MINGGU,103,258,103,268
202511,27,PASAR MINGGU,99,253,99,260
202511,28,PASAR MINGGU,103,257,103,264
202511,29,PASAR MINGGU,100,251,100,260
202511,30,PASAR MINGGU,103,251,103,263
202511,1,KAMPUNG MELAYU,371,4006,371,2928
202511,2,KAMPUNG MELAYU,337,3877,337,4047
202511,3,KAMPUNG MELAYU,331,3829,331,5061
202511,4,KAMPUNG MELAYU,290,3713,288,3884
202511,5,KAMPUNG MELAYU,371,4177,371,4571
202511,6,KAMPUNG MELAYU,275,6302,275,7269
202511,7,KAMPUNG MELAYU,299,3095,295,3738
202511,8,KAMPUNG MELAYU,287,3169,287,3532
202511,9,KAMPUNG MELAYU,184,2360,184,3653
202511,10,KAMPUNG MELAYU,387,5865,387,6062
202511,11,KAMPUNG MELAYU,355,3934,355,3897
202511,12,KAMPUNG MELAYU,332,4389,332,3678
202511,13,KAMPUNG MELAYU,276,4924,276,5941
202511,14,KAMPUNG MELAYU,250,4116,255,4866
202511,15,KAMPUNG MELAYU,325,4696,325,4502
202511,16,KAMPUNG MELAYU,263,2465,263,3558
202511,17,KAMPUNG MELAYU,344,5167,344,5502
202511,18,KAMPUNG MELAYU,303,5631,303,7579
202511,19,KAMPUNG MELAYU,305,4154,305,4075
202511,20,KAMPUNG MELAYU,293,6736,293,8347
202511,21,KAMPUNG MELAYU,415,3996,409,5625
202511,22,KAMPUNG MELAYU,262,2183,262,2697
202511,23,KAMPUNG MELAYU,213,2439,213,2165
202511,24,KAMPUNG MELAYU,280,6360,280,4049
202511,25,KAMPUNG MELAYU,304,4583,304,4594
202511,26,KAMPUNG MELAYU,295,4510,295,5904
202511,27,KAMPUNG MELAYU,249,5382,249,4365
202511,28,KAMPUNG MELAYU,383,5824,383,5589
202511,29,KAMPUNG MELAYU,235,2344,235,3833
202511,30,KAMPUNG MELAYU,218,2345,218,2190
202511,1,SENEN,240,1528,240,1923
202511,2,SENEN,191,1317,191,1697
202511,3,SENEN,188,1328,188,1798
202511,4,SENEN,242,1602,242,1775
202511,5,SENEN,242,1582,242,1793
202511,6,SENEN,240,1524,240,1911
202511,7,SENEN,240,1519,240,1923
202511,8,SENEN,238,1531,238,1900
202511,9,SENEN,191,1315,191,1706
202511,10,SENEN,242,1598,242,1797
202511,11,SENEN,242,1579,242,1798
202602,24,TANJUNG PRIOK,80,391,70,368
202602,25,TANJUNG PRIOK,77,367,66,355
202602,26,TANJUNG PRIOK,75,352,64,341
202602,27,TANJUNG PRIOK,82,382,71,411
202602,28,TANJUNG PRIOK,86,401,76,436
202602,1,GROGOL,104,69,104,129
202602,2,GROGOL,107,56,107,156
202602,3,GROGOL,101,47,101,131
202602,4,GROGOL,111,40,111,148
202602,5,GROGOL,116,52,116,155
202602,6,GROGOL,119,49,119,171
202602,7,GROGOL,113,51,113,146
202602,8,GROGOL,103,63,103,139
202602,9,GROGOL,105,65,105,127
202602,10,GROGOL,104,45,104,149
202602,11,GROGOL,108,42,108,154
202602,12,GROGOL,115,39,115,172
202602,13,GROGOL,124,47,124,213
202602,14,GROGOL,113,41,113,181
202602,15,GROGOL,107,62,107,152
202602,16,GROGOL,105,61,105,148
202602,17,GROGOL,102,73,102,136
202602,18,GROGOL,111,59,111,135
202602,19,GROGOL,98,47,98,125
202602,20,GROGOL,112,45,112,157
202602,21,GROGOL,105,37,105,145
202602,22,GROGOL,101,65,101,149
202602,23,GROGOL,108,54,108,162
202602,24,GROGOL,99,42,99,143
202602,25,GROGOL,101,46,101,136
202602,26,GROGOL,108,47,108,161
202602,27,GROGOL,111,34,111,171
202602,28,GROGOL,104,47,104,151
202602,1,MUARA ANGKE,5,117,5,114
202602,2,MUARA ANGKE,5,116,5,106
202602,3,MUARA ANGKE,5,114,5,133
202602,4,MUARA ANGKE,4,68,4,108
202602,5,MUARA ANGKE,4,59,4,97
202602,6,MUARA ANGKE,4,73,4,104
202602,7,MUARA ANGKE,4,102,4,119
202602,8,MUARA ANGKE,4,113,4,125
202602,9,MUARA ANGKE,4,113,4,125
202602,10,MUARA ANGKE,4,67,4,105
202602,11,MUARA ANGKE,4,80,4,123
202602,12,MUARA ANGKE,4,82,4,110
202602,13,MUARA ANGKE,5,133,5,124
202602,14,MUARA ANGKE,5,133,5,169
202602,15,MUARA ANGKE,5,94,5,110
202602,16,MUARA ANGKE,5,96,5,104
202602,17,MUARA ANGKE,5,113,5,140
202602,18,MUARA ANGKE,5,98,5,116
202602,19,MUARA ANGKE,5,84,5,111
202602,20,MUARA ANGKE,4,80,4,111
202602,21,MUARA ANGKE,5,132,5,164
202602,22,MUARA ANGKE,4,109,4,137
202602,23,MUARA ANGKE,5,123,5,89
202602,24,MUARA ANGKE,5,111,5,91
202602,25,MUARA ANGKE,4,138,4,150
202602,26,MUARA ANGKE,4,123,4,143
202602,27,MUARA ANGKE,4,50,4,92
202602,28,MUARA ANGKE,4,55,4,94
202602,1,LEBAK BULUS,18,0,18,89
202602,2,LEBAK BULUS,18,0,18,121
202508,19,PINANGRANTI,89,411,89,446
202508,20,PINANGRANTI,89,407,89,443
202508,21,PINANGRANTI,89,421,89,457
202508,22,PINANGRANTI,89,440,89,473
202508,23,PINANGRANTI,79,263,79,310
202508,24,PINANGRANTI,79,272,79,323
202508,25,PINANGRANTI,89,402,89,420
202508,26,PINANGRANTI,89,442,89,509
202508,27,PINANGRANTI,89,458,89,523
202508,28,PINANGRANTI,89,397,89,424
202508,29,PINANGRANTI,89,372,89,396
202508,30,PINANGRANTI,0,0,0,0
202508,31,PINANGRANTI,0,0,0,0
202508,1,RAWAMANGUN,45,289,45,331
202508,2,RAWAMANGUN,46,331,46,348
202508,3,RAWAMANGUN,44,322,44,322
202508,4,RAWAMANGUN,43,327,43,311
202508,5,RAWAMANGUN,42,330,42,274
202508,6,RAWAMANGUN,43,320,43,323
202508,7,RAWAMANGUN,44,335,44,358
202508,8,RAWAMANGUN,42,267,42,286
202508,9,RAWAMANGUN,43,336,43,329
202508,10,RAWAMANGUN,45,316,45,321
202508,11,RAWAMANGUN,41,275,41,304
202508,12,RAWAMANGUN,44,330,44,329
202508,13,RAWAMANGUN,44,335,44,365
202508,14,RAWAMANGUN,43,316,43,298
202508,15,RAWAMANGUN,46,353,46,348
202508,16,RAWAMANGUN,43,332,43,304
202508,17,RAWAMANGUN,43,302,43,314
202508,18,RAWAMANGUN,42,317,42,287
202508,19,RAWAMANGUN,44,328,44,327
202508,20,RAWAMANGUN,45,350,45,371
202508,21,RAWAMANGUN,43,309,43,314
202508,22,RAWAMANGUN,43,317,43,333
202508,23,RAWAMANGUN,44,318,44,341
202508,24,RAWAMANGUN,42,298,42,298
202508,25,RAWAMANGUN,46,359,46,338
202508,26,RAWAMANGUN,44,313,44,347
202508,27,RAWAMANGUN,44,334,44,319
202508,28,RAWAMANGUN,44,310,44,322
202508,29,RAWAMANGUN,44,323,44,326
202508,30,RAWAMANGUN,44,337,44,328
202508,31,RAWAMANGUN,44,307,44,329
202508,1,RAGUNAN,65,1111,65,1146
202508,2,RAGUNAN,62,1171,62,1178
202508,3,RAGUNAN,61,1174,61,1197
202508,4,RAGUNAN,65,1152,65,1142
202508,5,RAGUNAN,65,1149,65,1175
202508,6,RAGUNAN,65,1141,65,1141
202508,7,RAGUNAN,65,1128,65,1159
202508,8,RAGUNAN,65,1119,65,1144
202508,9,RAGUNAN,62,1117,62,1193
202508,10,RAGUNAN,61,1151,61,1239
202508,11,RAGUNAN,65,1132,65,1190
202508,12,RAGUNAN,65,1159,65,1199
202508,13,RAGUNAN,65,1160,65,1161
202508,14,RAGUNAN,65,1142,65,1189
202508,15,RAGUNAN,65,1139,65,1170
202508,16,RAGUNAN,64,1200,64,1240
202508,17,RAGUNAN,61,1211,61,1254
202508,18,RAGUNAN,65,1135,65,1165
202504,1,KAMPUNG RAMBUTAN,234,1667,98,2090
202504,2,KAMPUNG RAMBUTAN,213,1998,110,1462
202504,3,KAMPUNG RAMBUTAN,344,4951,99,750
202504,4,KAMPUNG RAMBUTAN,378,6707,99,553
202504,5,KAMPUNG RAMBUTAN,448,12169,78,411
202504,6,KAMPUNG RAMBUTAN,376,11058,53,467
202504,7,KAMPUNG RAMBUTAN,303,9978,78,620
202504,8,KAMPUNG RAMBUTAN,266,6532,77,329
202504,9,KAMPUNG RAMBUTAN,253,3554,106,484
202504,10,KAMPUNG RAMBUTAN,241,2677,100,548
202504,11,KAMPUNG RAMBUTAN,221,2334,72,626
202504,12,KAMPUNG RAMBUTAN,287,2906,74,552
202504,13,KAMPUNG RAMBUTAN,305,3167,67,431
202504,14,KAMPUNG RAMBUTAN,260,1828,76,388
202504,15,KAMPUNG RAMBUTAN,256,1323,77,351
202504,16,KAMPUNG RAMBUTAN,240,1366,75,399
202504,17,KAMPUNG RAMBUTAN,260,1451,87,643
202504,18,KAMPUNG RAMBUTAN,254,1166,78,503
202504,19,KAMPUNG RAMBUTAN,307,1128,75,421
202504,20,KAMPUNG RAMBUTAN,254,1443,98,459
202504,21,KAMPUNG RAMBUTAN,235,1246,73,332
202504,22,KAMPUNG RAMBUTAN,229,1048,70,270
202504,23,KAMPUNG RAMBUTAN,218,1137,54,358
202504,24,KAMPUNG RAMBUTAN,239,1107,57,275
202504,25,KAMPUNG RAMBUTAN,255,1207,104,537
202504,26,KAMPUNG RAMBUTAN,222,1099,88,367
202504,27,KAMPUNG RAMBUTAN,242,1059,82,419
202504,28,KAMPUNG RAMBUTAN,219,943,87,478
202504,29,KAMPUNG RAMBUTAN,205,985,76,326
202504,30,KAMPUNG RAMBUTAN,234,1112,62,417
202504,1,KALIDERES,94,282,83,737
202504,2,KALIDERES,106,789,78,659
202504,3,KALIDERES,153,1674,84,697
202504,4,KALIDERES,181,2321,94,820
202504,5,KALIDERES,224,4235,99,882
202504,6,KALIDERES,271,6083,96,848
202504,7,KALIDERES,232,4456,82,754
202504,8,KALIDERES,196,3128,76,671
202504,9,KALIDERES,142,1459,71,623
202504,10,KALIDERES,112,960,80,727
202504,11,KALIDERES,96,859,86,815
202504,12,KALIDERES,93,671,82,733
202504,13,KALIDERES,104,987,78,689
202504,14,KALIDERES,97,794,75,652
202504,15,KALIDERES,89,712,71,626
202504,16,KALIDERES,84,678,68,604
202504,17,KALIDERES,81,653,71,648
202504,18,KALIDERES,87,626,76,681
202504,19,KALIDERES,93,609,81,733
202504,20,KALIDERES,89,635,78,697
202504,21,KALIDERES,85,691,75,650
202504,22,KALIDERES,83,657,73,629
202504,23,KALIDERES,80,634,70,605
202504,24,KALIDERES,84,602,74,648
202504,25,KALIDERES,89,638,78,682
202504,26,KALIDERES,93,656,82,731
202504,27,KALIDERES,90,673,79,694
202504,28,KALIDERES,85,719,75,663
202504,29,KALIDERES,81,685,71,636
202504,30,KALIDERES,84,651,74,660
202504,1,TANJUNG PRIOK,58,541,49,419
202511,12,SENEN,240,1581,240,1889
202511,13,SENEN,240,1524,240,1907
202511,14,SENEN,238,1533,238,1920
202511,15,SENEN,191,1314,191,1698
202511,16,SENEN,188,1325,188,1824
202511,17,SENEN,242,1615,242,1805
202511,18,SENEN,242,1587,242,1797
202511,19,SENEN,240,1579,240,1898
202511,20,SENEN,240,1534,240,1914
202511,21,SENEN,238,1531,238,1911
202511,22,SENEN,191,1316,191,1798
202511,23,SENEN,188,1323,188,1807
202511,24,SENEN,242,1609,242,1804
202511,25,SENEN,240,1586,240,1788
202511,26,SENEN,240,1583,240,1892
202511,27,SENEN,240,1533,240,1909
202511,28,SENEN,238,1531,238,1908
202511,29,SENEN,191,1306,191,1804
202511,30,SENEN,188,1330,188,1814
202511,1,MANGGARAI,24,4722,24,10107
202511,2,MANGGARAI,24,4564,24,10076
202511,3,MANGGARAI,36,4832,36,10282
202511,4,MANGGARAI,36,4766,36,11076
202511,5,MANGGARAI,36,4820,36,11173
202511,6,MANGGARAI,41,4822,41,11174
202511,7,MANGGARAI,41,4323,41,10193
202511,8,MANGGARAI,26,4124,26,10049
202511,9,MANGGARAI,26,3528,26,10032
202511,10,MANGGARAI,41,5265,41,10600
202511,11,MANGGARAI,41,5056,41,10187
202511,12,MANGGARAI,41,5088,41,10252
202511,13,MANGGARAI,41,5268,41,10607
202511,14,MANGGARAI,41,5266,41,10609
202511,15,MANGGARAI,26,5087,26,5128
202511,16,MANGGARAI,26,5263,26,10563
202511,17,MANGGARAI,41,5088,41,10244
202511,18,MANGGARAI,41,5085,41,10239
202511,19,MANGGARAI,41,5087,41,10249
202511,20,MANGGARAI,41,5268,41,10610
202511,21,MANGGARAI,41,5269,41,10609
202511,22,MANGGARAI,26,5009,26,10044
202511,23,MANGGARAI,26,4964,26,9956
202511,24,MANGGARAI,41,5121,41,10298
202511,25,MANGGARAI,41,5269,41,10597
202511,26,MANGGARAI,41,5092,41,10233
202511,27,MANGGARAI,41,5089,41,10233
202511,28,MANGGARAI,41,4996,41,10033
202511,29,MANGGARAI,26,4940,26,9920
202511,30,MANGGARAI,26,4986,26,10001
202511,1,PULOGADUNG,229,1886,227,1890
202511,2,PULOGADUNG,210,1686,218,1697
202511,3,PULOGADUNG,231,1976,230,1961
202511,4,PULOGADUNG,230,1917,232,1962
202511,5,PULOGADUNG,230,1986,233,2001
202511,6,PULOGADUNG,229,1967,229,1980
202511,7,PULOGADUNG,227,1897,226,1960
202511,8,PULOGADUNG,211,1721,214,1786
202511,9,PULOGADUNG,210,1706,210,1771
202511,10,PULOGADUNG,229,1948,226,1918
202511,11,PULOGADUNG,230,1997,229,1990
202511,12,PULOGADUNG,225,1957,227,1994
202511,13,PULOGADUNG,223,1901,225,1946
202602,3,LEBAK BULUS,21,0,21,45
202602,4,LEBAK BULUS,19,0,19,51
202602,5,LEBAK BULUS,17,20,17,61
202602,6,LEBAK BULUS,15,0,15,77
202602,7,LEBAK BULUS,16,0,16,35
202602,8,LEBAK BULUS,28,0,28,81
202602,9,LEBAK BULUS,21,19,21,56
202602,10,LEBAK BULUS,16,0,16,41
202602,11,LEBAK BULUS,22,0,22,69
202602,12,LEBAK BULUS,14,0,14,56
202602,13,LEBAK BULUS,21,0,21,69
202602,14,LEBAK BULUS,13,0,13,70
202602,15,LEBAK BULUS,10,0,10,43
202602,16,LEBAK BULUS,19,0,19,66
202602,17,LEBAK BULUS,17,5,17,57
202602,18,LEBAK BULUS,14,0,14,35
202602,19,LEBAK BULUS,11,0,11,43
202602,20,LEBAK BULUS,13,0,13,38
202602,21,LEBAK BULUS,24,0,24,77
202602,22,LEBAK BULUS,20,0,20,96
202602,23,LEBAK BULUS,13,0,13,42
202602,24,LEBAK BULUS,19,0,19,64
202602,25,LEBAK BULUS,23,0,23,59
202602,26,LEBAK BULUS,19,0,19,74
202602,27,LEBAK BULUS,13,0,13,57
202602,28,LEBAK BULUS,12,0,12,54
202602,1,PINANGRANTI,79,507,79,526
202602,2,PINANGRANTI,89,547,89,574
202602,3,PINANGRANTI,89,559,89,573
202602,4,PINANGRANTI,89,598,89,627
202602,5,PINANGRANTI,89,541,89,558
202602,6,PINANGRANTI,89,540,89,581
202602,7,PINANGRANTI,79,493,79,505
202602,8,PINANGRANTI,79,455,79,483
202602,9,PINANGRANTI,89,559,89,580
202602,10,PINANGRANTI,89,578,89,620
202602,11,PINANGRANTI,89,578,89,594
202602,12,PINANGRANTI,89,595,89,610
202602,13,PINANGRANTI,89,556,89,569
202602,14,PINANGRANTI,79,476,79,489
202602,15,PINANGRANTI,79,610,79,633
202602,16,PINANGRANTI,89,623,89,633
202602,17,PINANGRANTI,89,578,89,596
202602,18,PINANGRANTI,89,563,89,577
202602,19,PINANGRANTI,89,543,89,562
202602,20,PINANGRANTI,89,595,89,610
202602,21,PINANGRANTI,79,508,79,521
202602,22,PINANGRANTI,79,421,79,448
202602,23,PINANGRANTI,89,597,89,617
202602,24,PINANGRANTI,89,577,89,587
202602,25,PINANGRANTI,89,566,89,571
202602,26,PINANGRANTI,89,380,89,417
202602,27,PINANGRANTI,89,534,89,548
202602,28,PINANGRANTI,79,453,79,458
202602,1,RAWAMANGUN,163,503,163,263
202602,2,RAWAMANGUN,163,573,163,271
202602,3,RAWAMANGUN,163,576,163,274
202602,4,RAWAMANGUN,163,580,163,276
202602,5,RAWAMANGUN,163,569,163,271
202602,6,RAWAMANGUN,163,556,163,280
202602,7,RAWAMANGUN,163,560,163,277
202602,8,RAWAMANGUN,163,546,163,270
202508,19,RAGUNAN,65,1098,65,1143
202508,20,RAGUNAN,65,1163,65,1211
202508,21,RAGUNAN,65,1148,65,1163
202508,22,RAGUNAN,65,1133,65,1151
202508,23,RAGUNAN,62,1178,62,1242
202508,24,RAGUNAN,61,1176,61,1232
202508,25,RAGUNAN,65,1158,65,1219
202508,26,RAGUNAN,65,1151,65,1193
202508,27,RAGUNAN,65,1171,65,1196
202508,28,RAGUNAN,65,1158,65,1166
202508,29,RAGUNAN,68,1126,68,1151
202508,30,RAGUNAN,50,884,50,980
202508,31,RAGUNAN,58,990,58,989
202508,1,BLOK M,414,5556,414,5642
202508,2,BLOK M,340,4738,340,5029
202508,3,BLOK M,337,4607,337,4910
202508,4,BLOK M,422,5521,422,5622
202508,5,BLOK M,416,5508,416,5598
202508,6,BLOK M,415,5765,415,5752
202508,7,BLOK M,414,5740,414,5721
202508,8,BLOK M,414,5749,414,5728
202508,9,BLOK M,340,4891,340,5111
202508,10,BLOK M,345,4510,345,4860
202508,11,BLOK M,407,5685,407,5690
202508,12,BLOK M,423,5690,423,5725
202508,13,BLOK M,423,5708,423,5725
202508,14,BLOK M,418,6332,418,6152
202508,15,BLOK M,428,5717,428,5761
202508,16,BLOK M,339,4647,339,4929
202508,17,BLOK M,334,4459,334,4809
202508,18,BLOK M,334,4726,334,4984
202508,19,BLOK M,420,5451,420,5540
202508,20,BLOK M,423,5687,423,5701
202508,21,BLOK M,424,5631,424,5692
202508,22,BLOK M,417,5603,417,5641
202508,23,BLOK M,370,4696,370,5003
202508,24,BLOK M,366,4684,366,4982
202508,25,BLOK M,437,5476,437,5602
202508,26,BLOK M,434,5313,434,5495
202508,27,BLOK M,454,5676,454,5764
202508,28,BLOK M,432,5611,432,5678
202508,29,BLOK M,430,5433,430,5554
202508,30,BLOK M,272,3564,272,4219
202508,31,BLOK M,327,4220,327,4673
202508,1,CILILITAN,208,8277,208,10586
202508,2,CILILITAN,193,7372,193,8066
202508,3,CILILITAN,222,10399,222,10138
202508,4,CILILITAN,237,11403,237,11288
202508,5,CILILITAN,237,11686,237,11751
202508,6,CILILITAN,237,10674,237,11437
202508,7,CILILITAN,237,11470,237,11793
202508,8,CILILITAN,237,10614,237,11510
202508,9,CILILITAN,196,7709,196,8191
202508,10,CILILITAN,225,7732,225,7992
202508,11,CILILITAN,237,8627,237,8705
202508,12,CILILITAN,237,10138,237,10943
202508,13,CILILITAN,237,10683,237,11608
202508,14,CILILITAN,237,11404,237,11619
202508,15,CILILITAN,237,10446,237,10795
202508,16,CILILITAN,191,7825,191,7558
202508,17,CILILITAN,193,12521,193,7270
202508,18,CILILITAN,193,7656,193,7924
202504,2,TANJUNG PRIOK,79,1188,67,371
202504,3,TANJUNG PRIOK,91,1155,81,326
202504,4,TANJUNG PRIOK,90,1143,80,331
202504,5,TANJUNG PRIOK,104,1031,93,332
202504,6,TANJUNG PRIOK,93,889,83,285
202504,7,TANJUNG PRIOK,73,752,63,298
202504,8,TANJUNG PRIOK,77,772,72,413
202504,9,TANJUNG PRIOK,70,197,60,228
202504,10,TANJUNG PRIOK,74,205,64,261
202504,11,TANJUNG PRIOK,81,161,71,279
202504,12,TANJUNG PRIOK,85,183,71,305
202504,13,TANJUNG PRIOK,86,327,76,265
202504,14,TANJUNG PRIOK,72,215,62,209
202504,15,TANJUNG PRIOK,67,253,57,174
202504,16,TANJUNG PRIOK,62,213,54,159
202504,17,TANJUNG PRIOK,17,98,15,124
202504,18,TANJUNG PRIOK,75,235,67,324
202504,19,TANJUNG PRIOK,82,234,72,379
202504,20,TANJUNG PRIOK,87,358,77,242
202504,21,TANJUNG PRIOK,61,217,53,198
202504,22,TANJUNG PRIOK,66,231,58,214
202504,23,TANJUNG PRIOK,70,172,61,253
202504,24,TANJUNG PRIOK,72,169,64,316
202504,25,TANJUNG PRIOK,76,187,68,342
202504,26,TANJUNG PRIOK,80,206,71,382
202504,27,TANJUNG PRIOK,86,361,76,239
202504,28,TANJUNG PRIOK,74,310,65,229
202504,29,TANJUNG PRIOK,69,273,60,241
202504,30,TANJUNG PRIOK,73,235,65,382
202504,1,GROGOL,81,0,81,194
202504,2,GROGOL,74,0,74,187
202504,3,GROGOL,72,0,72,172
202504,4,GROGOL,75,34,75,168
202504,5,GROGOL,83,24,83,176
202504,6,GROGOL,94,46,94,147
202504,7,GROGOL,88,47,88,172
202504,8,GROGOL,91,44,91,191
202504,9,GROGOL,94,46,94,147
202504,10,GROGOL,98,64,98,173
202504,11,GROGOL,102,41,102,195
202504,12,GROGOL,106,52,106,208
202504,13,GROGOL,103,63,103,192
202504,14,GROGOL,109,38,109,211
202504,15,GROGOL,113,42,113,221
202504,16,GROGOL,121,33,121,242
202504,17,GROGOL,141,28,141,298
202504,18,GROGOL,122,32,122,247
202504,19,GROGOL,112,38,112,222
202504,20,GROGOL,106,47,106,186
202504,21,GROGOL,113,56,113,163
202504,22,GROGOL,106,42,106,147
202504,23,GROGOL,101,36,101,122
202504,24,GROGOL,115,33,115,138
202504,25,GROGOL,124,27,124,152
202504,26,GROGOL,115,34,115,127
202504,27,GROGOL,107,43,107,113
202504,28,GROGOL,111,39,111,119
202504,29,GROGOL,102,34,102,112
202504,30,GROGOL,114,28,114,132
202504,1,MUARA ANGKE,1,9,1,10
202504,2,MUARA ANGKE,2,26,2,33
202504,3,MUARA ANGKE,3,33,3,42
202504,4,MUARA ANGKE,3,98,3,34
202511,14,PULOGADUNG,229,1990,226,1949
202511,15,PULOGADUNG,208,1669,209,1695
202511,16,PULOGADUNG,211,1710,212,1708
202511,17,PULOGADUNG,231,2036,231,2044
202511,18,PULOGADUNG,229,2005,230,1997
202511,19,PULOGADUNG,229,1974,227,1981
202511,20,PULOGADUNG,228,1945,230,1994
202511,21,PULOGADUNG,229,1987,227,1980
202511,22,PULOGADUNG,210,1704,210,1767
202511,23,PULOGADUNG,209,1702,211,1790
202511,24,PULOGADUNG,230,2005,229,1989
202511,25,PULOGADUNG,224,1943,225,1952
202511,26,PULOGADUNG,224,1890,222,1909
202511,27,PULOGADUNG,223,1923,224,1959
202511,28,PULOGADUNG,222,1926,224,1943
202511,29,PULOGADUNG,210,1667,212,1725
202511,30,PULOGADUNG,210,1650,212,1722
202512,16,BLOK M,395,3085,395,4164
202512,17,BLOK M,429,5575,429,5662
202512,18,BLOK M,420,5352,420,5515
202512,19,BLOK M,419,5357,419,5502
202512,20,BLOK M,345,4665,345,4998
202512,21,BLOK M,342,4420,342,4813
202512,22,BLOK M,387,5064,387,5304
202512,23,BLOK M,392,5245,392,5438
202512,24,BLOK M,382,4923,382,5187
202512,25,BLOK M,336,4432,336,4826
202512,26,BLOK M,349,4599,349,4955
202512,27,BLOK M,339,4683,339,4990
202512,28,BLOK M,335,4488,335,4849
202512,29,BLOK M,388,5083,388,5271
202512,30,BLOK M,392,5079,392,5261
202512,31,BLOK M,407,5080,407,5313
202512,1,CILILITAN,236,11152,236,12476
202512,2,CILILITAN,235,11458,235,11498
202512,3,CILILITAN,235,11406,235,11772
202512,4,CILILITAN,235,11559,235,12948
202512,5,CILILITAN,236,10946,236,12573
202512,6,CILILITAN,195,9152,195,9267
202512,7,CILILITAN,195,6488,195,5343
202512,8,CILILITAN,236,11679,236,9860
202512,9,CILILITAN,235,11455,235,12229
202512,10,CILILITAN,235,11682,235,11997
202512,11,CILILITAN,235,11444,235,12558
202512,12,CILILITAN,235,11751,235,12849
202512,13,CILILITAN,197,10073,197,10213
202512,14,CILILITAN,197,8604,197,10539
202512,15,CILILITAN,235,11435,235,12140
202512,16,CILILITAN,236,11491,236,12234
202512,17,CILILITAN,236,11458,236,12378
202512,18,CILILITAN,236,11439,236,11655
202512,19,CILILITAN,235,10463,235,11010
202512,20,CILILITAN,197,11044,197,11194
202512,21,CILILITAN,197,9749,197,8895
202512,22,CILILITAN,197,9963,197,10051
202512,23,CILILITAN,235,9680,235,9950
202512,24,CILILITAN,230,9686,230,10278
202512,25,CILILITAN,201,9222,201,10022
202512,26,CILILITAN,197,6065,197,8393
202512,27,CILILITAN,194,8240,194,8224
202512,28,CILILITAN,194,7651,194,8118
202602,9,RAWAMANGUN,163,559,163,293
202602,10,RAWAMANGUN,35,252,34,265
202602,11,RAWAMANGUN,35,247,35,263
202602,12,RAWAMANGUN,35,237,35,241
202602,13,RAWAMANGUN,35,234,35,246
202602,14,RAWAMANGUN,35,227,35,246
202602,15,RAWAMANGUN,35,214,35,235
202602,16,RAWAMANGUN,35,209,35,229
202602,17,RAWAMANGUN,36,202,36,227
202602,18,RAWAMANGUN,37,207,37,234
202602,19,RAWAMANGUN,37,211,37,230
202602,20,RAWAMANGUN,37,211,37,231
202602,21,RAWAMANGUN,40,217,40,235
202602,22,RAWAMANGUN,40,223,40,240
202602,23,RAWAMANGUN,40,222,40,238
202602,24,RAWAMANGUN,40,222,40,240
202602,25,RAWAMANGUN,40,229,40,241
202602,26,RAWAMANGUN,40,228,38,233
202602,27,RAWAMANGUN,40,238,40,245
202602,28,RAWAMANGUN,40,233,40,235
202602,1,RAGUNAN,61,1230,61,1238
202602,2,RAGUNAN,65,1168,65,1165
202602,3,RAGUNAN,65,1148,65,1161
202602,4,RAGUNAN,65,1156,65,1172
202602,5,RAGUNAN,65,1167,65,1188
202602,6,RAGUNAN,65,1170,65,1189
202602,7,RAGUNAN,62,1173,62,1185
202602,8,RAGUNAN,60,1213,60,1257
202602,9,RAGUNAN,65,1152,65,1182
202602,10,RAGUNAN,65,1185,65,1189
202602,11,RAGUNAN,65,1176,65,1214
202602,12,RAGUNAN,65,1140,65,1172
202602,13,RAGUNAN,65,1189,65,1202
202602,14,RAGUNAN,63,1213,63,1231
202602,15,RAGUNAN,60,1187,60,1202
202602,16,RAGUNAN,60,1234,60,1249
202602,17,RAGUNAN,61,1222,61,1238
202602,18,RAGUNAN,65,1154,65,1181
202602,19,RAGUNAN,65,1156,65,1159
202602,20,RAGUNAN,65,1181,65,1185
202602,21,RAGUNAN,62,1153,62,1158
202602,22,RAGUNAN,60,1140,60,1153
202602,23,RAGUNAN,65,1148,65,1166
202602,24,RAGUNAN,65,1135,65,1158
202602,25,RAGUNAN,65,1152,65,1163
202602,26,RAGUNAN,65,1147,65,1176
202602,27,RAGUNAN,65,1167,65,1174
202602,28,RAGUNAN,62,1114,62,1147
202602,1,BLOK M,426,5405,426,5976
202602,2,BLOK M,529,6233,529,5673
202602,3,BLOK M,536,6187,536,5683
202602,4,BLOK M,536,6367,536,6714
202602,5,BLOK M,533,6256,333,6603
202602,6,BLOK M,534,6226,534,6588
202602,7,BLOK M,432,5451,432,14551
202602,8,BLOK M,428,5245,428,5863
202602,9,BLOK M,532,6227,532,6600
202602,10,BLOK M,538,6233,538,6590
202602,11,BLOK M,540,6182,540,6568
202602,12,BLOK M,532,6165,532,6554
202602,13,BLOK M,531,6174,531,6539
202602,14,BLOK M,357,5721,357,5736
202602,15,BLOK M,441,5182,441,5824
202508,19,CILILITAN,236,8841,236,10586
202508,20,CILILITAN,236,9252,236,10866
202508,21,CILILITAN,236,10148,236,11072
202508,22,CILILITAN,207,8977,207,8542
202508,23,CILILITAN,193,9845,193,8587
202508,24,CILILITAN,221,8922,221,8184
202508,25,CILILITAN,237,9996,237,11428
202508,26,CILILITAN,237,10269,237,11624
202508,27,CILILITAN,237,11645,237,12371
202508,28,CILILITAN,236,10372,236,11368
202508,29,CILILITAN,207,9586,207,10164
202508,30,CILILITAN,190,976,190,1983
202508,31,CILILITAN,219,4886,219,5323
202508,1,KLENDER,139,289,140,293
202508,2,KLENDER,137,289,139,296
202508,3,KLENDER,134,295,139,300
202508,4,KLENDER,136,290,138,297
202508,5,KLENDER,138,290,140,296
202508,6,KLENDER,136,288,140,293
202508,7,KLENDER,139,279,141,292
202508,8,KLENDER,137,279,138,285
202508,9,KLENDER,138,285,140,290
202508,10,KLENDER,136,284,139,288
202508,11,KLENDER,139,284,140,289
202508,12,KLENDER,140,283,143,296
202508,13,KLENDER,137,279,139,282
202508,14,KLENDER,138,278,140,282
202508,15,KLENDER,135,280,137,285
202508,16,KLENDER,139,285,141,289
202508,17,KLENDER,137,292,140,296
202508,18,KLENDER,141,285,143,290
202508,19,KLENDER,136,288,140,293
202508,20,KLENDER,139,279,141,292
202508,21,KLENDER,136,288,140,294
202508,22,KLENDER,138,283,141,288
202508,23,KLENDER,142,290,143,297
202508,24,KLENDER,139,287,140,290
202508,25,KLENDER,136,280,138,287
202508,26,KLENDER,140,290,142,295
202508,27,KLENDER,137,289,139,294
202508,28,KLENDER,139,288,141,294
202508,29,KLENDER,135,283,137,290
202508,30,KLENDER,138,288,140,295
202508,31,KLENDER,134,293,139,298
202508,1,PASAR MINGGU,104,239,104,247
202508,2,PASAR MINGGU,108,246,108,254
202508,3,PASAR MINGGU,110,248,110,258
202508,4,PASAR MINGGU,106,243,106,252
202508,5,PASAR MINGGU,105,240,105,250
202508,6,PASAR MINGGU,109,246,109,254
202508,7,PASAR MINGGU,109,238,109,246
202508,8,PASAR MINGGU,110,242,110,250
202508,9,PASAR MINGGU,104,234,104,243
202508,10,PASAR MINGGU,104,236,104,243
202508,11,PASAR MINGGU,105,238,105,247
202508,12,PASAR MINGGU,108,246,108,253
202508,13,PASAR MINGGU,105,242,105,248
202508,14,PASAR MINGGU,104,244,104,249
202508,15,PASAR MINGGU,103,238,103,248
202508,16,PASAR MINGGU,107,241,107,248
202508,17,PASAR MINGGU,107,231,111,241
202503,29,MUARA ANGKE,3,98,3,35
202503,30,MUARA ANGKE,3,44,3,75
202503,31,MUARA ANGKE,1,12,1,8
202503,1,LEBAK BULUS,31,0,31,99
202503,2,LEBAK BULUS,31,0,31,97
202503,3,LEBAK BULUS,27,0,27,63
202503,4,LEBAK BULUS,30,0,30,71
202503,5,LEBAK BULUS,31,0,31,69
202503,6,LEBAK BULUS,30,0,30,73
202503,7,LEBAK BULUS,31,0,31,75
202503,8,LEBAK BULUS,30,0,30,69
202503,9,LEBAK BULUS,31,0,31,71
202503,10,LEBAK BULUS,29,0,29,51
202503,11,LEBAK BULUS,30,0,30,61
202503,12,LEBAK BULUS,31,0,31,63
202503,13,LEBAK BULUS,29,0,29,69
202503,14,LEBAK BULUS,33,0,33,77
202503,15,LEBAK BULUS,35,0,35,97
202503,16,LEBAK BULUS,35,0,35,93
202503,17,LEBAK BULUS,33,0,33,79
202503,18,LEBAK BULUS,34,0,34,77
202503,19,LEBAK BULUS,31,0,31,65
202503,20,LEBAK BULUS,27,24,27,150
202503,21,LEBAK BULUS,29,5,29,367
202503,22,LEBAK BULUS,38,0,38,618
202503,23,LEBAK BULUS,49,0,49,986
202503,24,LEBAK BULUS,37,0,37,819
202503,25,LEBAK BULUS,48,0,48,854
202503,26,LEBAK BULUS,39,0,39,954
202503,27,LEBAK BULUS,53,0,53,1155
202503,28,LEBAK BULUS,49,0,49,1060
202503,29,LEBAK BULUS,47,2,47,993
202503,30,LEBAK BULUS,29,0,29,556
202503,31,LEBAK BULUS,21,0,21,500
202503,1,PINANGRANTI,89,139,89,165
202503,2,PINANGRANTI,89,153,89,164
202503,3,PINANGRANTI,99,163,99,175
202503,4,PINANGRANTI,99,178,99,190
202503,5,PINANGRANTI,99,168,99,196
202503,6,PINANGRANTI,99,174,99,199
202503,7,PINANGRANTI,99,125,99,177
202503,8,PINANGRANTI,89,148,89,171
202503,9,PINANGRANTI,89,159,89,154
202503,10,PINANGRANTI,99,175,99,181
202503,11,PINANGRANTI,99,180,99,193
202503,12,PINANGRANTI,99,175,99,193
202503,13,PINANGRANTI,99,173,99,184
202503,14,PINANGRANTI,99,185,99,199
202503,15,PINANGRANTI,89,151,89,176
202503,16,PINANGRANTI,89,144,89,167
202503,17,PINANGRANTI,99,159,99,180
202503,18,PINANGRANTI,99,167,99,191
202503,19,PINANGRANTI,99,167,99,188
202503,20,PINANGRANTI,99,161,99,182
202503,21,PINANGRANTI,99,165,99,156
202503,22,PINANGRANTI,89,133,89,154
202503,23,PINANGRANTI,89,129,89,138
202503,24,PINANGRANTI,99,151,99,148
202503,25,PINANGRANTI,99,155,99,131
202503,26,PINANGRANTI,99,164,99,151
202503,27,PINANGRANTI,99,149,99,152
202503,28,PINANGRANTI,99,163,99,165
202503,29,PINANGRANTI,89,164,99,170
202512,29,CILILITAN,232,9578,232,9521
202512,30,CILILITAN,232,9705,232,9664
202512,31,CILILITAN,232,9294,232,10319
202512,1,KLENDER,136,288,137,290
202512,2,KLENDER,138,292,139,294
202512,3,KLENDER,137,288,138,290
202512,4,KLENDER,139,290,140,293
202512,5,KLENDER,137,285,138,288
202512,6,KLENDER,138,288,139,290
202512,7,KLENDER,140,292,142,296
202512,8,KLENDER,136,292,139,300
202512,9,KLENDER,138,288,140,293
202512,10,KLENDER,136,288,139,295
202512,11,KLENDER,139,292,141,298
202512,12,KLENDER,137,289,138,292
202512,13,KLENDER,139,293,140,295
202512,14,KLENDER,140,291,141,295
202512,15,KLENDER,137,288,139,295
202512,16,KLENDER,138,294,140,297
202512,17,KLENDER,136,290,139,298
202512,18,KLENDER,139,293,141,297
202512,19,KLENDER,140,301,142,306
202512,20,KLENDER,138,296,140,300
202512,21,KLENDER,141,298,142,305
202512,22,KLENDER,139,301,143,308
202512,23,KLENDER,141,308,145,316
202512,24,KLENDER,138,308,142,315
202512,25,KLENDER,139,308,141,315
202512,26,KLENDER,140,312,142,319
202512,27,KLENDER,138,306,141,313
202512,28,KLENDER,137,303,139,309
202512,29,KLENDER,136,300,138,304
202512,30,KLENDER,139,311,140,317
202512,31,KLENDER,140,316,141,322
202512,1,PASAR MINGGU,103,255,103,263
202512,2,PASAR MINGGU,103,253,103,260
202512,3,PASAR MINGGU,102,250,102,260
202512,4,PASAR MINGGU,103,257,103,268
202512,5,PASAR MINGGU,103,252,103,263
202512,6,PASAR MINGGU,102,253,102,265
202512,7,PASAR MINGGU,101,259,101,268
202512,8,PASAR MINGGU,106,262,106,270
202512,9,PASAR MINGGU,102,256,102,264
202512,10,PASAR MINGGU,102,252,102,262
202512,11,PASAR MINGGU,102,256,102,267
202512,12,PASAR MINGGU,104,261,104,273
202512,13,PASAR MINGGU,103,258,103,271
202512,14,PASAR MINGGU,101,259,101,270
202512,15,PASAR MINGGU,105,260,105,271
202512,16,PASAR MINGGU,105,263,105,277
202512,17,PASAR MINGGU,107,262,107,272
202512,18,PASAR MINGGU,102,259,102,270
202512,19,PASAR MINGGU,103,256,103,268
202512,20,PASAR MINGGU,100,259,100,270
202512,21,PASAR MINGGU,103,264,103,273
202512,22,PASAR MINGGU,103,261,103,268
202512,23,PASAR MINGGU,100,260,100,272
202512,24,PASAR MINGGU,107,264,107,272
202512,25,PASAR MINGGU,108,263,108,274
202512,26,PASAR MINGGU,103,260,103,267
202512,27,PASAR MINGGU,105,265,105,272
202602,25,KAMPUNG MELAYU,330,5945,330,7048
202602,26,KAMPUNG MELAYU,313,7778,313,5221
202602,27,KAMPUNG MELAYU,398,6994,398,6924
202602,28,KAMPUNG MELAYU,262,2706,262,3444
202602,1,SENEN,188,1331,188,1703
202602,2,SENEN,242,1610,242,1800
202602,3,SENEN,242,1582,242,1789
202602,4,SENEN,239,1377,239,1873
202602,5,SENEN,240,1549,240,1917
202602,6,SENEN,237,1530,237,1914
202602,7,SENEN,191,1316,191,1524
202602,8,SENEN,211,1327,211,1659
202602,9,SENEN,242,1612,242,1792
202602,10,SENEN,242,1593,242,1789
202602,11,SENEN,239,1376,239,1877
202602,12,SENEN,240,1544,240,1911
202602,13,SENEN,237,1525,237,1912
202602,14,SENEN,191,1319,191,1798
202602,15,SENEN,188,1240,188,1800
202602,16,SENEN,242,1595,242,1784
202602,17,SENEN,242,1590,242,1784
202602,18,SENEN,239,1372,239,1871
202602,19,SENEN,240,1546,240,1906
202602,20,SENEN,237,1524,237,1905
202602,21,SENEN,191,1314,191,1793
202602,22,SENEN,188,1308,188,1793
202602,23,SENEN,242,1589,242,1792
202602,24,SENEN,242,1575,242,1786
202602,25,SENEN,240,1336,240,1874
202602,26,SENEN,240,1541,240,1894
202602,27,SENEN,238,1519,238,1910
202602,28,SENEN,191,1347,191,1648
202602,1,MANGGARAI,36,3294,36,3337
202602,2,MANGGARAI,46,6616,46,6688
202602,3,MANGGARAI,46,2830,46,5262
202602,4,MANGGARAI,46,5963,46,6002
202602,5,MANGGARAI,46,6576,46,6633
202602,6,MANGGARAI,46,6386,46,6743
202602,7,MANGGARAI,36,3645,36,3683
202602,8,MANGGARAI,36,3144,36,4154
202602,9,MANGGARAI,36,4983,36,13131
202602,10,MANGGARAI,46,6410,46,6604
202602,11,MANGGARAI,40,6480,40,6541
202602,12,MANGGARAI,46,6867,46,6932
202602,13,MANGGARAI,46,5270,46,5038
202602,14,MANGGARAI,36,3749,36,4405
202602,15,MANGGARAI,36,3961,36,3020
202602,16,MANGGARAI,36,4431,36,4466
202602,17,MANGGARAI,36,3524,36,3555
202602,18,MANGGARAI,46,6618,46,6650
202602,19,MANGGARAI,46,5702,46,5746
202602,20,MANGGARAI,46,3891,46,3956
202602,21,MANGGARAI,36,1428,36,1466
202602,22,MANGGARAI,36,1015,36,1055
202602,23,MANGGARAI,46,6812,46,6865
202602,24,MANGGARAI,46,6417,46,6493
202602,25,MANGGARAI,46,2665,46,2741
202602,26,MANGGARAI,40,3146,40,2703
202602,27,MANGGARAI,46,6199,46,5969
202602,28,MANGGARAI,36,3600,36,3768
202602,1,PULOGADUNG,222,1885,220,1877
202602,2,PULOGADUNG,228,1996,224,2002
202508,18,PASAR MINGGU,107,236,106,236
202508,19,PASAR MINGGU,108,246,108,254
202508,20,PASAR MINGGU,110,248,110,258
202508,21,PASAR MINGGU,105,233,105,244
202508,22,PASAR MINGGU,104,227,104,237
202508,23,PASAR MINGGU,108,239,108,247
202508,24,PASAR MINGGU,110,241,110,250
202508,25,PASAR MINGGU,106,242,106,251
202508,26,PASAR MINGGU,109,247,109,255
202508,27,PASAR MINGGU,107,242,107,252
202508,28,PASAR MINGGU,107,246,107,256
202508,29,PASAR MINGGU,107,228,107,237
202508,30,PASAR MINGGU,89,167,89,174
202508,31,PASAR MINGGU,97,191,97,199
202508,1,KAMPUNG MELAYU,351,4307,356,4651
202508,2,KAMPUNG MELAYU,193,2341,194,4044
202508,3,KAMPUNG MELAYU,157,1997,158,2604
202508,4,KAMPUNG MELAYU,457,5037,457,6391
202508,5,KAMPUNG MELAYU,390,5276,390,8227
202508,6,KAMPUNG MELAYU,451,7177,451,8682
202508,7,KAMPUNG MELAYU,323,5345,323,6267
202508,8,KAMPUNG MELAYU,353,8312,353,6585
202508,9,KAMPUNG MELAYU,296,2761,296,3495
202508,10,KAMPUNG MELAYU,309,2208,309,2369
202508,11,KAMPUNG MELAYU,351,4307,356,4651
202508,12,KAMPUNG MELAYU,374,7041,374,6601
202508,13,KAMPUNG MELAYU,476,5506,480,5923
202508,14,KAMPUNG MELAYU,467,9334,473,9839
202508,15,KAMPUNG MELAYU,387,4576,387,6430
202508,16,KAMPUNG MELAYU,193,2232,193,2469
202508,17,KAMPUNG MELAYU,253,2772,254,3927
202508,18,KAMPUNG MELAYU,365,8429,365,5278
202508,19,KAMPUNG MELAYU,307,4809,307,5189
202508,20,KAMPUNG MELAYU,347,3825,347,3978
202508,21,KAMPUNG MELAYU,433,5427,429,6626
202508,22,KAMPUNG MELAYU,360,3390,362,3146
202508,23,KAMPUNG MELAYU,275,2183,275,3212
202508,24,KAMPUNG MELAYU,324,3365,324,2515
202508,25,KAMPUNG MELAYU,349,4935,349,5637
202508,26,KAMPUNG MELAYU,359,6313,359,8524
202508,27,KAMPUNG MELAYU,363,5363,363,5971
202508,28,KAMPUNG MELAYU,250,2493,250,3341
202508,29,KAMPUNG MELAYU,0,0,0,0
202508,30,KAMPUNG MELAYU,0,0,0,0
202508,31,KAMPUNG MELAYU,59,22,137,676
202508,1,SENEN,237,1309,237,1805
202508,2,SENEN,191,1308,191,1688
202508,3,SENEN,188,1321,188,1798
202508,4,SENEN,242,1591,242,1785
202508,5,SENEN,240,1570,240,1788
202508,6,SENEN,240,1581,240,1775
202508,7,SENEN,237,1317,237,1800
202508,8,SENEN,237,1322,237,1799
202508,9,SENEN,191,1324,191,1705
202508,10,SENEN,188,1337,188,1798
202508,11,SENEN,242,1588,242,1789
202508,12,SENEN,240,1586,240,1789
202508,13,SENEN,240,1581,240,1779
202508,14,SENEN,237,1324,237,1810
202508,15,SENEN,237,1333,237,1812
202503,30,PINANGRANTI,89,134,99,160
202503,31,PINANGRANTI,99,130,99,162
202503,1,RAWAMANGUN,45,333,45,308
202503,2,RAWAMANGUN,44,336,44,319
202503,3,RAWAMANGUN,44,303,44,316
202503,4,RAWAMANGUN,41,307,41,331
202503,5,RAWAMANGUN,45,341,45,346
202503,6,RAWAMANGUN,44,333,44,327
202503,7,RAWAMANGUN,45,332,45,328
202503,8,RAWAMANGUN,44,323,44,288
202503,9,RAWAMANGUN,43,332,43,306
202503,10,RAWAMANGUN,46,353,46,331
202503,11,RAWAMANGUN,46,334,46,314
202503,12,RAWAMANGUN,43,306,43,304
202503,13,RAWAMANGUN,43,324,43,329
202503,14,RAWAMANGUN,42,305,42,285
202503,15,RAWAMANGUN,42,303,42,302
202503,16,RAWAMANGUN,45,323,45,328
202503,17,RAWAMANGUN,48,344,48,337
202503,18,RAWAMANGUN,43,329,43,326
202503,19,RAWAMANGUN,44,315,44,346
202503,20,RAWAMANGUN,43,316,43,316
202503,21,RAWAMANGUN,45,330,45,307
202503,22,RAWAMANGUN,44,311,44,307
202503,23,RAWAMANGUN,44,328,44,337
202503,24,RAWAMANGUN,44,326,44,344
202503,25,RAWAMANGUN,44,321,44,353
202503,26,RAWAMANGUN,43,323,43,328
202503,27,RAWAMANGUN,43,336,43,340
202503,28,RAWAMANGUN,44,322,44,346
202503,29,RAWAMANGUN,45,315,45,314
202503,30,RAWAMANGUN,45,329,45,309
202503,31,RAWAMANGUN,44,318,44,334
202503,1,RAGUNAN,63,1036,63,958
202503,2,RAGUNAN,61,977,61,994
202503,3,RAGUNAN,70,1184,70,1189
202503,4,RAGUNAN,70,1199,70,1215
202503,5,RAGUNAN,70,1198,70,1209
202503,6,RAGUNAN,70,1200,70,1227
202503,7,RAGUNAN,67,1217,67,1205
202503,8,RAGUNAN,62,1113,62,1146
202503,9,RAGUNAN,67,1139,67,1180
202503,10,RAGUNAN,70,1218,70,1215
202503,11,RAGUNAN,69,1198,69,1244
202503,12,RAGUNAN,68,1196,68,1215
202503,13,RAGUNAN,68,1238,68,1249
202503,14,RAGUNAN,68,1199,68,1221
202503,15,RAGUNAN,63,1084,63,953
202503,16,RAGUNAN,61,1096,61,1060
202503,17,RAGUNAN,66,1187,66,1201
202503,18,RAGUNAN,68,1214,68,1215
202503,19,RAGUNAN,68,1184,68,1226
202503,20,RAGUNAN,68,1163,68,1216
202503,21,RAGUNAN,68,1177,68,1194
202503,22,RAGUNAN,63,1165,63,1136
202503,23,RAGUNAN,61,1156,61,1088
202503,24,RAGUNAN,69,1180,69,1192
202503,25,RAGUNAN,68,1181,68,1209
202503,26,RAGUNAN,68,1219,68,1220
202503,27,RAGUNAN,68,1131,68,1206
202503,28,RAGUNAN,68,1157,68,1167
202503,29,RAGUNAN,63,1158,63,1168
202503,30,RAGUNAN,61,1151,61,1120
202512,28,PASAR MINGGU,106,258,106,271
202512,29,PASAR MINGGU,111,265,111,272
202512,30,PASAR MINGGU,106,263,106,274
202512,31,PASAR MINGGU,105,260,105,271
202512,1,KAMPUNG MELAYU,340,6760,340,5686
202512,2,KAMPUNG MELAYU,316,6089,316,5817
202512,3,KAMPUNG MELAYU,279,3575,279,4273
202512,4,KAMPUNG MELAYU,282,4718,282,4302
202512,5,KAMPUNG MELAYU,354,5034,354,5252
202512,6,KAMPUNG MELAYU,231,3500,231,3812
202512,7,KAMPUNG MELAYU,205,2624,205,3207
202512,8,KAMPUNG MELAYU,340,3940,340,5040
202512,9,KAMPUNG MELAYU,314,3778,314,4481
202512,10,KAMPUNG MELAYU,312,5073,312,5024
202512,11,KAMPUNG MELAYU,320,4414,320,6551
202512,12,KAMPUNG MELAYU,228,5895,228,4643
202512,13,KAMPUNG MELAYU,318,3950,318,3519
202512,14,KAMPUNG MELAYU,278,1548,278,2461
202512,15,KAMPUNG MELAYU,324,4941,324,6019
202512,16,KAMPUNG MELAYU,417,5322,417,4038
202512,17,KAMPUNG MELAYU,319,3968,319,4444
202512,18,KAMPUNG MELAYU,414,6116,414,6188
202512,19,KAMPUNG MELAYU,318,3950,318,3319
202512,20,KAMPUNG MELAYU,304,1753,304,1790
202512,21,KAMPUNG MELAYU,206,5119,206,5861
202512,22,KAMPUNG MELAYU,247,3622,263,4353
202512,23,KAMPUNG MELAYU,259,4132,264,5254
202512,24,KAMPUNG MELAYU,253,2943,258,3670
202512,25,KAMPUNG MELAYU,206,3110,211,3196
202512,26,KAMPUNG MELAYU,252,2151,252,2389
202512,27,KAMPUNG MELAYU,226,2689,226,3587
202512,28,KAMPUNG MELAYU,191,2377,191,2543
202512,29,KAMPUNG MELAYU,278,2616,278,4229
202512,30,KAMPUNG MELAYU,245,2466,245,3286
202512,31,KAMPUNG MELAYU,204,2495,204,2100
202512,1,SENEN,242,1616,242,1801
202512,2,SENEN,242,1586,242,1786
202512,3,SENEN,240,1590,240,1890
202512,4,SENEN,239,1523,239,1908
202512,5,SENEN,237,1531,237,1917
202512,6,SENEN,191,1322,191,1816
202512,7,SENEN,188,1334,188,1814
202512,8,SENEN,242,1603,242,1800
202512,9,SENEN,242,1592,242,1801
202512,10,SENEN,240,1576,240,1887
202512,11,SENEN,240,1535,240,1917
202512,12,SENEN,237,1524,237,1905
202512,13,SENEN,191,1323,191,1810
202512,14,SENEN,188,1325,188,1798
202512,15,SENEN,242,1605,242,1801
202512,16,SENEN,242,1581,242,1785
202512,17,SENEN,240,1571,240,1884
202512,18,SENEN,240,1514,240,1906
202512,19,SENEN,237,1534,237,1919
202512,20,SENEN,191,1326,191,1817
202512,21,SENEN,188,1332,188,1821
202512,22,SENEN,242,1613,242,1801
202512,23,SENEN,242,1593,242,1774
202512,24,SENEN,240,1574,240,1887
202512,25,SENEN,240,1565,240,1910
202602,16,BLOK M,438,5477,438,6022
202602,17,BLOK M,441,5735,441,6200
202602,18,BLOK M,520,6156,520,6547
202602,19,BLOK M,521,6135,521,6530
202602,20,BLOK M,516,6013,516,6447
202602,21,BLOK M,348,4962,348,5356
202602,22,BLOK M,403,5105,403,5764
202602,23,BLOK M,516,6133,516,6528
202602,24,BLOK M,521,6102,521,6505
202602,25,BLOK M,504,6048,504,6465
202602,26,BLOK M,507,6069,507,6481
202602,27,BLOK M,497,6084,497,6465
202602,28,BLOK M,412,5270,412,5883
202602,1,CILILITAN,197,10037,197,9379
202602,2,CILILITAN,235,10499,235,11020
202602,3,CILILITAN,233,13650,233,11183
202602,4,CILILITAN,233,10294,233,9541
202602,5,CILILITAN,233,11950,233,12317
202602,6,CILILITAN,233,11497,233,12852
202602,7,CILILITAN,197,8075,197,8233
202602,8,CILILITAN,197,8164,197,8685
202602,9,CILILITAN,233,9853,233,9586
202602,10,CILILITAN,233,10605,233,11950
202602,11,CILILITAN,233,10921,233,11645
202602,12,CILILITAN,233,12133,233,11238
202602,13,CILILITAN,234,12057,234,11047
202602,14,CILILITAN,197,10368,196,10455
202602,15,CILILITAN,196,8354,196,8166
202602,16,CILILITAN,197,9765,226,10046
202602,17,CILILITAN,187,7673,187,7719
202602,18,CILILITAN,227,9859,227,10704
202602,19,CILILITAN,227,8186,227,10204
202602,20,CILILITAN,219,9782,219,9659
202602,21,CILILITAN,190,7055,190,7796
202602,22,CILILITAN,190,6527,190,5016
202602,23,CILILITAN,233,10388,233,12113
202602,24,CILILITAN,232,10332,232,10974
202602,25,CILILITAN,232,10574,232,10909
202602,26,CILILITAN,232,10437,232,11054
202602,27,CILILITAN,232,10307,232,10745
202602,28,CILILITAN,197,9607,197,9946
202602,1,KLENDER,439,754,418,680
202602,2,KLENDER,652,1317,627,883
202602,3,KLENDER,725,1298,658,990
202602,4,KLENDER,656,1305,582,929
202602,5,KLENDER,658,1381,616,1064
202602,6,KLENDER,557,906,491,736
202602,7,KLENDER,524,955,489,854
202602,8,KLENDER,522,1001,486,703
202602,9,KLENDER,631,1275,600,1046
202602,10,KLENDER,639,1074,601,910
202602,11,KLENDER,666,1072,626,942
202602,12,KLENDER,621,1213,590,987
202602,13,KLENDER,641,1161,618,927
202602,14,KLENDER,522,1010,495,811
202602,15,KLENDER,530,933,485,816
202602,16,KLENDER,574,1030,550,898
202602,17,KLENDER,625,1217,586,1032
202602,18,KLENDER,740,1424,664,1171
202602,19,KLENDER,677,1216,607,1079
202602,20,KLENDER,608,1016,538,838
202508,16,SENEN,191,1324,191,1706
202508,17,SENEN,188,1331,188,1809
202508,18,SENEN,242,1606,242,1805
202508,19,SENEN,240,1581,240,1787
202508,20,SENEN,240,1582,240,1776
202508,21,SENEN,237,1319,237,1817
202508,22,SENEN,237,1336,237,1814
202508,23,SENEN,191,1322,191,1707
202508,24,SENEN,188,1349,188,1796
202508,25,SENEN,242,1607,242,1778
202508,26,SENEN,240,1580,240,1781
202508,27,SENEN,240,1586,240,1784
202508,28,SENEN,237,1310,237,1796
202508,29,SENEN,182,1328,182,1812
202508,30,SENEN,0,0,0,0
202508,31,SENEN,84,0,84,0
202508,1,MANGGARAI,36,4721,36,13003
202508,2,MANGGARAI,24,4810,24,9752
202508,3,MANGGARAI,24,2743,24,9852
202508,4,MANGGARAI,36,4823,36,13184
202508,5,MANGGARAI,36,4721,36,12925
202508,6,MANGGARAI,36,4630,36,13083
202508,7,MANGGARAI,36,4731,36,12916
202508,8,MANGGARAI,36,4810,36,13062
202508,9,MANGGARAI,24,2731,24,9762
202508,10,MANGGARAI,24,2860,24,9838
202508,11,MANGGARAI,36,4821,36,12916
202508,12,MANGGARAI,36,4736,36,13185
202508,13,MANGGARAI,36,4872,36,13024
202508,14,MANGGARAI,36,4631,36,12936
202508,15,MANGGARAI,36,4721,36,13111
202508,16,MANGGARAI,24,2754,24,9758
202508,17,MANGGARAI,24,2634,24,9840
202508,18,MANGGARAI,24,2831,24,9639
202508,19,MANGGARAI,36,4713,36,13013
202508,20,MANGGARAI,36,4612,36,13189
202508,21,MANGGARAI,36,4721,36,13024
202508,22,MANGGARAI,36,4821,36,13204
202508,23,MANGGARAI,24,2734,24,9779
202508,24,MANGGARAI,24,2815,24,9653
202508,25,MANGGARAI,36,4832,36,13006
202508,26,MANGGARAI,36,4731,36,13197
202508,27,MANGGARAI,36,4620,36,12929
202508,28,MANGGARAI,36,4764,36,13006
202508,29,MANGGARAI,36,4812,36,13117
202508,30,MANGGARAI,24,2734,24,9782
202508,31,MANGGARAI,24,2843,24,9666
202508,1,PULOGADUNG,223,1921,224,1956
202508,2,PULOGADUNG,231,1738,242,1920
202508,3,PULOGADUNG,230,1758,233,1858
202508,4,PULOGADUNG,219,1958,216,2021
202508,5,PULOGADUNG,215,1873,219,2035
202508,6,PULOGADUNG,229,1937,230,2097
202508,7,PULOGADUNG,222,1707,246,1981
202508,8,PULOGADUNG,249,1873,240,2016
202508,9,PULOGADUNG,212,1871,216,1957
202508,10,PULOGADUNG,217,1899,211,1975
202508,11,PULOGADUNG,220,1713,243,1976
202508,12,PULOGADUNG,210,1941,216,1998
202508,13,PULOGADUNG,244,1904,246,2006
202508,14,PULOGADUNG,215,1940,220,2028
202508,15,PULOGADUNG,223,1753,246,1993
202503,31,RAGUNAN,63,1153,63,1144
202503,1,BLOK M,291,4665,291,4999
202503,2,BLOK M,290,4160,290,4635
202503,3,BLOK M,339,5376,339,5490
202503,4,BLOK M,338,5151,338,5341
202503,5,BLOK M,335,5326,335,5454
202503,6,BLOK M,338,5428,338,5553
202503,7,BLOK M,344,5400,344,5564
202503,8,BLOK M,267,3717,267,3893
202503,9,BLOK M,264,3755,264,3958
202503,10,BLOK M,347,5325,347,5465
202503,11,BLOK M,353,5352,353,5512
202503,12,BLOK M,352,5494,352,5561
202503,13,BLOK M,340,5301,340,5438
202503,14,BLOK M,345,5431,345,5501
202503,15,BLOK M,300,4391,300,4662
202503,16,BLOK M,299,4119,299,4564
202503,17,BLOK M,348,5265,348,5415
202503,18,BLOK M,348,5255,348,5420
202503,19,BLOK M,345,5362,345,5481
202503,20,BLOK M,346,5244,346,5420
202503,21,BLOK M,347,5240,347,5376
202503,22,BLOK M,275,4290,275,4688
202503,23,BLOK M,272,4133,272,4586
202503,24,BLOK M,345,4284,345,4721
202503,25,BLOK M,349,4721,349,5009
202503,26,BLOK M,350,4487,350,4849
202503,27,BLOK M,348,4563,348,4932
202503,28,BLOK M,251,4045,251,4502
202503,29,BLOK M,247,4034,247,4504
202503,30,BLOK M,240,4639,240,4860
202503,31,BLOK M,227,4508,227,4799
202503,1,CILILITAN,196,15891,196,18385
202503,2,CILILITAN,196,15799,196,17687
202503,3,CILILITAN,235,25971,235,27974
202503,4,CILILITAN,235,25704,235,28074
202503,5,CILILITAN,235,24808,235,27985
202503,6,CILILITAN,235,24665,235,28397
202503,7,CILILITAN,235,25379,235,28183
202503,8,CILILITAN,196,16757,196,18554
202503,9,CILILITAN,196,15480,196,19859
202503,10,CILILITAN,235,27091,235,29475
202503,11,CILILITAN,235,27120,235,30414
202503,12,CILILITAN,235,27441,235,29711
202503,13,CILILITAN,235,27114,235,28942
202503,14,CILILITAN,235,26784,235,28200
202503,15,CILILITAN,196,16423,196,19677
202503,16,CILILITAN,196,15727,196,19220
202503,17,CILILITAN,235,26233,235,29062
202503,18,CILILITAN,235,27037,235,28044
202503,19,CILILITAN,235,26845,235,29326
202503,20,CILILITAN,235,26787,235,29531
202503,21,CILILITAN,234,N/A,234,29895
202503,22,CILILITAN,195,18039,195,21011
202503,23,CILILITAN,195,17040,195,21318
202503,24,CILILITAN,234,24945,234,29147
202503,25,CILILITAN,234,24613,234,27595
202503,26,CILILITAN,234,24250,234,29332
202503,27,CILILITAN,234,26345,234,29062
202503,28,CILILITAN,219,18783,219,20655
202503,29,CILILITAN,184,16283,184,18291
202503,30,CILILITAN,186,13723,186,16706
202512,26,SENEN,237,1521,237,1917
202512,27,SENEN,191,1325,191,1797
202512,28,SENEN,188,1313,188,1797
202512,29,SENEN,242,1609,242,1792
202512,30,SENEN,242,1600,242,1793
202512,31,SENEN,228,1539,228,1828
202512,1,MANGGARAI,41,5268,41,10597
202512,2,MANGGARAI,41,5176,41,10415
202512,3,MANGGARAI,41,5121,41,10303
202512,4,MANGGARAI,41,5059,41,10180
202512,5,MANGGARAI,41,5221,41,10502
202512,6,MANGGARAI,26,5087,26,10210
202512,7,MANGGARAI,26,5086,26,10206
202512,8,MANGGARAI,41,5270,41,10600
202512,9,MANGGARAI,41,5268,41,10601
202512,10,MANGGARAI,41,5167,41,10306
202512,11,MANGGARAI,41,5.233,41,10525
202512,12,MANGGARAI,41,5268,41,10597
202512,13,MANGGARAI,26,5068,26,10168
202512,14,MANGGARAI,26,5079,26,10185
202512,15,MANGGARAI,41,5266,41,10592
202512,16,MANGGARAI,41,5066,41,10199
202512,17,MANGGARAI,41,5265,41,10596
202512,18,MANGGARAI,41,5075,41,10208
202512,19,MANGGARAI,40,3820,40,8148
202512,20,MANGGARAI,28,4720,28,4765
202512,21,MANGGARAI,36,3850,36,3890
202512,22,MANGGARAI,46,7761,46,7830
202512,23,MANGGARAI,46,2036,46,4436
202512,24,MANGGARAI,46,6203,46,6260
202512,25,MANGGARAI,46,3646,46,3697
202512,26,MANGGARAI,46,4138,45,3113
202512,27,MANGGARAI,36,4249,36,4365
202512,28,MANGGARAI,36,3959,36,4009
202512,29,MANGGARAI,46,6167,46,8936
202512,30,MANGGARAI,46,5983,46,6027
202512,31,MANGGARAI,46,5430,46,5887
202512,1,PULOGADUNG,232,2018,229,1984
202512,2,PULOGADUNG,229,1991,228,1986
202512,3,PULOGADUNG,227,1963,225,1957
202512,4,PULOGADUNG,224,1938,224,1905
202512,5,PULOGADUNG,224,1944,224,1915
202512,6,PULOGADUNG,220,1949,220,1890
202512,7,PULOGADUNG,210,1792,209,1746
202512,8,PULOGADUNG,231,2000,228,1994
202512,9,PULOGADUNG,228,1992,226,1989
202512,10,PULOGADUNG,226,1983,224,1968
202512,11,PULOGADUNG,222,1991,225,1974
202512,12,PULOGADUNG,226,1987,224,1948
202512,13,PULOGADUNG,224,1985,225,1963
202512,14,PULOGADUNG,212,1883,210,1856
202512,15,PULOGADUNG,231,2020,229,2022
202512,16,PULOGADUNG,227,1992,226,1992
202512,17,PULOGADUNG,224,1984,227,1976
202512,18,PULOGADUNG,223,2000,222,1989
202512,19,PULOGADUNG,223,1977,221,1977
202512,20,PULOGADUNG,209,1821,208,1830
202512,21,PULOGADUNG,211,1826,210,1849
202512,22,PULOGADUNG,228,2032,228,2025
202512,23,PULOGADUNG,221,1989,222,1966
202512,24,PULOGADUNG,219,1961,218,1929
202602,21,KLENDER,518,831,477,704
202602,22,KLENDER,491,874,442,709
202602,23,KLENDER,628,1172,563,827
202602,24,KLENDER,650,1242,613,918
202602,25,KLENDER,670,1076,578,893
202602,26,KLENDER,710,1157,636,953
202602,27,KLENDER,698,1224,685,1006
202602,28,KLENDER,693,1156,623,1031
202602,1,PASAR MINGGU,115,293,115,306
202602,2,PASAR MINGGU,115,290,115,303
202602,3,PASAR MINGGU,118,293,118,307
202602,4,PASAR MINGGU,114,291,114,302
202602,5,PASAR MINGGU,113,288,113,300
202602,6,PASAR MINGGU,116,288,116,299
202602,7,PASAR MINGGU,119,294,119,308
202602,8,PASAR MINGGU,116,288,116,303
202602,9,PASAR MINGGU,109,276,109,290
202602,10,PASAR MINGGU,114,278,114,290
202602,11,PASAR MINGGU,114,284,114,296
202602,12,PASAR MINGGU,113,282,113,289
202602,13,PASAR MINGGU,108,284,108,284
202602,14,PASAR MINGGU,109,281,109,282
202602,15,PASAR MINGGU,112,280,112,280
202602,16,PASAR MINGGU,112,281,112,287
202602,17,PASAR MINGGU,116,288,116,295
202602,18,PASAR MINGGU,115,291,115,293
202602,19,PASAR MINGGU,112,284,112,290
202602,20,PASAR MINGGU,112,289,112,294
202602,21,PASAR MINGGU,113,288,113,294
202602,22,PASAR MINGGU,115,286,116,289
202602,23,PASAR MINGGU,112,290,112,295
202602,24,PASAR MINGGU,113,282,113,289
202602,25,PASAR MINGGU,112,284,112,297
202602,26,PASAR MINGGU,112,288,112,290
202602,27,PASAR MINGGU,110,288,110,291
202602,28,PASAR MINGGU,113,283,113,291
202602,1,KAMPUNG MELAYU,268,4555,273,5086
202602,2,KAMPUNG MELAYU,343,8526,343,7917
202602,3,KAMPUNG MELAYU,301,7549,301,7451
202602,4,KAMPUNG MELAYU,283,6393,283,6202
202602,5,KAMPUNG MELAYU,382,7566,390,8526
202602,6,KAMPUNG MELAYU,326,7508,326,7675
202602,7,KAMPUNG MELAYU,295,4611,292,4297
202602,8,KAMPUNG MELAYU,249,3770,249,5723
202602,9,KAMPUNG MELAYU,377,8823,377,8690
202602,10,KAMPUNG MELAYU,392,8525,392,8505
202602,11,KAMPUNG MELAYU,411,8814,411,8156
202602,12,KAMPUNG MELAYU,382,9568,383,8350
202602,13,KAMPUNG MELAYU,380,3811,380,3912
202602,14,KAMPUNG MELAYU,199,2988,199,2952
202602,15,KAMPUNG MELAYU,209,3508,212,4251
202602,16,KAMPUNG MELAYU,230,4191,236,5410
202602,17,KAMPUNG MELAYU,279,8883,279,8280
202602,18,KAMPUNG MELAYU,334,8306,334,8342
202602,19,KAMPUNG MELAYU,343,8801,343,9465
202602,20,KAMPUNG MELAYU,418,4407,418,5315
202602,21,KAMPUNG MELAYU,220,4645,220,4659
202602,22,KAMPUNG MELAYU,196,3033,210,4476
202602,23,KAMPUNG MELAYU,280,6176,280,6355
202602,24,KAMPUNG MELAYU,371,8369,371,8419
202508,16,PULOGADUNG,218,1969,210,2053
202508,17,PULOGADUNG,231,1896,237,1980
202508,18,PULOGADUNG,225,1904,245,1963
202508,19,PULOGADUNG,223,1921,224,1956
202508,20,PULOGADUNG,231,1738,242,1920
202508,21,PULOGADUNG,224,1903,240,1928
202508,22,PULOGADUNG,234,1912,238,1952
202508,23,PULOGADUNG,221,1752,245,1993
202508,24,PULOGADUNG,236,1998,244,1988
202508,25,PULOGADUNG,215,1716,236,2016
202508,26,PULOGADUNG,249,1849,244,1977
202508,27,PULOGADUNG,230,1744,240,1915
202508,28,PULOGADUNG,241,1880,234,1997
202508,29,PULOGADUNG,229,1780,238,1932
202508,30,PULOGADUNG,230,1758,239,1925
202508,31,PULOGADUNG,221,1936,218,2070
202512,1,KAMPUNG RAMBUTAN,187,756,49,398
202512,2,KAMPUNG RAMBUTAN,169,671,53,402
202512,3,KAMPUNG RAMBUTAN,162,630,65,370
202512,4,KAMPUNG RAMBUTAN,186,717,59,486
202512,5,KAMPUNG RAMBUTAN,188,718,56,324
202512,6,KAMPUNG RAMBUTAN,176,663,75,460
202512,7,KAMPUNG RAMBUTAN,170,729,56,389
202512,8,KAMPUNG RAMBUTAN,173,765,72,405
202512,9,KAMPUNG RAMBUTAN,168,683,58,592
202512,10,KAMPUNG RAMBUTAN,163,671,65,405
202512,11,KAMPUNG RAMBUTAN,175,701,53,443
202512,12,KAMPUNG RAMBUTAN,185,718,60,458
202512,13,KAMPUNG RAMBUTAN,157,677,67,440
202512,14,KAMPUNG RAMBUTAN,167,742,71,398
202512,15,KAMPUNG RAMBUTAN,200,825,67,308
202512,16,KAMPUNG RAMBUTAN,180,704,71,520
202512,17,KAMPUNG RAMBUTAN,183,729,70,474
202512,18,KAMPUNG RAMBUTAN,181,765,50,436
202512,19,KAMPUNG RAMBUTAN,171,907,67,720
202512,20,KAMPUNG RAMBUTAN,176,856,99,997
202512,21,KAMPUNG RAMBUTAN,227,967,83,813
202512,22,KAMPUNG RAMBUTAN,229,1196,92,738
202512,23,KAMPUNG RAMBUTAN,206,1092,96,800
202512,24,KAMPUNG RAMBUTAN,230,1429,113,1200
202512,25,KAMPUNG RAMBUTAN,208,1191,94,1154
202512,26,KAMPUNG RAMBUTAN,203,1147,87,897
202512,27,KAMPUNG RAMBUTAN,214,989,81,937
202512,28,KAMPUNG RAMBUTAN,205,1203,75,1007
202512,29,KAMPUNG RAMBUTAN,161,956,95,982
202512,30,KAMPUNG RAMBUTAN,149,901,119,1352
202512,31,KAMPUNG RAMBUTAN,112,648,72,646
202512,1,KALIDERES,84,674,74,659
202512,2,KALIDERES,81,630,71,621
202512,3,KALIDERES,78,619,68,605
202512,4,KALIDERES,80,638,70,643
202512,5,KALIDERES,85,657,75,680
202512,6,KALIDERES,90,673,79,714
202512,7,KALIDERES,88,691,77,682
202512,8,KALIDERES,85,712,75,656
202512,9,KALIDERES,82,685,72,628
202512,10,KALIDERES,79,656,69,607
202512,11,KALIDERES,76,634,66,639
202512,12,KALIDERES,82,601,72,660
202512,13,KALIDERES,89,649,78,715
202503,31,CILILITAN,179,8138,179,9591
202503,1,KLENDER,137,290,139,298
202503,2,KLENDER,134,286,141,297
202503,3,KLENDER,138,296,143,303
202503,4,KLENDER,138,287,141,297
202503,5,KLENDER,138,295,143,307
202503,6,KLENDER,140,294,144,307
202503,7,KLENDER,137,292,140,301
202503,8,KLENDER,137,279,140,292
202503,9,KLENDER,135,273,137,288
202503,10,KLENDER,138,300,143,309
202503,11,KLENDER,140,296,142,302
202503,12,KLENDER,139,287,141,298
202503,13,KLENDER,139,290,142,300
202503,14,KLENDER,137,287,138,289
202503,15,KLENDER,136,280,140,284
202503,16,KLENDER,135,285,139,302
202503,17,KLENDER,138,282,141,290
202503,18,KLENDER,137,292,139,297
202503,19,KLENDER,135,297,140,302
202503,20,KLENDER,139,299,142,305
202503,21,KLENDER,136,285,138,299
202503,22,KLENDER,139,296,141,303
202503,23,KLENDER,141,303,143,310
202503,24,KLENDER,138,301,140,309
202503,25,KLENDER,137,305,138,311
202503,26,KLENDER,135,300,139,312
202503,27,KLENDER,138,310,143,318
202503,28,KLENDER,140,316,141,322
202503,29,KLENDER,139,311,140,320
202503,30,KLENDER,142,327,144,336
202503,31,KLENDER,143,332,146,341
202503,1,PASAR MINGGU,107,231,107,239
202503,2,PASAR MINGGU,105,228,105,234
202503,3,PASAR MINGGU,110,232,110,240
202503,4,PASAR MINGGU,110,233,110,240
202503,5,PASAR MINGGU,106,232,106,236
202503,6,PASAR MINGGU,111,234,111,241
202503,7,PASAR MINGGU,108,230,108,240
202503,8,PASAR MINGGU,108,232,108,242
202503,9,PASAR MINGGU,108,229,108,240
202503,10,PASAR MINGGU,108,226,108,238
202503,11,PASAR MINGGU,108,229,108,238
202503,12,PASAR MINGGU,107,234,107,239
202503,13,PASAR MINGGU,108,234,108,245
202503,14,PASAR MINGGU,109,230,109,241
202503,15,PASAR MINGGU,108,230,108,241
202503,16,PASAR MINGGU,109,230,109,240
202503,17,PASAR MINGGU,109,226,109,237
202503,18,PASAR MINGGU,108,231,108,241
202503,19,PASAR MINGGU,108,230,108,242
202503,20,PASAR MINGGU,106,235,106,245
202503,21,PASAR MINGGU,111,236,111,247
202503,22,PASAR MINGGU,108,231,108,244
202503,23,PASAR MINGGU,111,240,120,253
202503,24,PASAR MINGGU,110,239,110,251
202503,25,PASAR MINGGU,106,226,106,234
202503,26,PASAR MINGGU,104,226,104,233
202503,27,PASAR MINGGU,108,227,108,236
202503,28,PASAR MINGGU,107,219,107,223
202503,29,PASAR MINGGU,105,212,105,218
202503,30,PASAR MINGGU,101,204,101,226
202512,25,PULOGADUNG,210,1916,208,1881
202512,26,PULOGADUNG,211,1774,212,1764
202512,27,PULOGADUNG,213,1768,210,1766
202512,28,PULOGADUNG,213,1784,213,1781
202512,29,PULOGADUNG,226,1917,226,1931
202512,30,PULOGADUNG,222,1930,226,1975
202512,31,PULOGADUNG,225,1877,223,1908
202601,1,KAMPUNG RAMBUTAN,138,1115,88,777
202601,2,KAMPUNG RAMBUTAN,161,1320,77,688
202601,3,KAMPUNG RAMBUTAN,178,1471,66,703
202601,4,KAMPUNG RAMBUTAN,171,1510,85,851
202601,5,KAMPUNG RAMBUTAN,212,1741,88,772
202601,6,KAMPUNG RAMBUTAN,149,1032,69,437
202601,7,KAMPUNG RAMBUTAN,136,985,82,475
202601,8,KAMPUNG RAMBUTAN,116,679,63,394
202601,9,KAMPUNG RAMBUTAN,121,704,72,442
202601,10,KAMPUNG RAMBUTAN,137,741,53,427
202601,11,KAMPUNG RAMBUTAN,153,937,61,554
202601,12,KAMPUNG RAMBUTAN,175,1048,57,444
202601,13,KAMPUNG RAMBUTAN,100,570,66,409
202601,14,KAMPUNG RAMBUTAN,111,561,56,337
202601,15,KAMPUNG RAMBUTAN,150,686,100,759
202601,16,KAMPUNG RAMBUTAN,128,678,102,1036
202601,17,KAMPUNG RAMBUTAN,112,632,95,779
202601,18,KAMPUNG RAMBUTAN,131,1054,66,591
202601,19,KAMPUNG RAMBUTAN,120,787,63,458
202601,20,KAMPUNG RAMBUTAN,92,548,69,404
202601,21,KAMPUNG RAMBUTAN,96,518,54,393
202601,22,KAMPUNG RAMBUTAN,93,485,63,390
202601,23,KAMPUNG RAMBUTAN,102,475,64,338
202601,24,KAMPUNG RAMBUTAN,71,403,54,326
202601,25,KAMPUNG RAMBUTAN,92,539,68,398
202601,26,KAMPUNG RAMBUTAN,92,589,57,390
202601,27,KAMPUNG RAMBUTAN,98,578,63,430
202601,28,KAMPUNG RAMBUTAN,107,542,92,520
202601,29,KAMPUNG RAMBUTAN,112,551,90,482
202601,30,KAMPUNG RAMBUTAN,112,512,94,549
202601,31,KAMPUNG RAMBUTAN,107,461,77,477
202601,1,KALIDERES,80,549,69,647
202601,2,KALIDERES,96,738,77,815
202601,3,KALIDERES,117,1251,86,938
202601,4,KALIDERES,131,1517,93,1043
202601,5,KALIDERES,108,1143,79,832
202601,6,KALIDERES,92,896,73,722
202601,7,KALIDERES,84,715,70,665
202601,8,KALIDERES,80,645,68,686
202601,9,KALIDERES,86,624,75,721
202601,10,KALIDERES,92,649,81,778
202601,11,KALIDERES,89,622,78,739
202601,12,KALIDERES,85,718,75,687
202601,13,KALIDERES,82,671,72,645
202601,14,KALIDERES,79,647,69,618
202601,15,KALIDERES,90,623,80,785
202601,16,KALIDERES,95,656,84,841
202601,17,KALIDERES,92,635,81,798
202601,18,KALIDERES,89,662,79,723
202601,19,KALIDERES,85,714,75,672
202601,20,KALIDERES,80,689,70,644
202601,21,KALIDERES,76,658,66,616
202601,22,KALIDERES,72,621,62,639
202505,1,KAMPUNG RAMBUTAN,216,1158,73,493
202505,2,KAMPUNG RAMBUTAN,232,1018,74,403
202505,3,KAMPUNG RAMBUTAN,230,1097,67,416
202505,4,KAMPUNG RAMBUTAN,242,1575,85,494
202505,5,KAMPUNG RAMBUTAN,210,1176,89,409
202505,6,KAMPUNG RAMBUTAN,212,1042,63,458
202505,7,KAMPUNG RAMBUTAN,211,1058,74,346
202505,8,KAMPUNG RAMBUTAN,237,1143,64,315
202505,9,KAMPUNG RAMBUTAN,240,981,71,773
202505,10,KAMPUNG RAMBUTAN,261,1303,74,589
202505,11,KAMPUNG RAMBUTAN,253,1128,87,451
202505,12,KAMPUNG RAMBUTAN,246,1148,77,359
202505,13,KAMPUNG RAMBUTAN,254,1125,86,461
202505,14,KAMPUNG RAMBUTAN,210,982,75,362
202505,15,KAMPUNG RAMBUTAN,221,1133,51,340
202505,16,KAMPUNG RAMBUTAN,216,888,70,394
202505,17,KAMPUNG RAMBUTAN,230,1091,72,260
202505,18,KAMPUNG RAMBUTAN,211,1058,68,400
202505,19,KAMPUNG RAMBUTAN,221,1079,74,412
202505,20,KAMPUNG RAMBUTAN,196,885,74,276
202505,21,KAMPUNG RAMBUTAN,195,854,70,289
202505,22,KAMPUNG RAMBUTAN,187,951,68,326
202505,23,KAMPUNG RAMBUTAN,207,1021,77,375
202505,24,KAMPUNG RAMBUTAN,204,868,67,340
202505,25,KAMPUNG RAMBUTAN,234,1030,53,417
202505,26,KAMPUNG RAMBUTAN,216,1163,46,291
202505,27,KAMPUNG RAMBUTAN,191,972,83,403
202505,28,KAMPUNG RAMBUTAN,205,1197,98,784
202505,29,KAMPUNG RAMBUTAN,252,1207,114,816
202505,30,KAMPUNG RAMBUTAN,223,1214,71,361
202505,31,KAMPUNG RAMBUTAN,216,1133,65,560
202505,1,KALIDERES,80,627,70,639
202505,2,KALIDERES,85,604,75,662
202505,3,KALIDERES,92,636,81,711
202505,4,KALIDERES,88,652,78,678
202505,5,KALIDERES,84,708,74,655
202505,6,KALIDERES,80,673,70,634
202505,7,KALIDERES,76,649,66,617
202505,8,KALIDERES,81,615,71,643
202505,9,KALIDERES,89,604,78,709
202505,10,KALIDERES,93,631,82,768
202505,11,KALIDERES,90,650,79,712
202505,12,KALIDERES,87,702,79,680
202505,13,KALIDERES,84,686,74,651
202505,14,KALIDERES,81,657,71,635
202505,15,KALIDERES,79,628,69,604
202505,16,KALIDERES,84,603,74,657
202505,17,KALIDERES,92,634,81,723
202505,18,KALIDERES,89,659,78,698
202505,19,KALIDERES,85,711,75,659
202505,20,KALIDERES,82,686,72,632
202505,21,KALIDERES,79,652,69,616
202505,22,KALIDERES,84,626,74,651
202505,23,KALIDERES,89,605,78,684
202505,24,KALIDERES,93,637,82,725
202505,25,KALIDERES,90,653,79,694
202505,26,KALIDERES,87,718,75,655
202505,27,KALIDERES,84,689,73,637
202505,28,KALIDERES,90,654,79,693
202505,29,KALIDERES,96,631,85,762
202505,30,KALIDERES,91,616,80,721
202512,14,KALIDERES,87,678,76,683
202512,15,KALIDERES,84,717,74,654
202512,16,KALIDERES,81,683,71,622
202512,17,KALIDERES,78,651,68,606
202512,18,KALIDERES,85,622,75,656
202512,19,KALIDERES,97,596,86,861
202512,20,KALIDERES,106,640,95,1039
202512,21,KALIDERES,101,615,89,958
202512,22,KALIDERES,94,684,82,837
202512,23,KALIDERES,103,629,92,995
202512,24,KALIDERES,122,568,110,1428
202512,25,KALIDERES,96,541,85,873
202512,26,KALIDERES,102,653,90,982
202512,27,KALIDERES,112,577,99,1194
202512,28,KALIDERES,99,652,87,976
202512,29,KALIDERES,91,686,80,891
202512,30,KALIDERES,105,615,92,1069
202512,31,KALIDERES,87,524,76,758
202512,1,TANJUNG PRIOK,78,264,70,282
202512,2,TANJUNG PRIOK,80,312,71,308
202512,3,TANJUNG PRIOK,88,342,79,346
202512,4,TANJUNG PRIOK,91,355,85,341
202512,5,TANJUNG PRIOK,93,375,84,362
202512,6,TANJUNG PRIOK,95,457,87,428
202512,7,TANJUNG PRIOK,92,388,83,372
202512,8,TANJUNG PRIOK,88,312,80,346
202512,9,TANJUNG PRIOK,86,342,76,298
202512,10,TANJUNG PRIOK,83,298,74,276
202512,11,TANJUNG PRIOK,90,326,81,284
202512,12,TANJUNG PRIOK,94,386,88,348
202512,13,TANJUNG PRIOK,95,328,85,314
202512,14,TANJUNG PRIOK,89,318,80,286
202512,15,TANJUNG PRIOK,90,306,81,266
202512,16,TANJUNG PRIOK,88,264,80,228
202512,17,TANJUNG PRIOK,86,244,75,282
202512,18,TANJUNG PRIOK,91,262,81,305
202512,19,TANJUNG PRIOK,98,291,87,393
202512,20,TANJUNG PRIOK,90,316,80,343
202512,21,TANJUNG PRIOK,91,302,81,354
202512,22,TANJUNG PRIOK,125,285,111,643
202512,23,TANJUNG PRIOK,99,342,86,639
202512,24,TANJUNG PRIOK,123,626,118,1101
202512,25,TANJUNG PRIOK,98,587,85,859
202512,26,TANJUNG PRIOK,102,641,88,879
202512,27,TANJUNG PRIOK,106,815,91,592
202512,28,TANJUNG PRIOK,95,688,84,710
202512,29,TANJUNG PRIOK,97,547,86,687
202512,30,TANJUNG PRIOK,91,501,79,611
202512,31,TANJUNG PRIOK,85,456,74,587
202512,1,GROGOL,114,61,114,136
202512,2,GROGOL,117,58,117,143
202512,3,GROGOL,113,51,113,149
202512,4,GROGOL,118,42,118,158
202512,5,GROGOL,122,37,122,166
202512,6,GROGOL,117,39,117,148
202512,7,GROGOL,112,46,112,152
202512,8,GROGOL,116,55,116,147
202512,9,GROGOL,106,48,106,128
202512,10,GROGOL,102,36,102,119
202512,11,GROGOL,113,41,113,131
202512,12,GROGOL,119,33,119,164
202512,13,GROGOL,115,38,115,151
202503,31,PASAR MINGGU,96,185,96,191
202503,1,KAMPUNG MELAYU,371,3978,371,3273
202503,2,KAMPUNG MELAYU,351,4008,351,3169
202503,3,KAMPUNG MELAYU,320,4781,320,5965
202503,4,KAMPUNG MELAYU,334,4979,332,4178
202503,5,KAMPUNG MELAYU,395,4549,395,6118
202503,6,KAMPUNG MELAYU,475,5470,475,5593
202503,7,KAMPUNG MELAYU,282,5137,282,9158
202503,8,KAMPUNG MELAYU,294,4570,290,6330
202503,9,KAMPUNG MELAYU,264,3216,264,2887
202503,10,KAMPUNG MELAYU,347,3877,347,3978
202503,11,KAMPUNG MELAYU,365,4731,365,4601
202503,12,KAMPUNG MELAYU,378,5224,378,7628
202503,13,KAMPUNG MELAYU,298,4367,298,4041
202503,14,KAMPUNG MELAYU,336,3966,336,4355
202503,15,KAMPUNG MELAYU,371,4006,371,2928
202503,16,KAMPUNG MELAYU,354,4809,354,4697
202503,17,KAMPUNG MELAYU,369,5832,369,5883
202503,18,KAMPUNG MELAYU,421,5525,421,8295
202503,19,KAMPUNG MELAYU,292,6470,296,6554
202503,20,KAMPUNG MELAYU,334,5133,334,8784
202503,21,KAMPUNG MELAYU,421,7113,421,8295
202503,22,KAMPUNG MELAYU,415,3996,408,5625
202503,23,KAMPUNG MELAYU,362,6837,362,5666
202503,24,KAMPUNG MELAYU,391,4287,391,5369
202503,25,KAMPUNG MELAYU,337,3189,337,3297
202503,26,KAMPUNG MELAYU,287,3169,287,3532
202503,27,KAMPUNG MELAYU,293,3296,293,4867
202503,28,KAMPUNG MELAYU,246,2723,251,2775
202503,29,KAMPUNG MELAYU,237,2102,237,2388
202503,30,KAMPUNG MELAYU,269,2183,269,2333
202503,31,KAMPUNG MELAYU,195,1324,195,1585
202503,1,SENEN,190,1305,190,1638
202503,2,SENEN,188,1313,188,1793
202503,3,SENEN,242,1588,242,1764
202503,4,SENEN,241,1572,241,1750
202503,5,SENEN,239,1579,240,1762
202503,6,SENEN,238,1592,238,1767
202503,7,SENEN,238,1311,238,1684
202503,8,SENEN,191,1291,191,1640
202503,9,SENEN,188,1308,188,1796
202503,10,SENEN,239,1580,239,1763
202503,11,SENEN,241,1573,241,1771
202503,12,SENEN,239,1576,239,1751
202503,13,SENEN,238,1592,238,1763
202503,14,SENEN,238,1317,238,1678
202503,15,SENEN,191,1302,191,1655
202503,16,SENEN,188,1319,188,1804
202503,17,SENEN,239,1573,239,1770
202503,18,SENEN,240,1584,240,1786
202503,19,SENEN,239,1569,239,1770
202503,20,SENEN,238,1577,238,1754
202503,21,SENEN,238,1308,238,1675
202503,22,SENEN,191,1305,191,1657
202503,23,SENEN,188,1316,188,1782
202503,24,SENEN,239,1584,239,1760
202503,25,SENEN,240,1578,240,1788
202503,26,SENEN,239,1582,239,1760
202503,27,SENEN,239,1582,239,1763
202503,28,SENEN,238,1315,238,1674
202503,29,SENEN,191,1312,191,1696
202601,23,KALIDERES,66,457,52,515
202601,24,KALIDERES,81,637,70,715
202601,25,KALIDERES,78,653,67,671
202601,26,KALIDERES,75,706,65,657
202601,27,KALIDERES,72,685,63,628
202601,28,KALIDERES,76,642,67,663
202601,29,KALIDERES,70,614,60,632
202601,30,KALIDERES,79,649,69,694
202601,31,KALIDERES,85,668,74,736
202601,1,TANJUNG PRIOK,88,638,76,461
202601,2,TANJUNG PRIOK,84,698,71,424
202601,3,TANJUNG PRIOK,80,724,70,408
202601,4,TANJUNG PRIOK,99,951,87,457
202601,5,TANJUNG PRIOK,92,682,80,402
202601,6,TANJUNG PRIOK,79,308,67,204
202601,7,TANJUNG PRIOK,87,329,77,211
202601,8,TANJUNG PRIOK,91,317,81,235
202601,9,TANJUNG PRIOK,96,405,85,367
202601,10,TANJUNG PRIOK,87,355,76,338
202601,11,TANJUNG PRIOK,85,329,75,316
202601,12,TANJUNG PRIOK,58,253,49,221
202601,13,TANJUNG PRIOK,76,281,64,294
202601,14,TANJUNG PRIOK,77,298,67,302
202601,15,TANJUNG PRIOK,97,426,85,382
202601,16,TANJUNG PRIOK,93,413,82,391
202601,17,TANJUNG PRIOK,85,401,75,356
202601,18,TANJUNG PRIOK,79,419,69,382
202601,19,TANJUNG PRIOK,95,421,83,393
202601,20,TANJUNG PRIOK,97,439,87,381
202601,21,TANJUNG PRIOK,90,393,79,358
202601,22,TANJUNG PRIOK,85,354,75,336
202601,23,TANJUNG PRIOK,88,388,78,372
202601,24,TANJUNG PRIOK,83,335,73,324
202601,25,TANJUNG PRIOK,79,364,69,306
202601,26,TANJUNG PRIOK,92,388,81,372
202601,27,TANJUNG PRIOK,94,411,83,399
202601,28,TANJUNG PRIOK,91,428,81,363
202601,29,TANJUNG PRIOK,87,391,75,379
202601,30,TANJUNG PRIOK,81,491,71,513
202601,31,TANJUNG PRIOK,83,451,73,474
202601,1,GROGOL,105,61,105,114
202601,2,GROGOL,111,56,111,125
202601,3,GROGOL,118,63,118,142
202601,4,GROGOL,121,74,121,123
202601,5,GROGOL,116,78,116,119
202601,6,GROGOL,113,62,113,121
202601,7,GROGOL,114,55,114,122
202601,8,GROGOL,117,47,117,131
202601,9,GROGOL,121,41,121,143
202601,10,GROGOL,118,44,118,142
202601,11,GROGOL,114,51,114,131
202601,12,GROGOL,117,57,117,136
202601,13,GROGOL,113,53,113,125
202601,14,GROGOL,118,47,118,143
202601,15,GROGOL,126,36,126,219
202601,16,GROGOL,117,31,117,164
202601,17,GROGOL,113,38,113,136
202601,18,GROGOL,115,44,115,142
202601,19,GROGOL,123,60,123,177
202601,20,GROGOL,117,51,117,133
202601,21,GROGOL,121,48,121,142
202601,22,GROGOL,105,46,105,156
202505,31,KALIDERES,87,645,76,686
202505,1,TANJUNG PRIOK,75,216,67,322
202505,2,TANJUNG PRIOK,79,236,70,348
202505,3,TANJUNG PRIOK,82,271,73,323
202505,4,TANJUNG PRIOK,85,392,76,263
202505,5,TANJUNG PRIOK,74,215,65,247
202505,6,TANJUNG PRIOK,71,169,62,213
202505,7,TANJUNG PRIOK,74,182,66,262
202505,8,TANJUNG PRIOK,76,182,66,262
202505,9,TANJUNG PRIOK,80,248,74,413
202505,10,TANJUNG PRIOK,83,235,77,528
202505,11,TANJUNG PRIOK,81,268,77,528
202505,12,TANJUNG PRIOK,78,395,69,238
202505,13,TANJUNG PRIOK,73,314,65,210
202505,14,TANJUNG PRIOK,76,251,67,317
202505,15,TANJUNG PRIOK,79,217,70,264
202505,16,TANJUNG PRIOK,81,162,73,310
202505,17,TANJUNG PRIOK,83,186,75,349
202505,18,TANJUNG PRIOK,86,326,78,261
202505,19,TANJUNG PRIOK,70,205,63,261
202505,20,TANJUNG PRIOK,67,184,59,242
202505,21,TANJUNG PRIOK,73,152,65,237
202505,22,TANJUNG PRIOK,77,162,69,269
202505,23,TANJUNG PRIOK,80,217,72,319
202505,24,TANJUNG PRIOK,82,230,73,343
202505,25,TANJUNG PRIOK,85,230,73,343
202505,26,TANJUNG PRIOK,75,315,67,219
202505,27,TANJUNG PRIOK,71,172,63,242
202505,28,TANJUNG PRIOK,88,207,79,541
202505,29,TANJUNG PRIOK,85,248,77,429
202505,30,TANJUNG PRIOK,81,312,72,271
202505,31,TANJUNG PRIOK,82,483,74,314
202505,1,GROGOL,106,31,106,117
202505,2,GROGOL,112,35,112,126
202505,3,GROGOL,117,39,117,138
202505,4,GROGOL,109,43,109,117
202505,5,GROGOL,115,49,115,122
202505,6,GROGOL,103,41,103,114
202505,7,GROGOL,112,36,112,128
202505,8,GROGOL,106,31,106,117
202505,9,GROGOL,124,26,124,209
202505,10,GROGOL,113,22,113,163
202505,11,GROGOL,103,29,103,125
202505,12,GROGOL,107,39,107,113
202505,13,GROGOL,114,43,114,122
202505,14,GROGOL,119,48,119,139
202505,15,GROGOL,102,37,102,117
202505,16,GROGOL,117,26,117,146
202505,17,GROGOL,112,32,112,135
202505,18,GROGOL,106,26,106,116
202505,19,GROGOL,103,44,103,112
202505,20,GROGOL,98,36,98,92
202505,21,GROGOL,92,39,92,86
202505,22,GROGOL,101,42,101,97
202505,23,GROGOL,111,33,111,128
202505,24,GROGOL,104,28,104,114
202505,25,GROGOL,98,41,98,107
202505,26,GROGOL,106,45,106,119
202505,27,GROGOL,102,37,102,108
202505,28,GROGOL,124,26,124,206
202505,29,GROGOL,107,22,107,153
202505,30,GROGOL,112,29,112,135
202505,31,GROGOL,117,36,117,146
202512,14,GROGOL,118,42,118,159
202512,15,GROGOL,116,51,116,149
202512,16,GROGOL,112,55,112,141
202512,17,GROGOL,108,46,108,134
202512,18,GROGOL,111,46,111,143
202512,19,GROGOL,122,58,122,181
202512,20,GROGOL,118,54,118,201
202512,21,GROGOL,123,69,123,211
202512,22,GROGOL,128,64,128,225
202512,23,GROGOL,132,71,132,267
202512,24,GROGOL,158,66,158,503
202512,25,GROGOL,122,51,122,204
202512,26,GROGOL,129,56,129,186
202512,27,GROGOL,123,62,123,176
202512,28,GROGOL,117,54,117,167
202512,29,GROGOL,124,68,124,181
202512,30,GROGOL,128,57,128,206
202512,31,GROGOL,122,48,122,188
202512,1,MUARA ANGKE,5,51,5,68
202512,2,MUARA ANGKE,5,48,5,61
202512,3,MUARA ANGKE,5,59,5,51
202512,4,MUARA ANGKE,5,47,5,52
202512,5,MUARA ANGKE,5,47,5,59
202512,6,MUARA ANGKE,5,59,5,51
202512,7,MUARA ANGKE,5,41,5,60
202512,8,MUARA ANGKE,5,53,5,64
202512,9,MUARA ANGKE,5,50,5,58
202512,10,MUARA ANGKE,5,50,5,59
202512,11,MUARA ANGKE,5,62,5,50
202512,12,MUARA ANGKE,5,41,5,56
202512,13,MUARA ANGKE,5,47,5,52
202512,14,MUARA ANGKE,5,39,5,49
202512,15,MUARA ANGKE,5,62,5,50
202512,16,MUARA ANGKE,5,48,5,60
202512,17,MUARA ANGKE,5,52,5,63
202512,18,MUARA ANGKE,5,59,5,51
202512,19,MUARA ANGKE,5,65,5,55
202512,20,MUARA ANGKE,5,47,5,52
202512,21,MUARA ANGKE,5,51,5,57
202512,22,MUARA ANGKE,5,78,5,97
202512,23,MUARA ANGKE,5,126,5,96
202512,24,MUARA ANGKE,5,133,5,93
202512,25,MUARA ANGKE,5,113,5,135
202512,26,MUARA ANGKE,5,93,5,117
202512,27,MUARA ANGKE,5,91,5,109
202512,28,MUARA ANGKE,5,90,5,114
202512,29,MUARA ANGKE,5,95,5,144
202512,30,MUARA ANGKE,5,91,5,177
202512,31,MUARA ANGKE,5,102,5,191
202512,1,LEBAK BULUS,31,0,31,46
202512,2,LEBAK BULUS,30,0,30,47
202512,3,LEBAK BULUS,30,0,30,49
202512,4,LEBAK BULUS,30,0,30,46
202512,5,LEBAK BULUS,32,0,32,53
202512,6,LEBAK BULUS,23,0,23,33
202512,7,LEBAK BULUS,30,0,30,48
202512,8,LEBAK BULUS,31,0,31,46
202512,9,LEBAK BULUS,30,0,30,47
202512,10,LEBAK BULUS,30,0,30,49
202512,11,LEBAK BULUS,30,0,30,46
202512,12,LEBAK BULUS,32,0,32,53
202512,13,LEBAK BULUS,23,0,23,33
202512,14,LEBAK BULUS,30,0,30,48
202512,15,LEBAK BULUS,31,0,31,46
202503,30,SENEN,188,1326,188,1792
202503,31,SENEN,241,1589,241,1774
202503,1,MANGGARAI,24,2746,24,9739
202503,2,MANGGARAI,24,2853,24,9671
202503,3,MANGGARAI,36,4853,36,12994
202503,4,MANGGARAI,36,4726,36,13257
202503,5,MANGGARAI,36,4692,36,12939
202503,6,MANGGARAI,36,4852,36,13313
202503,7,MANGGARAI,36,4635,36,12926
202503,8,MANGGARAI,24,2753,24,9806
202503,9,MANGGARAI,24,2853,24,9663
202503,10,MANGGARAI,36,4963,36,13358
202503,11,MANGGARAI,36,4729,36,13137
202503,12,MANGGARAI,36,4964,36,13018
202503,13,MANGGARAI,36,4753,36,12919
202503,14,MANGGARAI,36,4861,36,13169
202503,15,MANGGARAI,24,2865,24,9751
202503,16,MANGGARAI,24,2745,24,9644
202503,17,MANGGARAI,36,4937,36,13007
202503,18,MANGGARAI,36,4753,36,13798
202503,19,MANGGARAI,36,4635,36,13016
202503,20,MANGGARAI,36,4965,36,13092
202503,21,MANGGARAI,36,4736,36,13198
202503,22,MANGGARAI,24,2854,24,9772
202503,23,MANGGARAI,24,2763,24,9671
202503,24,MANGGARAI,36,4825,36,13216
202503,25,MANGGARAI,36,4735,36,13096
202503,26,MANGGARAI,36,4882,36,13037
202503,27,MANGGARAI,36,4935,36,13253
202503,28,MANGGARAI,24,2884,24,9764
202503,29,MANGGARAI,24,2731,24,9660
202503,30,MANGGARAI,24,2943,24,9880
202503,31,MANGGARAI,24,2994,24,9971
202503,1,PULOGADUNG,220,1945,219,2023
202503,2,PULOGADUNG,228,1894,234,2056
202503,3,PULOGADUNG,229,1758,239,1943
202503,4,PULOGADUNG,220,1704,242,2014
202503,5,PULOGADUNG,221,1931,241,2016
202503,6,PULOGADUNG,219,1964,221,2060
202503,7,PULOGADUNG,242,1910,250,2026
202503,8,PULOGADUNG,258,1996,262,2061
202503,9,PULOGADUNG,219,1931,209,2031
202503,10,PULOGADUNG,228,2025,231,2007
202503,11,PULOGADUNG,228,1757,239,1917
202503,12,PULOGADUNG,223,1902,219,1990
202503,13,PULOGADUNG,225,1814,231,2010
202503,14,PULOGADUNG,231,1746,237,1918
202503,15,PULOGADUNG,220,1952,246,1997
202503,16,PULOGADUNG,215,1892,228,1966
202503,17,PULOGADUNG,215,1898,222,2018
202503,18,PULOGADUNG,213,1904,219,1996
202503,19,PULOGADUNG,221,1983,210,2054
202503,20,PULOGADUNG,219,1696,241,2008
202503,21,PULOGADUNG,217,1594,238,1995
202503,22,PULOGADUNG,222,1721,239,1948
202503,23,PULOGADUNG,215,1944,216,2031
202503,24,PULOGADUNG,240,1948,240,1972
202503,25,PULOGADUNG,233,1974,239,1986
202503,26,PULOGADUNG,224,1696,243,1960
202503,27,PULOGADUNG,237,2031,243,1961
202503,28,PULOGADUNG,222,1700,246,1933
202601,23,GROGOL,104,53,104,153
202601,24,GROGOL,114,47,114,161
202601,25,GROGOL,108,54,108,138
202601,26,GROGOL,119,68,119,147
202601,27,GROGOL,108,56,108,140
202601,28,GROGOL,102,40,102,114
202601,29,GROGOL,108,50,108,152
202601,30,GROGOL,122,48,122,158
202601,31,GROGOL,110,56,110,140
202601,1,MUARA ANGKE,5,87,5,161
202601,2,MUARA ANGKE,4,110,4,104
202601,3,MUARA ANGKE,4,96,4,89
202601,4,MUARA ANGKE,4,74,4,142
202601,5,MUARA ANGKE,5,103,5,131
202601,6,MUARA ANGKE,5,60,5,80
202601,7,MUARA ANGKE,4,146,4,100
202601,8,MUARA ANGKE,5,139,5,112
202601,9,MUARA ANGKE,5,138,5,124
202601,10,MUARA ANGKE,4,68,4,128
202601,11,MUARA ANGKE,5,94,5,115
202601,12,MUARA ANGKE,5,140,5,119
202601,13,MUARA ANGKE,5,141,5,122
202601,14,MUARA ANGKE,5,91,5,177
202601,15,MUARA ANGKE,4,91,4,108
202601,16,MUARA ANGKE,4,77,4,98
202601,17,MUARA ANGKE,3,56,3,92
202601,18,MUARA ANGKE,5,84,5,112
202601,19,MUARA ANGKE,4,61,4,90
202601,20,MUARA ANGKE,4,131,4,112
202601,21,MUARA ANGKE,4,109,4,108
202601,22,MUARA ANGKE,4,68,4,101
202601,23,MUARA ANGKE,4,67,4,114
202601,24,MUARA ANGKE,4,74,4,108
202601,25,MUARA ANGKE,4,74,4,108
202601,26,MUARA ANGKE,4,106,4,74
202601,27,MUARA ANGKE,4,111,4,89
202601,28,MUARA ANGKE,3,56,3,92
202601,29,MUARA ANGKE,4,77,4,98
202601,30,MUARA ANGKE,4,80,4,119
202601,31,MUARA ANGKE,4,73,4,104
202601,1,LEBAK BULUS,26,22,26,167
202601,2,LEBAK BULUS,32,0,32,294
202601,3,LEBAK BULUS,26,0,26,150
202601,4,LEBAK BULUS,34,24,34,192
202601,5,LEBAK BULUS,24,29,24,149
202601,6,LEBAK BULUS,24,0,24,55
202601,7,LEBAK BULUS,22,0,22,50
202601,8,LEBAK BULUS,20,30,20,66
202601,9,LEBAK BULUS,22,21,22,50
202601,10,LEBAK BULUS,27,0,27,49
202601,11,LEBAK BULUS,8,0,8,36
202601,12,LEBAK BULUS,12,38,12,70
202601,13,LEBAK BULUS,11,33,11,74
202601,14,LEBAK BULUS,15,0,15,89
202601,15,LEBAK BULUS,16,0,16,128
202601,16,LEBAK BULUS,14,0,14,95
202601,17,LEBAK BULUS,19,0,19,94
202601,18,LEBAK BULUS,19,0,19,66
202601,19,LEBAK BULUS,17,0,17,61
202601,20,LEBAK BULUS,16,0,16,65
202601,21,LEBAK BULUS,15,0,15,89
202601,22,LEBAK BULUS,20,0,20,45
202601,23,LEBAK BULUS,18,0,18,54
202505,1,MUARA ANGKE,5,44,5,62
202505,2,MUARA ANGKE,5,40,5,59
202505,3,MUARA ANGKE,5,54,5,65
202505,4,MUARA ANGKE,5,49,5,66
202505,5,MUARA ANGKE,5,44,5,54
202505,6,MUARA ANGKE,5,52,5,63
202505,7,MUARA ANGKE,5,53,5,63
202505,8,MUARA ANGKE,5,46,5,57
202505,9,MUARA ANGKE,5,40,5,59
202505,10,MUARA ANGKE,5,35,5,73
202505,11,MUARA ANGKE,5,33,5,67
202505,12,MUARA ANGKE,5,38,5,53
202505,13,MUARA ANGKE,5,50,5,63
202505,14,MUARA ANGKE,5,46,5,57
202505,15,MUARA ANGKE,5,50,5,59
202505,16,MUARA ANGKE,5,44,5,63
202505,17,MUARA ANGKE,5,40,5,60
202505,18,MUARA ANGKE,5,44,5,54
202505,19,MUARA ANGKE,5,50,5,58
202505,20,MUARA ANGKE,5,62,5,51
202505,21,MUARA ANGKE,5,46,5,53
202505,22,MUARA ANGKE,5,49,5,56
202505,23,MUARA ANGKE,5,42,5,50
202505,24,MUARA ANGKE,5,40,5,65
202505,25,MUARA ANGKE,5,47,5,59
202505,26,MUARA ANGKE,5,53,5,64
202505,27,MUARA ANGKE,5,42,5,57
202505,28,MUARA ANGKE,5,49,5,55
202505,29,MUARA ANGKE,5,42,5,75
202505,30,MUARA ANGKE,5,40,5,58
202505,31,MUARA ANGKE,5,49,5,54
202505,1,LEBAK BULUS,35,0,35,57
202505,2,LEBAK BULUS,37,0,37,65
202505,3,LEBAK BULUS,35,0,35,43
202505,4,LEBAK BULUS,33,0,33,39
202505,5,LEBAK BULUS,33,0,33,35
202505,6,LEBAK BULUS,34,0,34,37
202505,7,LEBAK BULUS,35,0,35,41
202505,8,LEBAK BULUS,36,0,36,37
202505,9,LEBAK BULUS,39,15,39,79
202505,10,LEBAK BULUS,37,11,37,67
202505,11,LEBAK BULUS,35,0,35,59
202505,12,LEBAK BULUS,35,16,35,47
202505,13,LEBAK BULUS,33,0,33,27
202505,14,LEBAK BULUS,29,0,29,19
202505,15,LEBAK BULUS,29,0,29,25
202505,16,LEBAK BULUS,31,0,31,33
202505,17,LEBAK BULUS,29,0,39,21
202505,18,LEBAK BULUS,28,0,28,23
202505,19,LEBAK BULUS,28,0,28,21
202505,20,LEBAK BULUS,27,0,27,23
202505,21,LEBAK BULUS,29,0,29,25
202505,22,LEBAK BULUS,28,10,28,31
202505,23,LEBAK BULUS,27,7,27,29
202505,24,LEBAK BULUS,28,0,28,31
202505,25,LEBAK BULUS,28,0,28,29
202505,26,LEBAK BULUS,26,0,26,26
202505,27,LEBAK BULUS,26,0,26,29
202505,28,LEBAK BULUS,30,14,30,35
202505,29,LEBAK BULUS,31,0,31,37
202505,30,LEBAK BULUS,33,15,33,81
202505,31,LEBAK BULUS,30,0,30,35
202505,1,PINANGRANTI,99,164,99,154
202505,2,PINANGRANTI,99,169,99,173
202512,16,LEBAK BULUS,30,0,30,47
202512,17,LEBAK BULUS,30,0,30,49
202512,18,LEBAK BULUS,29,0,29,77
202512,19,LEBAK BULUS,22,37,22,67
202512,20,LEBAK BULUS,32,34,32,187
202512,21,LEBAK BULUS,35,10,35,302
202512,22,LEBAK BULUS,23,0,23,238
202512,23,LEBAK BULUS,42,24,42,202
202512,24,LEBAK BULUS,52,38,52,402
202512,25,LEBAK BULUS,46,90,46,294
202512,26,LEBAK BULUS,23,0,23,178
202512,27,LEBAK BULUS,39,0,39,222
202512,28,LEBAK BULUS,33,0,33,345
202512,29,LEBAK BULUS,41,0,41,260
202512,30,LEBAK BULUS,29,0,29,148
202512,31,LEBAK BULUS,33,29,33,184
202512,1,PINANGRANTI,89,655,89,689
202512,2,PINANGRANTI,89,686,89,713
202512,3,PINANGRANTI,89,679,89,721
202512,4,PINANGRANTI,89,676,89,711
202512,5,PINANGRANTI,89,695,89,722
202512,6,PINANGRANTI,79,391,79,407
202512,7,PINANGRANTI,79,412,79,427
202512,8,PINANGRANTI,89,621,89,644
202512,9,PINANGRANTI,89,646,89,669
202512,10,PINANGRANTI,89,638,89,668
202512,11,PINANGRANTI,89,647,89,675
202512,12,PINANGRANTI,89,660,89,685
202512,13,PINANGRANTI,79,410,79,453
202512,14,PINANGRANTI,79,395,79,419
202512,15,PINANGRANTI,89,495,89,503
202512,16,PINANGRANTI,89,504,89,530
202512,17,PINANGRANTI,89,498,89,516
202512,18,PINANGRANTI,89,474,89,484
202512,19,PINANGRANTI,89,473,89,499
202512,20,PINANGRANTI,79,367,79,386
202512,21,PINANGRANTI,79,358,79,368
202512,22,PINANGRANTI,89,480,89,512
202512,23,PINANGRANTI,89,491,89,533
202512,24,PINANGRANTI,89,540,89,595
202512,25,PINANGRANTI,89,534,89,579
202512,26,PINANGRANTI,89,556,89,600
202512,27,PINANGRANTI,79,477,79,495
202512,28,PINANGRANTI,79,458,79,480
202512,29,PINANGRANTI,89,589,89,647
202512,30,PINANGRANTI,89,593,89,645
202512,31,PINANGRANTI,89,609,89,672
202512,1,RAWAMANGUN,145,522,145,178
202512,2,RAWAMANGUN,145,514,145,169
202512,3,RAWAMANGUN,139,443,141,147
202512,4,RAWAMANGUN,150,474,150,160
202512,5,RAWAMANGUN,151,476,151,161
202512,6,RAWAMANGUN,153,496,153,170
202512,7,RAWAMANGUN,159,515,159,173
202512,8,RAWAMANGUN,159,515,159,173
202512,9,RAWAMANGUN,164,532,164,188
202512,10,RAWAMANGUN,164,527,164,187
202512,11,RAWAMANGUN,166,530,166,191
202512,12,RAWAMANGUN,166,518,166,193
202512,13,RAWAMANGUN,166,481,166,174
202512,14,RAWAMANGUN,166,485,166,186
202512,15,RAWAMANGUN,166,480,166,183
202503,29,PULOGADUNG,223,1921,222,2060
202503,30,PULOGADUNG,224,1875,238,1997
202503,31,PULOGADUNG,243,1896,239,1941
202504,5,MUARA ANGKE,3,111,3,12
202504,6,MUARA ANGKE,3,162,3,30
202504,7,MUARA ANGKE,6,103,6,149
202504,8,MUARA ANGKE,6,110,6,98
202504,9,MUARA ANGKE,5,80,5,79
202504,10,MUARA ANGKE,5,51,5,65
202504,11,MUARA ANGKE,5,54,5,59
202504,12,MUARA ANGKE,5,44,5,65
202504,13,MUARA ANGKE,5,48,5,71
202504,14,MUARA ANGKE,5,41,5,59
202504,15,MUARA ANGKE,5,49,5,58
202504,16,MUARA ANGKE,5,51,5,62
202504,17,MUARA ANGKE,5,47,5,65
202504,18,MUARA ANGKE,5,44,5,68
202504,19,MUARA ANGKE,5,47,5,71
202504,20,MUARA ANGKE,5,51,5,62
202504,21,MUARA ANGKE,5,46,5,52
202504,22,MUARA ANGKE,5,49,5,56
202504,23,MUARA ANGKE,5,43,5,52
202504,24,MUARA ANGKE,5,47,5,63
202504,25,MUARA ANGKE,5,40,5,67
202504,26,MUARA ANGKE,5,36,5,72
202504,27,MUARA ANGKE,5,44,5,65
202504,28,MUARA ANGKE,5,49,5,54
202504,29,MUARA ANGKE,5,50,5,63
202504,30,MUARA ANGKE,5,53,5,74
202504,1,LEBAK BULUS,23,0,23,514
202504,2,LEBAK BULUS,16,117,16,173
202504,3,LEBAK BULUS,32,397,32,163
202504,4,LEBAK BULUS,37,260,37,311
202504,5,LEBAK BULUS,34,454,34,243
202504,6,LEBAK BULUS,47,686,47,214
202504,7,LEBAK BULUS,33,401,33,167
202504,8,LEBAK BULUS,33,424,33,269
202504,9,LEBAK BULUS,23,0,23,82
202504,10,LEBAK BULUS,27,301,27,133
202504,11,LEBAK BULUS,37,178,37,259
202504,12,LEBAK BULUS,36,187,36,158
202504,13,LEBAK BULUS,38,89,38,168
202504,14,LEBAK BULUS,37,0,37,127
202504,15,LEBAK BULUS,36,0,36,99
202504,16,LEBAK BULUS,37,0,37,97
202504,17,LEBAK BULUS,37,0,37,99
202504,18,LEBAK BULUS,36,0,36,89
202504,19,LEBAK BULUS,38,0,38,91
202504,20,LEBAK BULUS,37,0,37,79
202504,21,LEBAK BULUS,36,0,36,67
202504,22,LEBAK BULUS,37,0,37,71
202504,23,LEBAK BULUS,36,0,36,69
202504,24,LEBAK BULUS,38,0,38,65
202504,25,LEBAK BULUS,37,0,37,59
202504,26,LEBAK BULUS,36,0,36,55
202504,27,LEBAK BULUS,35,0,35,61
202504,28,LEBAK BULUS,35,0,35,55
202504,29,LEBAK BULUS,33,0,33,57
202504,30,LEBAK BULUS,35,0,35,55
202504,1,PINANGRANTI,99,163,99,132
202504,2,PINANGRANTI,99,169,99,168
202504,3,PINANGRANTI,99,175,99,149
202504,4,PINANGRANTI,99,167,99,178
202504,5,PINANGRANTI,89,158,89,179
202601,24,LEBAK BULUS,22,0,22,117
202601,25,LEBAK BULUS,21,0,21,78
202601,26,LEBAK BULUS,18,0,18,56
202601,27,LEBAK BULUS,21,0,21,48
202601,28,LEBAK BULUS,24,15,24,87
202601,29,LEBAK BULUS,22,0,22,120
202601,30,LEBAK BULUS,22,0,22,64
202601,31,LEBAK BULUS,19,0,19,33
202601,1,PINANGRANTI,89,532,89,559
202601,2,PINANGRANTI,89,552,89,576
202601,3,PINANGRANTI,79,583,79,622
202601,4,PINANGRANTI,79,503,79,538
202601,5,PINANGRANTI,89,552,89,596
202601,6,PINANGRANTI,89,572,89,623
202601,7,PINANGRANTI,89,587,89,627
202601,8,PINANGRANTI,89,550,89,600
202601,9,PINANGRANTI,89,607,89,638
202601,10,PINANGRANTI,79,397,79,424
202601,11,PINANGRANTI,79,380,79,399
202601,12,PINANGRANTI,89,538,89,581
202601,13,PINANGRANTI,89,507,89,527
202601,14,PINANGRANTI,90,614,89,642
202601,15,PINANGRANTI,89,616,89,640
202601,16,PINANGRANTI,89,586,89,611
202601,17,PINANGRANTI,79,582,79,582
202601,18,PINANGRANTI,79,566,79,595
202601,19,PINANGRANTI,89,621,89,646
202601,20,PINANGRANTI,89,588,89,613
202601,21,PINANGRANTI,89,600,89,624
202601,22,PINANGRANTI,89,544,89,576
202601,23,PINANGRANTI,89,499,89,538
202601,24,PINANGRANTI,79,421,79,448
202601,25,PINANGRANTI,79,482,79,530
202601,26,PINANGRANTI,89,583,89,610
202601,27,PINANGRANTI,89,566,89,597
202601,28,PINANGRANTI,89,554,89,586
202601,29,PINANGRANTI,89,560,89,601
202601,30,PINANGRANTI,90,558,89,598
202601,31,PINANGRANTI,79,488,79,515
202601,1,RAWAMANGUN,163,445,163,213
202601,2,RAWAMANGUN,163,455,163,205
202601,3,RAWAMANGUN,163,467,163,218
202601,4,RAWAMANGUN,173,465,163,219
202601,5,RAWAMANGUN,163,462,163,207
202601,6,RAWAMANGUN,163,474,163,221
202601,7,RAWAMANGUN,163,472,163,232
202601,8,RAWAMANGUN,163,473,163,231
202601,9,RAWAMANGUN,163,503,163,222
202601,10,RAWAMANGUN,163,434,163,187
202601,11,RAWAMANGUN,163,446,163,200
202601,12,RAWAMANGUN,163,464,163,209
202601,13,RAWAMANGUN,163,477,163,231
202601,14,RAWAMANGUN,163,462,163,220
202601,15,RAWAMANGUN,163,451,163,203
202601,16,RAWAMANGUN,163,455,163,209
202601,17,RAWAMANGUN,163,465,163,212
202601,18,RAWAMANGUN,163,455,163,221
202601,19,RAWAMANGUN,163,462,163,241
202601,20,RAWAMANGUN,163,435,163,261
202601,21,RAWAMANGUN,163,418,163,246
202601,22,RAWAMANGUN,163,435,163,248
202601,23,RAWAMANGUN,163,419,163,223
202505,3,PINANGRANTI,89,172,89,178
202505,4,PINANGRANTI,89,176,89,192
202505,5,PINANGRANTI,99,191,99,219
202505,6,PINANGRANTI,99,197,99,243
202505,7,PINANGRANTI,99,211,99,251
202505,8,PINANGRANTI,99,223,99,237
202505,9,PINANGRANTI,99,229,99,245
202505,10,PINANGRANTI,89,237,89,251
202505,11,PINANGRANTI,89,211,89,227
202505,12,PINANGRANTI,99,198,99,203
202505,13,PINANGRANTI,99,242,99,263
202505,14,PINANGRANTI,99,254,99,279
202505,15,PINANGRANTI,99,251,99,317
202505,16,PINANGRANTI,99,252,99,309
202505,17,PINANGRANTI,89,201,89,214
202505,18,PINANGRANTI,89,241,89,259
202505,19,PINANGRANTI,99,248,99,270
202505,20,PINANGRANTI,99,249,99,278
202505,21,PINANGRANTI,99,269,99,289
202505,22,PINANGRANTI,99,263,99,282
202505,23,PINANGRANTI,99,276,99,292
202505,24,PINANGRANTI,89,276,89,290
202505,25,PINANGRANTI,89,274,89,295
202505,26,PINANGRANTI,99,274,99,293
202505,27,PINANGRANTI,99,282,99,295
202505,28,PINANGRANTI,99,274,99,289
202505,29,PINANGRANTI,99,251,99,269
202505,30,PINANGRANTI,99,252,99,268
202505,31,PINANGRANTI,89,250,89,265
202505,1,RAWAMANGUN,43,327,43,344
202505,2,RAWAMANGUN,44,310,44,336
202505,3,RAWAMANGUN,42,303,42,298
202505,4,RAWAMANGUN,42,282,42,268
202505,5,RAWAMANGUN,43,336,43,329
202505,6,RAWAMANGUN,44,328,44,334
202505,7,RAWAMANGUN,44,317,44,291
202505,8,RAWAMANGUN,44,347,44,354
202505,9,RAWAMANGUN,44,324,44,330
202505,10,RAWAMANGUN,44,333,44,323
202505,11,RAWAMANGUN,44,322,44,301
202505,12,RAWAMANGUN,42,341,42,337
202505,13,RAWAMANGUN,47,328,47,338
202505,14,RAWAMANGUN,47,361,47,374
202505,15,RAWAMANGUN,47,362,47,342
202505,16,RAWAMANGUN,44,296,44,321
202505,17,RAWAMANGUN,44,330,44,320
202505,18,RAWAMANGUN,43,321,43,305
202505,19,RAWAMANGUN,44,366,44,317
202505,20,RAWAMANGUN,43,320,43,307
202505,21,RAWAMANGUN,40,321,40,277
202505,22,RAWAMANGUN,41,294,41,246
202505,23,RAWAMANGUN,42,297,42,281
202505,24,RAWAMANGUN,45,336,45,324
202505,25,RAWAMANGUN,44,307,44,320
202505,26,RAWAMANGUN,47,330,47,328
202505,27,RAWAMANGUN,47,366,47,394
202505,28,RAWAMANGUN,48,400,48,448
202505,29,RAWAMANGUN,46,362,46,384
202505,30,RAWAMANGUN,46,339,46,373
202505,31,RAWAMANGUN,46,341,45,373
202505,1,RAGUNAN,62,1199,62,1197
202505,2,RAGUNAN,66,1175,66,1178
202505,3,RAGUNAN,62,1156,62,1171
202512,16,RAWAMANGUN,166,470,166,177
202512,17,RAWAMANGUN,168,496,168,188
202512,18,RAWAMANGUN,168,503,168,195
202512,19,RAWAMANGUN,168,516,168,206
202512,20,RAWAMANGUN,168,526,168,216
202512,21,RAWAMANGUN,168,538,168,225
202512,22,RAWAMANGUN,168,547,168,234
202512,23,RAWAMANGUN,168,554,168,240
202512,24,RAWAMANGUN,168,566,168,252
202512,25,RAWAMANGUN,168,515,168,260
202512,26,RAWAMANGUN,168,440,168,206
202512,27,RAWAMANGUN,168,448,168,221
202512,28,RAWAMANGUN,168,469,168,246
202512,29,RAWAMANGUN,168,434,168,211
202512,30,RAWAMANGUN,168,452,168,226
202512,31,RAWAMANGUN,168,464,168,229
202512,1,RAGUNAN,65,1105,65,1139
202512,2,RAGUNAN,64,1110,64,1138
202512,3,RAGUNAN,64,1099,64,1120
202512,4,RAGUNAN,65,1154,68,1182
202512,5,RAGUNAN,65,1165,65,1175
202512,6,RAGUNAN,62,1188,62,1255
202512,7,RAGUNAN,60,1197,60,1216
202512,8,RAGUNAN,65,1095,65,1149
202512,9,RAGUNAN,65,1064,65,1137
202512,10,RAGUNAN,65,1093,65,1171
202512,11,RAGUNAN,65,1168,65,1208
202512,12,RAGUNAN,67,1149,67,1209
202512,13,RAGUNAN,64,1184,64,1218
202512,14,RAGUNAN,62,1181,62,1230
202512,15,RAGUNAN,65,1155,65,1138
202512,16,RAGUNAN,65,1134,65,1149
202512,17,RAGUNAN,66,1170,66,1196
202512,18,RAGUNAN,69,1188,69,1219
202512,19,RAGUNAN,69,1186,69,1241
202512,20,RAGUNAN,64,1245,64,1231
202512,21,RAGUNAN,63,1204,63,1290
202512,22,RAGUNAN,65,1144,68,1113
202512,23,RAGUNAN,67,1194,67,1239
202512,24,RAGUNAN,69,1180,69,1232
202512,25,RAGUNAN,69,1193,69,1222
202512,26,RAGUNAN,69,1225,69,1248
202512,27,RAGUNAN,64,1168,64,1211
202512,28,RAGUNAN,62,1168,62,1224
202512,29,RAGUNAN,69,1170,69,1208
202512,30,RAGUNAN,69,1205,69,1224
202512,31,RAGUNAN,69,1184,69,1279
202512,1,BLOK M,415,5349,415,5499
202512,2,BLOK M,423,5303,423,5477
202512,3,BLOK M,423,5337,423,5474
202512,4,BLOK M,425,5439,425,5558
202512,5,BLOK M,420,5377,420,5523
202512,6,BLOK M,345,4530,345,4895
202512,7,BLOK M,341,4597,341,4937
202512,8,BLOK M,417,5236,417,5445
202512,9,BLOK M,409,5328,409,5492
202512,10,BLOK M,426,5306,426,5489
202512,11,BLOK M,425,5196,425,5417
202512,12,BLOK M,421,5243,421,5465
202512,13,BLOK M,347,4703,347,4995
202512,14,BLOK M,348,4655,348,4976
202512,15,BLOK M,428,5486,428,5605
202504,6,PINANGRANTI,89,160,89,186
202504,7,PINANGRANTI,99,146,99,169
202504,8,PINANGRANTI,99,142,99,158
202504,9,PINANGRANTI,99,160,99,166
202504,10,PINANGRANTI,99,154,99,168
202504,11,PINANGRANTI,99,159,99,168
202504,12,PINANGRANTI,89,165,89,170
202504,13,PINANGRANTI,89,152,89,154
202504,14,PINANGRANTI,99,163,99,168
202504,15,PINANGRANTI,99,158,99,170
202504,16,PINANGRANTI,99,139,99,166
202504,17,PINANGRANTI,99,151,99,185
202504,18,PINANGRANTI,99,159,99,161
202504,19,PINANGRANTI,89,162,89,167
202504,20,PINANGRANTI,89,157,89,177
202504,21,PINANGRANTI,99,159,99,167
202504,22,PINANGRANTI,99,153,99,167
202504,23,PINANGRANTI,99,162,99,155
202504,24,PINANGRANTI,99,151,99,176
202504,25,PINANGRANTI,99,159,99,159
202504,26,PINANGRANTI,89,130,89,170
202504,27,PINANGRANTI,89,138,89,177
202504,28,PINANGRANTI,99,137,99,183
202504,29,PINANGRANTI,99,151,99,182
202504,30,PINANGRANTI,99,158,99,175
202504,1,RAWAMANGUN,42,309,42,322
202504,2,RAWAMANGUN,46,330,46,343
202504,3,RAWAMANGUN,45,328,45,365
202504,4,RAWAMANGUN,45,324,45,309
202504,5,RAWAMANGUN,44,346,44,319
202504,6,RAWAMANGUN,46,332,46,331
202504,7,RAWAMANGUN,43,317,43,328
202504,8,RAWAMANGUN,44,323,44,340
202504,9,RAWAMANGUN,44,324,44,310
202504,10,RAWAMANGUN,44,317,44,338
202504,11,RAWAMANGUN,43,322,43,330
202504,12,RAWAMANGUN,44,311,44,310
202504,13,RAWAMANGUN,45,315,45,323
202504,14,RAWAMANGUN,44,324,44,320
202504,15,RAWAMANGUN,42,335,42,345
202504,16,RAWAMANGUN,45,337,45,322
202504,17,RAWAMANGUN,44,353,44,324
202504,18,RAWAMANGUN,46,337,46,362
202504,19,RAWAMANGUN,43,332,43,311
202504,20,RAWAMANGUN,44,306,44,286
202504,21,RAWAMANGUN,43,344,43,326
202504,22,RAWAMANGUN,44,313,44,321
202504,23,RAWAMANGUN,44,324,44,335
202504,24,RAWAMANGUN,45,324,45,331
202504,25,RAWAMANGUN,45,325,45,337
202504,26,RAWAMANGUN,43,334,43,329
202504,27,RAWAMANGUN,44,320,44,343
202504,28,RAWAMANGUN,44,331,44,314
202504,29,RAWAMANGUN,42,317,42,319
202504,30,RAWAMANGUN,45,357,45,352
202504,1,RAGUNAN,64,1498,64,1536
202504,2,RAGUNAN,71,1516,71,1516
202504,3,RAGUNAN,73,1563,73,1517
202504,4,RAGUNAN,73,1531,73,1536
202504,5,RAGUNAN,68,1491,68,1545
202504,6,RAGUNAN,66,1529,66,1540
202504,7,RAGUNAN,73,1520,73,1545
202504,8,RAGUNAN,73,1476,73,1496
202601,24,RAWAMANGUN,163,411,163,229
202601,25,RAWAMANGUN,163,424,163,245
202601,26,RAWAMANGUN,163,442,163,250
202601,27,RAWAMANGUN,163,452,163,260
202601,28,RAWAMANGUN,163,453,163,262
202601,29,RAWAMANGUN,163,441,47,244
202601,30,RAWAMANGUN,163,435,163,263
202601,31,RAWAMANGUN,163,485,163,253
202601,1,RAGUNAN,58,1103,58,1124
202601,2,RAGUNAN,69,1144,69,1170
202601,3,RAGUNAN,64,1147,64,1159
202601,4,RAGUNAN,62,1178,62,1180
202601,5,RAGUNAN,61,1119,61,1156
202601,6,RAGUNAN,65,1145,65,1170
202601,7,RAGUNAN,65,1127,65,1175
202601,8,RAGUNAN,67,1154,67,1163
202601,9,RAGUNAN,68,1153,68,1190
202601,10,RAGUNAN,63,1165,63,1178
202601,11,RAGUNAN,61,1150,61,1154
202601,12,RAGUNAN,65,1151,65,1190
202601,13,RAGUNAN,65,1147,65,1170
202601,14,RAGUNAN,66,1156,66,1190
202601,15,RAGUNAN,66,1160,66,1178
202601,16,RAGUNAN,63,1132,63,1174
202601,17,RAGUNAN,61,1163,61,1173
202601,18,RAGUNAN,61,1190,61,1207
202601,19,RAGUNAN,65,1130,65,1154
202601,20,RAGUNAN,65,1142,65,1174
202601,21,RAGUNAN,65,1128,65,1159
202601,22,RAGUNAN,66,1191,66,1207
202601,23,RAGUNAN,65,1173,65,1200
202601,24,RAGUNAN,62,1192,62,1186
202601,25,RAGUNAN,61,1184,61,1203
202601,26,RAGUNAN,65,1139,65,1137
202601,27,RAGUNAN,65,1109,65,1135
202601,28,RAGUNAN,65,1150,65,1165
202601,29,RAGUNAN,65,1173,65,1194
202601,30,RAGUNAN,65,1181,65,1205
202601,31,RAGUNAN,63,1212,63,1219
202601,1,BLOK M,395,5019,395,5741
202601,2,BLOK M,488,5613,488,6112
202601,3,BLOK M,416,5403,416,5916
202601,4,BLOK M,409,5312,409,5849
202601,5,BLOK M,518,6196,518,6518
202601,6,BLOK M,515,6270,515,6585
202601,7,BLOK M,521,6216,521,6552
202601,8,BLOK M,519,6059,519,6481
202601,9,BLOK M,506,6041,506,6477
202601,10,BLOK M,437,5343,437,5919
202601,11,BLOK M,420,5217,420,5803
202601,12,BLOK M,520,6177,520,6556
202601,13,BLOK M,532,6124,532,6533
202601,14,BLOK M,541,6349,541,6680
202601,15,BLOK M,538,6209,538,6625
202601,16,BLOK M,420,5246,420,5879
202601,17,BLOK M,440,5139,440,5811
202601,18,BLOK M,422,5318,422,5920
202601,19,BLOK M,522,6171,522,6522
202601,20,BLOK M,504,6120,504,6492
202601,21,BLOK M,523,6162,523,6532
202601,22,BLOK M,520,6170,520,6551
202601,23,BLOK M,515,6169,515,6540
202505,4,RAGUNAN,60,1178,60,1185
202505,5,RAGUNAN,65,1177,65,1178
202505,6,RAGUNAN,65,1167,68,1186
202505,7,RAGUNAN,65,1147,65,1161
202505,8,RAGUNAN,65,1176,65,1172
202505,9,RAGUNAN,65,1154,65,1177
202505,10,RAGUNAN,62,1212,62,1231
202505,11,RAGUNAN,61,1202,61,1205
202505,12,RAGUNAN,61,1241,61,920
202505,13,RAGUNAN,61,1174,61,1178
202505,14,RAGUNAN,66,1146,66,1158
202505,15,RAGUNAN,66,1154,66,1168
202505,16,RAGUNAN,65,1152,65,1143
202505,17,RAGUNAN,60,1161,60,1160
202505,18,RAGUNAN,60,1171,60,1161
202505,19,RAGUNAN,65,1165,65,1160
202505,20,RAGUNAN,65,1165,65,1170
202505,21,RAGUNAN,65,1159,65,1183
202505,22,RAGUNAN,65,1172,65,1159
202505,23,RAGUNAN,65,1160,65,1185
202505,24,RAGUNAN,61,1149,61,1156
202505,25,RAGUNAN,59,1161,59,1148
202505,26,RAGUNAN,65,1144,65,1165
202505,27,RAGUNAN,65,1151,65,1168
202505,28,RAGUNAN,65,1128,65,1162
202505,29,RAGUNAN,61,1118,61,1197
202505,30,RAGUNAN,60,1157,60,1176
202505,31,RAGUNAN,60,1159,60,1198
202505,1,BLOK M,289,4485,289,4925
202505,2,BLOK M,338,5261,338,5482
202505,3,BLOK M,278,4405,278,4855
202505,4,BLOK M,270,4418,270,4870
202505,5,BLOK M,337,5219,337,5455
202505,6,BLOK M,348,4994,348,5325
202505,7,BLOK M,354,5311,354,5539
202505,8,BLOK M,351,5360,351,5557
202505,9,BLOK M,360,5389,360,5589
202505,10,BLOK M,299,4595,299,4984
202505,11,BLOK M,284,4358,284,4795
202505,12,BLOK M,285,4389,285,4817
202505,13,BLOK M,301,4768,301,5109
202505,14,BLOK M,344,5344,344,5514
202505,15,BLOK M,340,5400,340,5568
202505,16,BLOK M,338,5222,338,5449
202505,17,BLOK M,287,4531,287,4921
202505,18,BLOK M,265,4175,265,4650
202505,19,BLOK M,350,5010,350,5304
202505,20,BLOK M,352,5213,352,5449
202505,21,BLOK M,359,5378,359,5561
202505,22,BLOK M,349,5264,349,5472
202505,23,BLOK M,361,5242,361,5475
202505,24,BLOK M,293,4552,293,4907
202505,25,BLOK M,298,4471,298,4898
202505,26,BLOK M,374,5366,374,5548
202505,27,BLOK M,385,5477,385,5641
202505,28,BLOK M,388,5415,388,5605
202505,29,BLOK M,305,4558,305,4997
202505,30,BLOK M,318,4769,318,5145
202505,31,BLOK M,294,4658,294,5039
202505,1,CILILITAN,235,27520,235,30935
202505,2,CILILITAN,235,28295,235,29291
202505,3,CILILITAN,196,19021,196,21672
202505,4,CILILITAN,196,17252,196,21713
202511,1,KAMPUNG RAMBUTAN,190,842,71,494
202511,2,KAMPUNG RAMBUTAN,201,931,59,495
202511,3,KAMPUNG RAMBUTAN,205,821,55,397
202511,4,KAMPUNG RAMBUTAN,181,751,75,416
202511,5,KAMPUNG RAMBUTAN,163,703,78,446
202511,6,KAMPUNG RAMBUTAN,172,731,72,442
202511,7,KAMPUNG RAMBUTAN,179,848,54,525
202511,8,KAMPUNG RAMBUTAN,207,891,58,415
202511,9,KAMPUNG RAMBUTAN,199,965,61,503
202511,10,KAMPUNG RAMBUTAN,193,815,73,489
202511,11,KAMPUNG RAMBUTAN,179,783,54,272
202511,12,KAMPUNG RAMBUTAN,175,683,71,426
202511,13,KAMPUNG RAMBUTAN,180,704,62,302
202511,14,KAMPUNG RAMBUTAN,182,613,79,571
202511,15,KAMPUNG RAMBUTAN,203,732,54,376
202511,16,KAMPUNG RAMBUTAN,198,771,64,487
202511,17,KAMPUNG RAMBUTAN,195,1077,64,376
202511,18,KAMPUNG RAMBUTAN,165,693,53,434
202511,19,KAMPUNG RAMBUTAN,175,830,58,375
202511,20,KAMPUNG RAMBUTAN,164,750,74,392
202511,21,KAMPUNG RAMBUTAN,177,833,75,526
202511,22,KAMPUNG RAMBUTAN,183,942,57,364
202511,23,KAMPUNG RAMBUTAN,196,990,60,451
202511,24,KAMPUNG RAMBUTAN,183,889,53,476
202511,25,KAMPUNG RAMBUTAN,160,780,55,345
202511,26,KAMPUNG RAMBUTAN,154,653,57,437
202511,27,KAMPUNG RAMBUTAN,176,691,63,313
202511,28,KAMPUNG RAMBUTAN,168,683,78,601
202511,29,KAMPUNG RAMBUTAN,156,625,47,417
202511,30,KAMPUNG RAMBUTAN,210,967,84,474
202511,1,KALIDERES,92,663,81,722
202511,2,KALIDERES,89,686,78,698
202511,3,KALIDERES,86,715,76,657
202511,4,KALIDERES,84,694,74,639
202511,5,KALIDERES,81,669,71,605
202511,6,KALIDERES,78,638,68,640
202511,7,KALIDERES,84,607,74,684
202511,8,KALIDERES,89,643,78,712
202511,9,KALIDERES,87,661,78,696
202511,10,KALIDERES,84,702,74,661
202511,11,KALIDERES,81,674,71,635
202511,12,KALIDERES,77,643,67,618
202511,13,KALIDERES,81,616,71,647
202511,14,KALIDERES,86,635,76,679
202511,15,KALIDERES,91,654,80,715
202511,16,KALIDERES,88,679,77,880
202511,17,KALIDERES,85,718,75,664
202511,18,KALIDERES,82,687,72,632
202511,19,KALIDERES,78,643,68,605
202511,20,KALIDERES,81,611,71,646
202511,21,KALIDERES,86,632,76,671
202511,22,KALIDERES,91,654,80,725
202511,23,KALIDERES,87,670,76,683
202511,24,KALIDERES,84,729,74,650
202511,25,KALIDERES,81,688,71,624
202511,26,KALIDERES,77,657,67,602
202511,27,KALIDERES,80,633,70,635
202511,28,KALIDERES,85,611,75,676
202511,29,KALIDERES,91,645,80,718
202511,30,KALIDERES,87,702,76,687
202511,1,TANJUNG PRIOK,94,316,75,332
202504,9,RAGUNAN,71,1416,71,1410
202504,10,RAGUNAN,69,1385,69,1396
202504,11,RAGUNAN,69,1245,69,1276
202504,12,RAGUNAN,64,1196,64,1261
202504,13,RAGUNAN,63,1163,63,1131
202504,14,RAGUNAN,66,1122,66,1130
202504,15,RAGUNAN,66,1250,66,1274
202504,16,RAGUNAN,66,1152,66,1198
202504,17,RAGUNAN,66,1148,66,1165
202504,18,RAGUNAN,65,1173,65,1217
202504,19,RAGUNAN,63,1172,63,1178
202504,20,RAGUNAN,60,1177,60,1186
202504,21,RAGUNAN,66,1156,66,1184
202504,22,RAGUNAN,66,1159,66,1188
202504,23,RAGUNAN,66,1166,66,1161
202504,24,RAGUNAN,66,1168,66,1163
202504,25,RAGUNAN,66,1198,66,1196
202504,26,RAGUNAN,62,1138,62,1143
202504,27,RAGUNAN,60,1131,60,1134
202504,28,RAGUNAN,66,1155,66,1171
202504,29,RAGUNAN,66,1167,66,1165
202504,30,RAGUNAN,68,1196,68,1215
202504,1,BLOK M,280,3403,280,4020
202504,2,BLOK M,283,3857,283,4308
202504,3,BLOK M,288,3975,288,4397
202504,4,BLOK M,296,4056,296,4485
202504,5,BLOK M,296,3832,296,4344
202504,6,BLOK M,290,3859,290,4385
202504,7,BLOK M,288,4248,288,4590
202504,8,BLOK M,317,4695,317,4949
202504,9,BLOK M,316,5100,316,5189
202504,10,BLOK M,328,4980,328,5166
202504,11,BLOK M,330,5271,330,5419
202504,12,BLOK M,279,4447,279,4827
202504,13,BLOK M,283,4353,283,4782
202504,14,BLOK M,344,4436,344,4832
202504,15,BLOK M,343,4359,343,4785
202504,16,BLOK M,330,4131,330,4712
202504,17,BLOK M,335,5248,335,5417
202504,18,BLOK M,263,4261,263,4644
202504,19,BLOK M,250,4388,250,4726
202504,20,BLOK M,250,4265,250,4649
202504,21,BLOK M,341,5205,341,5402
202504,22,BLOK M,333,5229,333,5416
202504,23,BLOK M,336,5399,336,5531
202504,24,BLOK M,365,5177,365,5405
202504,25,BLOK M,355,5087,355,5341
202504,26,BLOK M,284,4479,284,4865
202504,27,BLOK M,280,4955,280,5183
202504,28,BLOK M,368,5250,368,5472
202504,29,BLOK M,365,5419,365,5588
202504,30,BLOK M,351,5096,351,5364
202504,1,CILILITAN,215,11998,215,13710
202504,2,CILILITAN,215,14105,215,17282
202504,3,CILILITAN,215,14702,215,17648
202504,4,CILILITAN,215,14340,215,19993
202504,5,CILILITAN,186,14696,186,17244
202504,6,CILILITAN,186,14674,186,17712
202504,7,CILILITAN,215,18391,215,22506
202504,8,CILILITAN,234,22593,234,27535
202504,9,CILILITAN,234,24881,234,29661
202504,10,CILILITAN,234,25073,234,29516
202504,11,CILILITAN,234,26340,234,28823
202601,24,BLOK M,413,5514,413,6063
202601,25,BLOK M,427,5385,427,5955
202601,26,BLOK M,524,6248,523,6596
202601,27,BLOK M,528,6134,528,6576
202601,28,BLOK M,521,6198,521,6617
202601,29,BLOK M,526,6164,526,6557
202601,30,BLOK M,524,6176,524,6551
202601,31,BLOK M,428,5462,428,6006
202601,1,CILILITAN,232,6970,232,8895
202601,2,CILILITAN,221,7998,221,9169
202601,3,CILILITAN,223,7906,223,8174
202601,4,CILILITAN,194,9272,194,9768
202601,5,CILILITAN,206,10217,206,10608
202601,6,CILILITAN,235,11086,235,11433
202601,7,CILILITAN,235,11351,235,11329
202601,8,CILILITAN,235,12004,235,12299
202601,9,CILILITAN,235,12189,235,12485
202601,10,CILILITAN,226,11126,226,10629
202601,11,CILILITAN,197,10355,197,9949
202601,12,CILILITAN,235,10432,235,10670
202601,13,CILILITAN,235,11972,235,9992
202601,14,CILILITAN,235,12245,235,12608
202601,15,CILILITAN,234,10904,234,11238
202601,16,CILILITAN,196,9842,196,10004
202601,17,CILILITAN,196,9815,196,10197
202601,18,CILILITAN,197,9383,197,9796
202601,19,CILILITAN,235,12371,235,12792
202601,20,CILILITAN,235,10461,235,10173
202601,21,CILILITAN,235,8945,235,10590
202601,22,CILILITAN,235,11246,235,11600
202601,23,CILILITAN,235,11091,235,11733
202601,24,CILILITAN,197,9473,197,9477
202601,25,CILILITAN,197,10018,197,10319
202601,26,CILILITAN,235,10228,235,10537
202601,27,CILILITAN,234,11762,234,11336
202601,28,CILILITAN,234,12044,234,12116
202601,29,CILILITAN,235,31610,235,10592
202601,30,CILILITAN,233,12017,233,11118
202601,31,CILILITAN,226,11471,226,9901
202601,1,KLENDER,1299,5133,1301,5992
202601,2,KLENDER,990,7544,1006,7578
202601,3,KLENDER,910,5744,928,7521
202601,4,KLENDER,923,5121,925,9169
202601,5,KLENDER,919,6853,921,10280
202601,6,KLENDER,913,8972,918,10998
202601,7,KLENDER,1064,6805,1066,1545
202601,8,KLENDER,1104,8488,1106,1520
202601,9,KLENDER,1101,8601,1102,11142
202601,10,KLENDER,918,6132,919,7478
202601,11,KLENDER,870,5421,872,7891
202601,12,KLENDER,1058,8185,1063,9037
202601,13,KLENDER,1053,9241,1048,9968
202601,14,KLENDER,853,5362,858,7841
202601,15,KLENDER,596,9953,591,9069
202601,16,KLENDER,492,3346,517,5357
202601,17,KLENDER,505,4962,479,5460
202601,18,KLENDER,425,3614,412,4373
202601,19,KLENDER,492,3346,517,5357
202601,20,KLENDER,391,1250,361,1098
202601,21,KLENDER,491,1028,480,619
202601,22,KLENDER,594,862,571,744
202505,5,CILILITAN,235,27426,235,31412
202505,6,CILILITAN,235,27221,235,31597
202505,7,CILILITAN,235,27151,235,33707
202505,8,CILILITAN,235,27971,235,31322
202505,9,CILILITAN,235,27269,235,31076
202505,10,CILILITAN,196,19550,196,22410
202505,11,CILILITAN,196,18231,196,22004
202505,12,CILILITAN,196,17932,196,22575
202505,13,CILILITAN,196,18723,196,23191
202505,14,CILILITAN,235,28188,235,30992
202505,15,CILILITAN,234,27800,234,30738
202505,16,CILILITAN,234,28131,234,30771
202505,17,CILILITAN,196,19145,196,20916
202505,18,CILILITAN,196,18194,196,21802
202505,19,CILILITAN,235,27548,235,31111
202505,20,CILILITAN,235,26989,235,31887
202505,21,CILILITAN,235,27407,235,31192
202505,22,CILILITAN,235,27307,235,33066
202505,23,CILILITAN,235,26779,235,30524
202505,24,CILILITAN,196,18869,196,21330
202505,25,CILILITAN,196,17903,196,19492
202505,26,CILILITAN,235,27481,235,30880
202505,27,CILILITAN,235,28274,235,32371
202505,28,CILILITAN,235,28693,235,32185
202505,29,CILILITAN,225,17886,225,20597
202505,30,CILILITAN,196,18774,196,22208
202505,31,CILILITAN,196,18233,196,21705
202505,1,KLENDER,134,291,137,296
202505,2,KLENDER,138,307,141,311
202505,3,KLENDER,134,290,137,297
202505,4,KLENDER,136,287,138,294
202505,5,KLENDER,137,287,139,294
202505,6,KLENDER,139,291,142,300
202505,7,KLENDER,136,288,138,296
202505,8,KLENDER,140,288,143,293
202505,9,KLENDER,140,295,142,297
202505,10,KLENDER,138,292,141,297
202505,11,KLENDER,135,290,138,296
202505,12,KLENDER,139,294,142,301
202505,13,KLENDER,137,290,140,297
202505,14,KLENDER,138,296,141,301
202505,15,KLENDER,140,293,142,300
202505,16,KLENDER,138,294,140,300
202505,17,KLENDER,141,299,142,305
202505,18,KLENDER,137,302,141,309
202505,19,KLENDER,133,287,135,292
202505,20,KLENDER,138,294,140,300
202505,21,KLENDER,136,297,139,303
202505,22,KLENDER,137,300,138,308
202505,23,KLENDER,139,297,141,304
202505,24,KLENDER,142,304,143,310
202505,25,KLENDER,138,305,141,309
202505,26,KLENDER,137,303,140,308
202505,27,KLENDER,139,299,138,309
202505,28,KLENDER,136,288,138,292
202505,29,KLENDER,138,291,140,297
202505,30,KLENDER,138,298,141,305
202505,31,KLENDER,137,304,139,310
202505,1,PASAR MINGGU,110,238,110,251
202505,2,PASAR MINGGU,112,234,112,247
202505,3,PASAR MINGGU,107,232,107,239
202505,4,PASAR MINGGU,112,243,112,255
202511,2,TANJUNG PRIOK,93,302,75,326
202511,3,TANJUNG PRIOK,78,234,69,272
202511,4,TANJUNG PRIOK,76,261,70,239
202511,5,TANJUNG PRIOK,83,276,74,296
202511,6,TANJUNG PRIOK,78,238,70,264
202511,7,TANJUNG PRIOK,90,318,81,386
202511,8,TANJUNG PRIOK,94,352,86,412
202511,9,TANJUNG PRIOK,94,341,75,364
202511,10,TANJUNG PRIOK,88,233,80,242
202511,11,TANJUNG PRIOK,80,219,72,238
202511,12,TANJUNG PRIOK,79,236,72,211
202511,13,TANJUNG PRIOK,82,246,72,218
202511,14,TANJUNG PRIOK,91,322,82,389
202511,15,TANJUNG PRIOK,92,363,84,287
202511,16,TANJUNG PRIOK,94,286,86,312
202511,17,TANJUNG PRIOK,87,302,80,268
202511,18,TANJUNG PRIOK,89,342,81,312
202511,19,TANJUNG PRIOK,88,266,79,274
202511,20,TANJUNG PRIOK,91,242,81,264
202511,21,TANJUNG PRIOK,93,351,94,347
202511,22,TANJUNG PRIOK,92,379,79,390
202511,23,TANJUNG PRIOK,92,298,82,316
202511,24,TANJUNG PRIOK,90,312,81,268
202511,25,TANJUNG PRIOK,89,266,79,288
202511,26,TANJUNG PRIOK,88,296,78,304
202511,27,TANJUNG PRIOK,93,264,82,312
202511,28,TANJUNG PRIOK,94,423,82,418
202511,29,TANJUNG PRIOK,90,411,81,399
202511,30,TANJUNG PRIOK,92,316,82,358
202511,1,GROGOL,115,48,115,122
202511,2,GROGOL,107,54,107,114
202511,3,GROGOL,112,45,112,104
202511,4,GROGOL,101,41,101,96
202511,5,GROGOL,108,46,108,103
202511,6,GROGOL,112,37,112,117
202511,7,GROGOL,117,43,117,125
202511,8,GROGOL,114,49,114,131
202511,9,GROGOL,117,53,117,122
202511,10,GROGOL,115,64,115,129
202511,11,GROGOL,119,67,119,116
202511,12,GROGOL,101,52,101,109
202511,13,GROGOL,108,57,108,118
202511,14,GROGOL,113,52,113,147
202511,15,GROGOL,117,56,117,155
202511,16,GROGOL,112,51,112,147
202511,17,GROGOL,118,58,118,152
202511,18,GROGOL,113,47,113,137
202511,19,GROGOL,111,39,111,129
202511,20,GROGOL,116,44,116,138
202511,21,GROGOL,121,35,121,162
202511,22,GROGOL,118,32,118,169
202511,23,GROGOL,114,43,114,141
202511,24,GROGOL,119,58,119,136
202511,25,GROGOL,108,49,108,125
202511,26,GROGOL,102,38,102,116
202511,27,GROGOL,111,44,111,134
202511,28,GROGOL,117,47,117,166
202511,29,GROGOL,115,38,115,158
202511,30,GROGOL,108,42,108,141
202511,1,MUARA ANGKE,5,51,5,68
202511,2,MUARA ANGKE,5,48,5,61
202511,3,MUARA ANGKE,5,59,5,51
202504,12,CILILITAN,195,17417,195,19960
202504,13,CILILITAN,195,16995,195,20221
202504,14,CILILITAN,233,25724,233,30129
202504,15,CILILITAN,234,26800,234,28428
202504,16,CILILITAN,234,26402,234,30694
202504,17,CILILITAN,234,27070,234,30547
202504,18,CILILITAN,224,18740,224,22169
202504,19,CILILITAN,195,18558,195,21231
202504,20,CILILITAN,196,16798,196,21401
202504,21,CILILITAN,234,25886,234,31479
202504,22,CILILITAN,235,26448,235,29892
202504,23,CILILITAN,235,26848,235,31419
202504,24,CILILITAN,235,27919,235,31807
202504,25,CILILITAN,235,26555,235,30102
202504,26,CILILITAN,196,18132,206,21237
202504,27,CILILITAN,196,17907,196,21654
202504,28,CILILITAN,235,26204,235,29968
202504,29,CILILITAN,235,26971,235,31080
202504,30,CILILITAN,235,27429,235,31516
202504,1,KLENDER,138,314,141,320
202504,2,KLENDER,137,300,139,308
202504,3,KLENDER,134,291,137,296
202504,4,KLENDER,136,284,138,291
202504,5,KLENDER,132,287,136,295
202504,6,KLENDER,135,290,138,295
202504,7,KLENDER,139,291,140,295
202504,8,KLENDER,139,290,142,300
202504,9,KLENDER,137,292,139,297
202504,10,KLENDER,138,293,140,305
202504,11,KLENDER,138,282,141,290
202504,12,KLENDER,137,292,139,297
202504,13,KLENDER,135,285,139,302
202504,14,KLENDER,137,282,140,292
202504,15,KLENDER,137,292,139,297
202504,16,KLENDER,138,286,141,291
202504,17,KLENDER,140,283,142,291
202504,18,KLENDER,134,282,138,288
202504,19,KLENDER,137,285,140,296
202504,20,KLENDER,139,292,142,300
202504,21,KLENDER,136,293,138,297
202504,22,KLENDER,138,294,140,300
202504,23,KLENDER,138,314,141,320
202504,24,KLENDER,137,300,139,308
202504,25,KLENDER,137,294,140,301
202504,26,KLENDER,139,293,141,302
202504,27,KLENDER,136,292,138,297
202504,28,KLENDER,138,292,140,301
202504,29,KLENDER,136,295,138,301
202504,30,KLENDER,139,287,141,298
202504,1,PASAR MINGGU,93,179,93,186
202504,2,PASAR MINGGU,96,186,96,189
202504,3,PASAR MINGGU,96,187,96,193
202504,4,PASAR MINGGU,100,190,100,199
202504,5,PASAR MINGGU,102,192,102,203
202504,6,PASAR MINGGU,103,197,103,206
202504,7,PASAR MINGGU,102,201,102,215
202504,8,PASAR MINGGU,105,207,105,220
202504,9,PASAR MINGGU,107,213,107,229
202504,10,PASAR MINGGU,110,217,109,229
202504,11,PASAR MINGGU,109,222,109,239
202504,12,PASAR MINGGU,109,227,109,244
202504,13,PASAR MINGGU,107,232,107,242
202601,23,KLENDER,483,1061,435,702
202601,24,KLENDER,446,1035,426,694
202601,25,KLENDER,503,905,473,633
202601,26,KLENDER,623,1085,588,830
202601,27,KLENDER,633,1044,608,811
202601,28,KLENDER,602,1106,576,799
202601,29,KLENDER,624,1130,595,898
202601,30,KLENDER,581,1017,537,754
202601,31,KLENDER,510,941,453,756
202601,1,PASAR MINGGU,110,286,110,297
202601,2,PASAR MINGGU,112,287,112,297
202601,3,PASAR MINGGU,109,288,109,299
202601,4,PASAR MINGGU,111,282,111,293
202601,5,PASAR MINGGU,116,285,116,301
202601,6,PASAR MINGGU,112,286,112,295
202601,7,PASAR MINGGU,112,287,112,301
202601,8,PASAR MINGGU,111,293,111,306
202601,9,PASAR MINGGU,114,290,114,295
202601,10,PASAR MINGGU,117,290,117,301
202601,11,PASAR MINGGU,115,283,115,294
202601,12,PASAR MINGGU,111,287,111,297
202601,13,PASAR MINGGU,112,286,112,299
202601,14,PASAR MINGGU,110,289,110,299
202601,15,PASAR MINGGU,113,299,128,301
202601,16,PASAR MINGGU,116,302,116,304
202601,17,PASAR MINGGU,119,300,119,305
202601,18,PASAR MINGGU,114,287,114,301
202601,19,PASAR MINGGU,114,289,114,307
202601,20,PASAR MINGGU,116,293,116,304
202601,21,PASAR MINGGU,116,288,116,299
202601,22,PASAR MINGGU,115,285,115,297
202601,23,PASAR MINGGU,115,294,115,299
202601,24,PASAR MINGGU,119,297,119,301
202601,25,PASAR MINGGU,114,291,114,299
202601,26,PASAR MINGGU,115,298,115,309
202601,27,PASAR MINGGU,116,290,116,301
202601,28,PASAR MINGGU,116,289,116,299
202601,29,PASAR MINGGU,116,296,116,302
202601,30,PASAR MINGGU,118,298,118,306
202601,31,PASAR MINGGU,114,291,114,295
202601,1,KAMPUNG MELAYU,380,3728,380,4034
202601,2,KAMPUNG MELAYU,376,5470,376,6157
202601,3,KAMPUNG MELAYU,390,6019,390,6220
202601,4,KAMPUNG MELAYU,362,5803,362,5165
202601,5,KAMPUNG MELAYU,488,7644,488,9089
202601,6,KAMPUNG MELAYU,335,6583,347,6333
202601,7,KAMPUNG MELAYU,302,5313,302,5533
202601,8,KAMPUNG MELAYU,423,4557,423,4803
202601,9,KAMPUNG MELAYU,303,4997,303,4177
202601,10,KAMPUNG MELAYU,233,4607,239,3886
202601,11,KAMPUNG MELAYU,316,4585,315,4873
202601,12,KAMPUNG MELAYU,338,5519,339,5038
202601,13,KAMPUNG MELAYU,416,5380,416,4317
202601,14,KAMPUNG MELAYU,322,4905,328,5956
202601,15,KAMPUNG MELAYU,350,5412,349,5987
202601,16,KAMPUNG MELAYU,395,4740,395,4364
202601,17,KAMPUNG MELAYU,368,4708,368,6078
202601,18,KAMPUNG MELAYU,279,3554,279,5890
202601,19,KAMPUNG MELAYU,360,3429,360,4853
202601,20,KAMPUNG MELAYU,325,5648,324,6806
202505,5,PASAR MINGGU,110,236,110,249
202505,6,PASAR MINGGU,109,238,109,247
202505,7,PASAR MINGGU,108,244,108,256
202505,8,PASAR MINGGU,109,247,109,257
202505,9,PASAR MINGGU,109,250,109,261
202505,10,PASAR MINGGU,109,240,109,253
202505,11,PASAR MINGGU,109,242,109,252
202505,12,PASAR MINGGU,111,254,111,255
202505,13,PASAR MINGGU,110,238,110,254
202505,14,PASAR MINGGU,107,235,107,247
202505,15,PASAR MINGGU,109,241,109,254
202505,16,PASAR MINGGU,110,243,110,253
202505,17,PASAR MINGGU,108,235,108,247
202505,18,PASAR MINGGU,108,238,108,249
202505,19,PASAR MINGGU,110,240,110,251
202505,20,PASAR MINGGU,110,247,110,257
202505,21,PASAR MINGGU,107,237,107,248
202505,22,PASAR MINGGU,110,240,110,250
202505,23,PASAR MINGGU,110,235,110,243
202505,24,PASAR MINGGU,107,233,107,245
202505,25,PASAR MINGGU,104,237,104,248
202505,26,PASAR MINGGU,109,244,109,253
202505,27,PASAR MINGGU,108,242,108,250
202505,28,PASAR MINGGU,109,238,109,248
202505,29,PASAR MINGGU,111,243,111,254
202505,30,PASAR MINGGU,109,238,109,237
202505,31,PASAR MINGGU,105,232,105,243
202505,1,KAMPUNG MELAYU,204,2341,202,2979
202505,2,KAMPUNG MELAYU,321,3907,321,4969
202505,3,KAMPUNG MELAYU,193,1855,201,2380
202505,4,KAMPUNG MELAYU,265,3437,265,4219
202505,5,KAMPUNG MELAYU,330,3737,330,3564
202505,6,KAMPUNG MELAYU,248,4664,248,4292
202505,7,KAMPUNG MELAYU,281,4121,281,4234
202505,8,KAMPUNG MELAYU,369,8152,369,7615
202505,9,KAMPUNG MELAYU,259,3572,259,3473
202505,10,KAMPUNG MELAYU,211,2668,217,2323
202505,11,KAMPUNG MELAYU,252,2645,252,2422
202505,12,KAMPUNG MELAYU,222,2763,222,2354
202505,13,KAMPUNG MELAYU,241,2960,241,3401
202505,14,KAMPUNG MELAYU,307,4809,307,5189
202505,15,KAMPUNG MELAYU,296,3759,296,3948
202505,16,KAMPUNG MELAYU,246,3574,246,4382
202505,17,KAMPUNG MELAYU,254,1939,254,2048
202505,18,KAMPUNG MELAYU,226,2421,226,1955
202505,19,KAMPUNG MELAYU,290,4299,290,4420
202505,20,KAMPUNG MELAYU,318,4169,318,3934
202505,21,KAMPUNG MELAYU,248,3659,248,3984
202505,22,KAMPUNG MELAYU,319,5637,319,5016
202505,23,KAMPUNG MELAYU,280,3049,280,3808
202505,24,KAMPUNG MELAYU,306,2096,306,2085
202505,25,KAMPUNG MELAYU,226,2689,226,3587
202505,26,KAMPUNG MELAYU,299,5343,299,6790
202505,27,KAMPUNG MELAYU,296,4191,296,5008
202505,28,KAMPUNG MELAYU,354,3874,354,3391
202505,29,KAMPUNG MELAYU,247,2202,247,2391
202505,30,KAMPUNG MELAYU,281,2720,282,2761
202505,31,KAMPUNG MELAYU,448,3094,448,5160
202505,1,SENEN,239,1364,239,1762
202505,2,SENEN,236,1328,236,1698
202511,4,MUARA ANGKE,5,49,5,55
202511,5,MUARA ANGKE,5,47,5,59
202511,6,MUARA ANGKE,5,59,5,51
202511,7,MUARA ANGKE,5,41,5,60
202511,8,MUARA ANGKE,5,53,5,64
202511,9,MUARA ANGKE,5,50,5,58
202511,10,MUARA ANGKE,5,50,5,59
202511,11,MUARA ANGKE,5,62,5,50
202511,12,MUARA ANGKE,5,41,5,56
202511,13,MUARA ANGKE,5,47,5,52
202511,14,MUARA ANGKE,5,39,5,59
202511,15,MUARA ANGKE,5,62,5,50
202511,16,MUARA ANGKE,5,52,5,63
202511,17,MUARA ANGKE,5,52,5,63
202511,18,MUARA ANGKE,5,59,5,51
202511,19,MUARA ANGKE,5,59,5,51
202511,20,MUARA ANGKE,5,47,5,52
202511,21,MUARA ANGKE,5,51,5,57
202511,22,MUARA ANGKE,5,43,5,62
202511,23,MUARA ANGKE,5,40,5,67
202511,24,MUARA ANGKE,5,41,5,56
202511,25,MUARA ANGKE,5,57,5,49
202511,26,MUARA ANGKE,5,62,5,50
202511,27,MUARA ANGKE,5,47,5,52
202511,28,MUARA ANGKE,5,48,5,61
202511,29,MUARA ANGKE,5,51,5,68
202511,30,MUARA ANGKE,5,48,5,61
202511,1,LEBAK BULUS,23,0,23,33
202511,2,LEBAK BULUS,30,0,30,48
202511,3,LEBAK BULUS,31,0,31,46
202511,4,LEBAK BULUS,30,0,30,47
202511,5,LEBAK BULUS,30,0,30,49
202511,6,LEBAK BULUS,30,0,30,46
202511,7,LEBAK BULUS,32,0,32,53
202511,8,LEBAK BULUS,23,0,23,33
202511,9,LEBAK BULUS,30,0,30,48
202511,10,LEBAK BULUS,31,0,31,46
202511,11,LEBAK BULUS,30,0,30,47
202511,12,LEBAK BULUS,30,0,30,49
202511,13,LEBAK BULUS,30,0,30,46
202511,14,LEBAK BULUS,32,0,32,53
202511,15,LEBAK BULUS,23,0,23,33
202511,16,LEBAK BULUS,30,0,30,48
202511,17,LEBAK BULUS,31,0,31,46
202511,18,LEBAK BULUS,30,0,30,47
202511,19,LEBAK BULUS,30,0,30,49
202511,20,LEBAK BULUS,30,0,30,46
202511,21,LEBAK BULUS,32,0,32,53
202511,22,LEBAK BULUS,23,0,23,33
202511,23,LEBAK BULUS,30,0,30,48
202511,24,LEBAK BULUS,31,0,31,46
202511,25,LEBAK BULUS,30,0,30,47
202511,26,LEBAK BULUS,30,0,30,49
202511,27,LEBAK BULUS,30,0,30,46
202511,28,LEBAK BULUS,32,0,32,53
202511,29,LEBAK BULUS,23,0,23,33
202511,30,LEBAK BULUS,30,0,30,48
202511,1,PINANGRANTI,79,269,79,324
202511,2,PINANGRANTI,79,236,79,256
202511,3,PINANGRANTI,89,434,89,473
202511,4,PINANGRANTI,89,469,89,502
202511,5,PINANGRANTI,89,469,89,499
202511,6,PINANGRANTI,89,486,89,517
202504,14,PASAR MINGGU,113,235,113,247
202504,15,PASAR MINGGU,109,229,109,243
202504,16,PASAR MINGGU,106,230,106,241
202504,17,PASAR MINGGU,107,233,107,244
202504,18,PASAR MINGGU,109,236,109,252
202504,19,PASAR MINGGU,110,237,110,250
202504,20,PASAR MINGGU,110,238,110,254
202504,21,PASAR MINGGU,113,233,113,240
202504,22,PASAR MINGGU,107,226,107,233
202504,23,PASAR MINGGU,107,225,107,233
202504,24,PASAR MINGGU,105,222,105,230
202504,25,PASAR MINGGU,109,231,109,238
202504,26,PASAR MINGGU,112,238,112,243
202504,27,PASAR MINGGU,112,233,111,242
202504,28,PASAR MINGGU,108,228,111,238
202504,29,PASAR MINGGU,106,226,106,236
202504,30,PASAR MINGGU,112,238,112,251
202504,1,KAMPUNG MELAYU,187,1239,187,2069
202504,2,KAMPUNG MELAYU,228,1353,228,2552
202504,3,KAMPUNG MELAYU,263,2139,263,2220
202504,4,KAMPUNG MELAYU,189,1421,189,1472
202504,5,KAMPUNG MELAYU,281,2560,281,2810
202504,6,KAMPUNG MELAYU,323,2939,326,2834
202504,7,KAMPUNG MELAYU,322,2932,339,3311
202504,8,KAMPUNG MELAYU,422,5087,422,4148
202504,9,KAMPUNG MELAYU,370,4676,371,3938
202504,10,KAMPUNG MELAYU,339,4587,339,3884
202504,11,KAMPUNG MELAYU,342,4753,342,6247
202504,12,KAMPUNG MELAYU,409,4278,417,4652
202504,13,KAMPUNG MELAYU,249,2347,252,2243
202504,14,KAMPUNG MELAYU,317,3817,317,3944
202504,15,KAMPUNG MELAYU,295,4009,294,5549
202504,16,KAMPUNG MELAYU,301,3620,301,5308
202504,17,KAMPUNG MELAYU,298,3752,298,5256
202504,18,KAMPUNG MELAYU,282,2746,285,3501
202504,19,KAMPUNG MELAYU,214,3147,219,3499
202504,20,KAMPUNG MELAYU,237,2092,237,1941
202504,21,KAMPUNG MELAYU,370,4475,370,3625
202504,22,KAMPUNG MELAYU,363,5744,363,5649
202504,23,KAMPUNG MELAYU,323,4407,324,3997
202504,24,KAMPUNG MELAYU,370,3470,370,3625
202504,25,KAMPUNG MELAYU,376,5469,376,6895
202504,26,KAMPUNG MELAYU,276,3358,274,2924
202504,27,KAMPUNG MELAYU,295,2393,295,2793
202504,28,KAMPUNG MELAYU,342,3000,342,6252
202504,29,KAMPUNG MELAYU,381,3612,382,6039
202504,30,KAMPUNG MELAYU,380,6011,380,6874
202504,1,SENEN,241,1580,241,1797
202504,2,SENEN,239,1576,239,1768
202504,3,SENEN,239,1584,239,1757
202504,4,SENEN,238,1322,238,1670
202504,5,SENEN,191,1305,191,1673
202504,6,SENEN,188,1316,188,1804
202504,7,SENEN,237,1562,237,1768
202504,8,SENEN,241,1570,241,1781
202504,9,SENEN,240,1590,240,1763
202504,10,SENEN,238,1582,238,1768
202504,11,SENEN,237,1311,237,1668
202504,12,SENEN,191,1299,191,1674
202504,13,SENEN,188,1325,188,1796
202601,21,KAMPUNG MELAYU,439,8896,439,10114
202601,22,KAMPUNG MELAYU,317,6532,317,6284
202601,23,KAMPUNG MELAYU,378,7898,378,7252
202601,24,KAMPUNG MELAYU,363,4015,363,3278
202601,25,KAMPUNG MELAYU,271,2760,272,3139
202601,26,KAMPUNG MELAYU,301,4159,301,4625
202601,27,KAMPUNG MELAYU,324,7739,324,8140
202601,28,KAMPUNG MELAYU,254,3573,254,3570
202601,29,KAMPUNG MELAYU,338,6272,338,5613
202601,30,KAMPUNG MELAYU,360,7411,360,6430
202601,31,KAMPUNG MELAYU,218,3286,218,2767
202601,1,SENEN,240,1538,240,1912
202601,2,SENEN,237,1522,237,1899
202601,3,SENEN,191,1315,191,1806
202601,4,SENEN,188,1334,188,1813
202601,5,SENEN,242,1619,242,1800
202601,6,SENEN,242,1595,242,1780
202601,7,SENEN,209,1718,209,2158
202601,8,SENEN,240,1537,240,1904
202601,9,SENEN,237,1529,237,1913
202601,10,SENEN,191,1321,191,1807
202601,11,SENEN,188,1323,188,1701
202601,12,SENEN,242,1601,242,1789
202601,13,SENEN,242,1562,242,1782
202601,14,SENEN,238,1388,239,1706
202601,15,SENEN,240,1526,240,1912
202601,16,SENEN,237,1527,237,1908
202601,17,SENEN,191,1315,191,1796
202601,18,SENEN,102,996,102,1062
202601,19,SENEN,242,1607,242,1781
202601,20,SENEN,241,1583,241,1788
202601,21,SENEN,239,1378,239,1863
202601,22,SENEN,240,1540,240,1920
202601,23,SENEN,238,1532,238,1913
202601,24,SENEN,191,1318,191,1702
202601,25,SENEN,188,1335,188,1702
202601,26,SENEN,242,1610,242,1784
202601,27,SENEN,242,1576,242,1787
202601,28,SENEN,239,1373,239,1868
202601,29,SENEN,240,1546,240,1899
202601,30,SENEN,238,1534,238,1864
202601,31,SENEN,191,1321,191,1807
202601,1,MANGGARAI,36,4401,36,4450
202601,2,MANGGARAI,36,4773,36,4323
202601,3,MANGGARAI,36,4144,36,4204
202601,4,MANGGARAI,36,3074,36,2599
202601,5,MANGGARAI,46,7210,46,7204
202601,6,MANGGARAI,46,7345,46,7401
202601,7,MANGGARAI,46,8049,46,7509
202601,8,MANGGARAI,46,6476,46,6341
202601,9,MANGGARAI,46,5737,46,5803
202601,10,MANGGARAI,36,3801,36,4133
202601,11,MANGGARAI,36,2859,36,3022
202601,12,MANGGARAI,46,6212,46,6252
202601,13,MANGGARAI,46,6663,46,6721
202601,14,MANGGARAI,46,4996,46,5076
202601,15,MANGGARAI,46,6426,46,5742
202601,16,MANGGARAI,36,3410,36,3445
202601,17,MANGGARAI,36,3083,36,3888
202601,18,MANGGARAI,36,3167,36,2233
202601,19,MANGGARAI,46,6693,46,6687
202601,20,MANGGARAI,46,6687,46,6740
202505,3,SENEN,197,1311,197,1677
202505,4,SENEN,188,1327,188,1803
202505,5,SENEN,241,1574,241,1763
202505,6,SENEN,240,1365,240,1765
202505,7,SENEN,239,1581,239,1757
202505,8,SENEN,240,1371,239,1768
202505,9,SENEN,236,1304,236,1705
202505,10,SENEN,191,1302,191,1682
202505,11,SENEN,188,1334,188,1793
202505,12,SENEN,241,1572,241,1780
202505,13,SENEN,240,1357,240,1755
202505,14,SENEN,238,1576,238,1759
202505,15,SENEN,239,1363,239,1761
202505,16,SENEN,237,1311,237,1668
202505,17,SENEN,191,1313,191,1669
202505,18,SENEN,188,1317,188,1798
202505,19,SENEN,241,1577,241,1778
202505,20,SENEN,240,1366,240,1778
202505,21,SENEN,238,1575,238,1761
202505,22,SENEN,238,1369,238,1772
202505,23,SENEN,237,1318,237,1667
202505,24,SENEN,191,1303,191,1671
202505,25,SENEN,188,1320,188,1797
202505,26,SENEN,241,1573,241,1770
202505,27,SENEN,239,1367,239,1765
202505,28,SENEN,238,1581,238,1759
202505,29,SENEN,237,1371,237,1760
202505,30,SENEN,237,1315,237,1686
202505,31,SENEN,191,1314,191,1675
202505,1,MANGGARAI,36,4852,36,13023
202505,2,MANGGARAI,36,4973,36,13204
202505,3,MANGGARAI,24,2736,24,9659
202505,4,MANGGARAI,24,2815,24,9753
202505,5,MANGGARAI,36,4635,36,13006
202505,6,MANGGARAI,36,4728,36,13197
202505,7,MANGGARAI,36,4752,36,12905
202505,8,MANGGARAI,36,4864,36,13011
202505,9,MANGGARAI,36,4936,36,13199
202505,10,MANGGARAI,24,2736,24,9761
202505,11,MANGGARAI,24,2845,24,9664
202505,12,MANGGARAI,36,4825,36,13203
202505,13,MANGGARAI,36,4936,36,13034
202505,14,MANGGARAI,36,4735,36,13116
202505,15,MANGGARAI,36,4625,36,13016
202505,16,MANGGARAI,36,4736,36,13187
202505,17,MANGGARAI,24,2753,24,9753
202505,18,MANGGARAI,24,2835,24,9654
202505,19,MANGGARAI,36,4963,36,13200
202505,20,MANGGARAI,36,4735,36,12916
202505,21,MANGGARAI,36,4635,36,12791
202505,22,MANGGARAI,36,4528,36,13199
202505,23,MANGGARAI,36,4826,36,13041
202505,24,MANGGARAI,24,2836,24,9868
202505,25,MANGGARAI,24,2736,24,9444
202505,26,MANGGARAI,36,4716,36,12917
202505,27,MANGGARAI,36,4835,36,13201
202505,28,MANGGARAI,36,4725,36,12927
202505,29,MANGGARAI,24,2831,24,9763
202505,30,MANGGARAI,24,2736,24,9864
202505,31,MANGGARAI,24,2841,24,9661
202505,1,PULOGADUNG,218,1893,231,1970
202505,2,PULOGADUNG,217,1906,227,1964
202505,3,PULOGADUNG,232,1782,241,1903
202511,7,PINANGRANTI,89,518,89,559
202511,8,PINANGRANTI,79,363,79,385
202511,9,PINANGRANTI,79,340,79,358
202511,10,PINANGRANTI,89,519,89,544
202511,11,PINANGRANTI,89,553,89,577
202511,12,PINANGRANTI,89,574,89,615
202511,13,PINANGRANTI,89,593,89,623
202511,14,PINANGRANTI,89,559,89,607
202511,15,PINANGRANTI,79,355,79,374
202511,16,PINANGRANTI,79,378,79,402
202511,17,PINANGRANTI,89,607,89,669
202511,18,PINANGRANTI,89,641,89,701
202511,19,PINANGRANTI,89,607,89,658
202511,20,PINANGRANTI,89,631,89,656
202511,21,PINANGRANTI,89,656,89,673
202511,22,PINANGRANTI,79,382,79,409
202511,23,PINANGRANTI,79,376,79,405
202511,24,PINANGRANTI,89,612,89,647
202511,25,PINANGRANTI,89,639,89,677
202511,26,PINANGRANTI,89,648,89,684
202511,27,PINANGRANTI,89,689,89,760
202511,28,PINANGRANTI,89,674,89,728
202511,29,PINANGRANTI,79,348,79,360
202511,30,PINANGRANTI,79,351,79,368
202511,1,RAWAMANGUN,180,878,180,258
202511,2,RAWAMANGUN,180,857,180,269
202511,3,RAWAMANGUN,180,869,180,267
202511,4,RAWAMANGUN,180,850,180,270
202511,5,RAWAMANGUN,180,876,180,273
202511,6,RAWAMANGUN,180,864,180,275
202511,7,RAWAMANGUN,180,860,180,261
202511,8,RAWAMANGUN,180,871,180,272
202511,9,RAWAMANGUN,180,868,180,271
202511,10,RAWAMANGUN,180,876,180,268
202511,11,RAWAMANGUN,180,915,180,288
202511,12,RAWAMANGUN,180,884,180,274
202511,13,RAWAMANGUN,180,919,180,290
202511,14,RAWAMANGUN,180,910,180,263
202511,15,RAWAMANGUN,180,877,180,295
202511,16,RAWAMANGUN,180,874,180,267
202511,17,RAWAMANGUN,180,879,180,281
202511,18,RAWAMANGUN,180,881,180,281
202511,19,RAWAMANGUN,180,875,180,261
202511,20,RAWAMANGUN,180,892,180,279
202511,21,RAWAMANGUN,180,898,180,284
202511,22,RAWAMANGUN,180,872,180,273
202511,23,RAWAMANGUN,180,879,180,292
202511,24,RAWAMANGUN,180,890,180,283
202511,25,RAWAMANGUN,180,878,180,288
202511,26,RAWAMANGUN,180,868,180,284
202511,27,RAWAMANGUN,179,878,179,265
202511,28,RAWAMANGUN,156,619,156,211
202511,29,RAWAMANGUN,156,605,156,210
202511,30,RAWAMANGUN,156,602,156,207
202511,1,RAGUNAN,65,1126,65,1162
202511,2,RAGUNAN,61,1184,61,1215
202511,3,RAGUNAN,65,1132,65,1162
202511,4,RAGUNAN,65,1139,65,1151
202511,5,RAGUNAN,65,1152,65,1192
202511,6,RAGUNAN,65,1143,65,1142
202511,7,RAGUNAN,65,1142,65,1151
202511,8,RAGUNAN,62,1205,62,1185
202504,14,SENEN,241,1576,241,1769
202504,15,SENEN,241,1570,241,1790
202504,16,SENEN,238,1591,238,1754
202504,17,SENEN,240,1367,240,1769
202504,18,SENEN,236,1318,236,1707
202504,19,SENEN,191,1305,191,1672
202504,20,SENEN,188,1328,188,1798
202504,21,SENEN,241,1582,241,1766
202504,22,SENEN,241,1587,241,1788
202504,23,SENEN,240,1352,240,1758
202504,24,SENEN,240,1373,240,1751
202504,25,SENEN,236,1304,236,1705
202504,26,SENEN,191,1310,191,1679
202504,27,SENEN,188,1340,188,1806
202504,28,SENEN,241,1576,241,1776
202504,29,SENEN,240,1375,240,1757
202504,30,SENEN,239,1576,239,1751
202504,1,MANGGARAI,24,2732,24,9770
202504,2,MANGGARAI,24,2851,24,9679
202504,3,MANGGARAI,24,2886,24,9839
202504,4,MANGGARAI,24,2774,24,9786
202504,5,MANGGARAI,24,2792,24,9709
202504,6,MANGGARAI,24,2843,24,9906
202504,7,MANGGARAI,24,2651,24,9797
202504,8,MANGGARAI,36,4736,36,13092
202504,9,MANGGARAI,36,4825,36,13016
202504,10,MANGGARAI,36,4715,36,12908
202504,11,MANGGARAI,36,4825,36,13026
202504,12,MANGGARAI,24,2625,24,9776
202504,13,MANGGARAI,24,2735,24,9854
202504,14,MANGGARAI,36,4736,36,13218
202504,15,MANGGARAI,36,4925,36,12991
202504,16,MANGGARAI,36,4853,36,13178
202504,17,MANGGARAI,36,4635,36,12917
202504,18,MANGGARAI,36,4723,36,13135
202504,19,MANGGARAI,24,2743,24,9754
202504,20,MANGGARAI,24,2613,24,9657
202504,21,MANGGARAI,36,4732,36,13018
202504,22,MANGGARAI,36,4825,36,13189
202504,23,MANGGARAI,36,4725,36,12916
202504,24,MANGGARAI,36,4635,36,13017
202504,25,MANGGARAI,36,4712,36,13060
202504,26,MANGGARAI,24,2735,24,9750
202504,27,MANGGARAI,24,2832,24,9651
202504,28,MANGGARAI,36,4623,36,13020
202504,29,MANGGARAI,36,4852,36,13187
202504,30,MANGGARAI,36,4925,36,13322
202504,1,PULOGADUNG,236,1894,238,1996
202504,2,PULOGADUNG,219,1572,237,1957
202504,3,PULOGADUNG,226,1680,238,1926
202504,4,PULOGADUNG,218,1943,221,2021
202504,5,PULOGADUNG,234,1979,243,1967
202504,6,PULOGADUNG,224,1662,242,1960
202504,7,PULOGADUNG,217,1897,217,2022
202504,8,PULOGADUNG,219,1931,209,2031
202504,9,PULOGADUNG,229,1941,236,1945
202504,10,PULOGADUNG,231,1690,240,1875
202504,11,PULOGADUNG,214,1664,240,1984
202504,12,PULOGADUNG,226,1973,242,2031
202504,13,PULOGADUNG,221,1997,220,2074
202504,14,PULOGADUNG,243,1904,232,2000
202504,15,PULOGADUNG,262,1994,233,2071
202601,21,MANGGARAI,46,6412,46,3971
202601,22,MANGGARAI,46,4723,46,6569
202601,23,MANGGARAI,46,5419,46,5961
202601,24,MANGGARAI,36,4546,36,3046
202601,25,MANGGARAI,36,2909,36,2955
202601,26,MANGGARAI,46,2456,46,2614
202601,27,MANGGARAI,46,5306,46,5488
202601,28,MANGGARAI,46,4967,46,4750
202601,29,MANGGARAI,46,6052,46,6095
202601,30,MANGGARAI,46,6161,46,6227
202601,31,MANGGARAI,36,4593,36,4638
202601,1,PULOGADUNG,222,1943,222,1951
202601,2,PULOGADUNG,227,1990,226,2008
202601,3,PULOGADUNG,221,1814,222,1791
202601,4,PULOGADUNG,223,1829,222,1802
202601,5,PULOGADUNG,230,2039,226,2229
202601,6,PULOGADUNG,226,2021,225,2227
202601,7,PULOGADUNG,226,2005,227,2027
202601,8,PULOGADUNG,227,2007,224,2019
202601,9,PULOGADUNG,227,2022,225,2203
202601,10,PULOGADUNG,219,1876,218,1891
202601,11,PULOGADUNG,224,1959,222,1951
202601,12,PULOGADUNG,229,2023,226,2015
202601,13,PULOGADUNG,225,2000,223,1974
202601,14,PULOGADUNG,228,2039,226,2030
202601,15,PULOGADUNG,222,1998,223,1995
202601,16,PULOGADUNG,218,1870,217,1876
202601,17,PULOGADUNG,221,1810,218,1847
202601,18,PULOGADUNG,221,1832,219,1851
202601,19,PULOGADUNG,228,1985,225,1999
202601,20,PULOGADUNG,224,1988,224,2003
202601,21,PULOGADUNG,225,1986,224,2022
202601,22,PULOGADUNG,225,1891,222,1893
202601,23,PULOGADUNG,217,1806,218,1836
202601,24,PULOGADUNG,218,1821,216,1821
202601,25,PULOGADUNG,217,1824,217,1834
202601,26,PULOGADUNG,226,1985,223,2006
202601,27,PULOGADUNG,225,2003,223,2003
202601,28,PULOGADUNG,226,2005,224,2022
202601,29,PULOGADUNG,223,1981,223,2007
202601,30,PULOGADUNG,226,2001,222,1999
202601,31,PULOGADUNG,218,1824,220,1851
202602,1,KAMPUNG RAMBUTAN,104,834,60,326
202602,2,KAMPUNG RAMBUTAN,90,584,79,480
202602,3,KAMPUNG RAMBUTAN,82,518,54,430
202602,4,KAMPUNG RAMBUTAN,76,426,70,437
202602,5,KAMPUNG RAMBUTAN,73,439,76,449
202602,6,KAMPUNG RAMBUTAN,82,444,78,511
202602,7,KAMPUNG RAMBUTAN,94,651,62,388
202602,8,KAMPUNG RAMBUTAN,103,713,76,490
202602,9,KAMPUNG RAMBUTAN,92,598,67,312
202602,10,KAMPUNG RAMBUTAN,71,463,57,365
202602,11,KAMPUNG RAMBUTAN,70,470,74,501
202602,12,KAMPUNG RAMBUTAN,80,563,57,479
202602,13,KAMPUNG RAMBUTAN,107,855,99,1922
202602,14,KAMPUNG RAMBUTAN,101,750,91,1258
202602,15,KAMPUNG RAMBUTAN,101,624,98,944
202602,16,KAMPUNG RAMBUTAN,104,828,78,557
202602,17,KAMPUNG RAMBUTAN,119,977,70,479
202602,18,KAMPUNG RAMBUTAN,116,868,59,330
202505,4,PULOGADUNG,244,1892,241,1995
202505,5,PULOGADUNG,236,1945,235,1964
202505,6,PULOGADUNG,223,1935,244,1920
202505,7,PULOGADUNG,219,1954,220,2050
202505,8,PULOGADUNG,228,1945,230,2004
202505,9,PULOGADUNG,221,2014,234,1965
202505,10,PULOGADUNG,259,2012,241,2069
202505,11,PULOGADUNG,219,1964,221,2028
202505,12,PULOGADUNG,231,1956,237,2020
202505,13,PULOGADUNG,240,1863,237,1941
202505,14,PULOGADUNG,218,1916,221,2031
202505,15,PULOGADUNG,228,1810,230,2038
202505,16,PULOGADUNG,215,1903,241,1978
202505,17,PULOGADUNG,227,1871,237,1981
202505,18,PULOGADUNG,219,1717,230,2001
202505,19,PULOGADUNG,224,2016,233,1985
202505,20,PULOGADUNG,218,1919,241,1961
202505,21,PULOGADUNG,237,1977,224,1996
202505,22,PULOGADUNG,219,1953,222,2029
202505,23,PULOGADUNG,220,1911,219,2055
202505,24,PULOGADUNG,229,1972,224,2020
202505,25,PULOGADUNG,218,1940,218,1999
202505,26,PULOGADUNG,258,2012,261,2049
202505,27,PULOGADUNG,245,1884,245,2017
202505,28,PULOGADUNG,221,1854,250,1966
202505,29,PULOGADUNG,229,1990,242,2006
202505,30,PULOGADUNG,235,1962,246,2017
202505,31,PULOGADUNG,232,1941,249,2026
202508,15,GROGOL,128,42,128,186
202508,16,GROGOL,123,38,123,164
202508,17,GROGOL,114,42,114,124
202508,18,GROGOL,105,56,105,112
202508,19,GROGOL,111,51,111,118
202508,20,GROGOL,115,46,115,127
202508,21,GROGOL,121,39,121,142
202508,22,GROGOL,131,32,131,154
202508,23,GROGOL,119,46,119,126
202508,24,GROGOL,116,49,116,117
202508,25,GROGOL,107,53,107,102
202508,26,GROGOL,102,44,102,94
202508,27,GROGOL,114,51,114,111
202508,28,GROGOL,119,43,119,123
202508,29,GROGOL,116,36,116,134
202508,30,GROGOL,119,31,119,127
202508,31,GROGOL,106,26,106,111
202508,1,MUARA ANGKE,5,41,5,60
202508,2,MUARA ANGKE,5,36,5,67
202508,3,MUARA ANGKE,5,39,5,61
202508,4,MUARA ANGKE,5,59,5,51
202508,5,MUARA ANGKE,5,50,5,55
202508,6,MUARA ANGKE,5,47,5,52
202508,7,MUARA ANGKE,5,51,5,57
202508,8,MUARA ANGKE,5,43,5,62
202508,9,MUARA ANGKE,5,40,5,67
202508,10,MUARA ANGKE,5,57,5,59
202508,11,MUARA ANGKE,5,62,5,50
202508,12,MUARA ANGKE,5,51,5,47
202508,13,MUARA ANGKE,5,50,5,55
202508,14,MUARA ANGKE,5,48,5,61
202508,15,MUARA ANGKE,5,51,5,68
202508,16,MUARA ANGKE,5,48,5,60
202508,17,MUARA ANGKE,5,52,5,63
202511,8,CILILITAN,195,7655,195,8804
202511,9,CILILITAN,195,7990,195,8139
202511,10,CILILITAN,236,11206,236,11595
202511,9,RAGUNAN,62,1243,62,1219
202511,10,RAGUNAN,63,1105,63,1123
202511,11,RAGUNAN,63,1118,63,1149
202511,12,RAGUNAN,65,1150,65,1174
202511,13,RAGUNAN,65,1128,65,1167
202511,14,RAGUNAN,66,1133,66,1181
202511,15,RAGUNAN,62,1175,62,1203
202511,16,RAGUNAN,61,1177,61,1209
202511,17,RAGUNAN,65,1125,65,1137
202511,18,RAGUNAN,64,1146,64,1166
202511,19,RAGUNAN,65,1131,65,1149
202511,20,RAGUNAN,65,1164,65,1160
202511,21,RAGUNAN,66,1147,66,1166
202511,22,RAGUNAN,62,1181,62,1234
202511,23,RAGUNAN,61,1139,61,1206
202511,24,RAGUNAN,65,1106,65,1119
202511,25,RAGUNAN,65,1135,65,1133
202511,26,RAGUNAN,65,1144,65,1159
202511,27,RAGUNAN,65,1145,65,1157
202511,28,RAGUNAN,66,1137,66,1166
202511,29,RAGUNAN,62,1174,62,1171
202511,30,RAGUNAN,62,1189,62,1172
202511,1,BLOK M,429,5541,429,5609
202511,2,BLOK M,351,4592,351,4937
202511,3,BLOK M,425,5506,425,5598
202511,4,BLOK M,424,5483,424,5597
202511,5,BLOK M,426,5590,426,5660
202511,6,BLOK M,428,5156,428,5369
202511,7,BLOK M,429,5501,429,5631
202511,8,BLOK M,353,4506,353,4902
202511,9,BLOK M,350,4459,350,4851
202511,10,BLOK M,417,5091,417,5325
202511,11,BLOK M,418,5456,418,5575
202511,12,BLOK M,415,5476,415,5594
202511,13,BLOK M,422,5436,422,5561
202511,14,BLOK M,423,5382,423,5533
202511,15,BLOK M,355,4649,355,4975
202511,16,BLOK M,345,4601,345,4935
202511,17,BLOK M,409,5309,409,5480
202511,18,BLOK M,405,5398,405,5533
202511,19,BLOK M,408,5474,408,5582
202511,20,BLOK M,412,5535,412,5635
202511,21,BLOK M,427,5516,427,5677
202511,22,BLOK M,348,4786,348,5072
202511,23,BLOK M,352,4749,352,5028
202511,24,BLOK M,434,5482,434,5649
202511,25,BLOK M,419,5231,419,5463
202511,26,BLOK M,420,5416,420,5590
202511,27,BLOK M,413,5471,413,5590
202511,28,BLOK M,429,5482,429,5639
202511,29,BLOK M,353,4818,353,5102
202511,30,BLOK M,349,4446,349,4861
202511,1,CILILITAN,235,11707,235,11994
202511,2,CILILITAN,224,10608,224,11328
202511,3,CILILITAN,236,10583,236,12314
202511,4,CILILITAN,236,11075,236,12651
202511,5,CILILITAN,236,10952,236,12573
202511,6,CILILITAN,236,11178,236,12633
202511,7,CILILITAN,236,11383,236,12887
202504,16,PULOGADUNG,236,1970,231,1966
202504,17,PULOGADUNG,246,1921,212,2004
202504,18,PULOGADUNG,237,1834,231,1975
202504,19,PULOGADUNG,245,1810,235,2000
202504,20,PULOGADUNG,228,1812,234,1912
202504,21,PULOGADUNG,227,1958,237,1977
202504,22,PULOGADUNG,239,1946,243,2007
202504,23,PULOGADUNG,243,1929,244,1974
202504,24,PULOGADUNG,240,1937,238,1999
202504,25,PULOGADUNG,234,1931,241,1925
202504,26,PULOGADUNG,233,1975,244,2026
202504,27,PULOGADUNG,229,1713,237,1907
202504,28,PULOGADUNG,224,1920,233,2040
202504,29,PULOGADUNG,225,1930,239,1998
202504,30,PULOGADUNG,235,1887,242,1963
202508,1,KAMPUNG RAMBUTAN,208,1204,70,513
202508,2,KAMPUNG RAMBUTAN,219,1156,79,508
202508,3,KAMPUNG RAMBUTAN,239,1219,57,538
202508,4,KAMPUNG RAMBUTAN,242,1006,55,508
202508,5,KAMPUNG RAMBUTAN,208,814,67,477
202508,6,KAMPUNG RAMBUTAN,210,804,64,487
202508,7,KAMPUNG RAMBUTAN,216,1168,59,386
202508,8,KAMPUNG RAMBUTAN,217,932,84,579
202508,9,KAMPUNG RAMBUTAN,213,1146,81,448
202508,10,KAMPUNG RAMBUTAN,209,1092,63,496
202508,11,KAMPUNG RAMBUTAN,197,1051,66,415
202508,12,KAMPUNG RAMBUTAN,193,887,60,479
202508,13,KAMPUNG RAMBUTAN,257,933,54,433
202508,14,KAMPUNG RAMBUTAN,250,947,67,407
202508,15,KAMPUNG RAMBUTAN,213,942,105,930
202508,16,KAMPUNG RAMBUTAN,213,873,84,813
202508,17,KAMPUNG RAMBUTAN,207,852,75,505
202508,18,KAMPUNG RAMBUTAN,224,1186,89,532
202508,19,KAMPUNG RAMBUTAN,215,929,65,540
202508,20,KAMPUNG RAMBUTAN,202,976,66,438
202508,21,KAMPUNG RAMBUTAN,211,821,72,368
202508,22,KAMPUNG RAMBUTAN,217,872,74,436
202508,23,KAMPUNG RAMBUTAN,218,958,72,506
202508,24,KAMPUNG RAMBUTAN,224,1109,74,411
202508,25,KAMPUNG RAMBUTAN,218,901,70,359
202508,26,KAMPUNG RAMBUTAN,179,923,69,441
202508,27,KAMPUNG RAMBUTAN,198,879,68,339
202508,28,KAMPUNG RAMBUTAN,194,863,61,439
202508,29,KAMPUNG RAMBUTAN,185,945,56,455
202508,30,KAMPUNG RAMBUTAN,199,842,51,413
202508,31,KAMPUNG RAMBUTAN,218,887,74,413
202508,1,KALIDERES,89,645,78,696
202508,2,KALIDERES,95,664,83,745
202508,3,KALIDERES,99,688,80,704
202508,4,KALIDERES,88,737,75,672
202508,5,KALIDERES,83,693,73,647
202508,6,KALIDERES,80,656,70,629
202508,7,KALIDERES,84,621,74,658
202508,8,KALIDERES,87,642,77,681
202508,9,KALIDERES,94,665,83,733
202508,10,KALIDERES,90,689,79,696
202508,11,KALIDERES,86,724,76,665
202508,12,KALIDERES,83,698,73,634
202508,13,KALIDERES,80,657,70,612
202508,14,KALIDERES,84,623,74,647
